cgpa,project_score,sports_score,internships,certifications,workshops,clubs,problemSolvingRank,extraPoints,coPoints,attendance,tier
7.5,411,208,0,1,0,1,1829,86,44,96,2
9.8,277,365,1,5,0,0,2334,22,47,73,2
8.93,492,166,2,2,4,2,877,29,63,76,1
8.39,15,245,1,5,2,3,76,100,59,68,1
6.62,12,244,2,5,4,0,1435,41,18,83,2
6.62,355,165,2,4,5,2,2298,19,58,69,2
6.23,355,295,0,2,2,4,2126,10,41,85,2
9.46,317,402,3,1,3,3,2815,87,100,63,2
8.4,426,210,4,0,2,1,885,56,14,63,1
8.83,86,491,3,7,1,4,2945,81,50,86,2
6.08,77,132,2,4,2,4,1018,26,81,74,2
9.88,415,196,3,4,4,4,1650,52,79,74,1
9.33,66,397,2,0,0,2,1905,6,34,71,2
6.85,346,346,1,4,0,0,840,47,59,90,1
6.73,210,48,1,4,2,4,1256,84,10,71,2
6.73,213,63,0,4,3,0,2586,78,6,94,2
7.22,184,111,4,7,0,4,1882,71,29,69,1
8.1,448,355,1,7,5,2,2737,91,45,79,2
7.73,452,184,4,2,0,0,428,84,4,82,1
7.16,432,103,0,2,5,1,2603,71,65,83,2
8.45,32,418,4,3,5,3,49,91,44,75,1
6.56,114,212,1,3,5,4,180,97,0,62,2
7.17,274,4,1,2,0,4,327,78,18,66,1
7.47,419,118,3,4,3,2,672,36,54,62,1
7.82,498,343,3,1,4,3,1642,90,46,85,1
9.14,197,248,3,0,2,0,113,40,22,74,1
6.8,379,166,4,3,5,4,1274,25,37,61,1
8.06,142,382,1,6,3,1,530,75,15,71,1
8.37,227,241,0,6,2,1,2006,62,13,90,2
6.19,119,279,2,4,1,2,1821,97,67,65,2
8.43,352,423,1,6,5,4,1696,94,5,91,1
6.68,23,362,3,3,2,2,182,2,3,66,1
6.26,26,237,3,7,5,3,497,89,68,91,1
9.8,432,305,4,5,0,1,2644,56,34,84,1
9.86,74,204,3,7,3,1,2731,53,25,74,1
9.23,240,485,4,1,5,2,681,69,8,78,1
7.22,22,492,0,5,3,3,904,57,48,98,2
6.39,160,313,3,4,4,0,2859,19,68,96,2
8.74,40,0,4,6,1,3,2995,50,24,79,2
7.76,237,170,3,7,4,2,136,39,44,79,1
6.49,238,166,4,2,4,2,1661,16,81,73,1
7.98,55,393,1,1,1,3,1454,40,29,85,2
6.14,412,257,4,3,0,2,545,64,59,65,1
9.64,414,62,2,6,3,1,314,12,31,66,1
7.04,448,271,0,7,2,2,2127,81,98,69,2
8.65,97,36,1,4,1,0,350,63,83,85,1
7.25,145,15,0,7,4,1,1989,84,30,68,2
8.08,465,253,1,5,2,4,83,51,83,63,1
8.19,261,342,3,7,5,1,874,11,90,82,1
6.74,435,345,4,4,1,1,2699,63,49,70,1
9.88,39,335,3,0,5,1,485,43,60,84,1
9.1,192,26,0,6,1,3,330,11,16,92,1
9.76,238,446,0,0,0,4,2928,25,50,67,2
9.58,41,110,1,5,5,0,2688,41,14,70,2
8.39,221,232,0,0,0,1,1953,27,11,89,2
9.69,195,477,4,2,3,3,445,43,10,81,1
6.35,287,63,0,4,3,2,1112,88,71,62,2
6.78,9,96,3,4,2,4,1565,84,66,94,2
6.18,234,415,4,3,3,0,1767,47,96,65,1
7.3,324,392,0,6,5,4,1179,49,24,97,2
7.55,264,266,2,7,5,0,2062,10,37,79,1
7.09,68,484,2,6,1,0,509,72,80,100,1
9.31,444,325,3,6,1,2,549,98,95,72,1
7.43,138,413,1,2,1,0,1508,35,48,88,2
7.12,354,231,1,6,5,2,1240,28,21,96,1
8.17,218,398,0,6,1,1,1073,39,66,89,1
6.56,195,442,4,6,0,4,1771,16,23,98,1
9.21,73,47,1,0,1,0,2810,36,83,80,2
6.3,102,349,2,4,1,2,2013,48,61,79,2
9.95,224,209,1,0,1,1,2063,71,14,78,2
9.09,122,75,2,1,4,4,517,52,44,84,1
6.79,101,246,1,2,5,1,1006,68,40,93,2
6.02,263,315,3,0,5,3,2791,22,5,99,2
9.26,432,67,4,2,2,4,1837,53,49,63,1
8.83,407,312,0,7,5,2,897,9,41,72,1
8.92,486,63,2,5,2,0,2351,46,65,62,1
9.09,160,181,1,6,1,2,290,78,96,70,1
6.3,232,79,0,4,5,2,1000,79,77,96,2
7.43,490,342,2,1,1,2,136,26,59,79,1
6.46,274,202,2,3,2,4,238,31,7,93,1
9.45,257,181,3,6,3,4,87,55,81,67,1
8.49,310,442,1,1,4,3,2276,50,8,73,2
7.32,138,471,0,2,4,1,2853,45,56,82,3
6.25,226,213,1,1,5,2,430,34,73,65,2
7.24,272,422,1,4,3,3,763,100,26,67,1
7.3,425,119,4,2,1,3,1604,87,39,73,1
8.92,316,398,2,6,2,4,1735,30,73,81,1
8.55,386,240,2,2,4,1,1508,34,82,81,1
9.55,85,334,4,4,3,3,598,79,27,85,1
7.89,290,201,4,5,3,0,1899,61,76,70,1
6.48,468,411,1,0,0,3,2539,35,88,73,2
8.85,216,291,2,7,5,4,1839,75,24,77,1
9.04,358,53,0,3,3,2,2085,59,9,67,2
8.25,65,144,3,7,0,4,200,79,30,70,1
9.08,256,355,4,5,0,4,1492,48,4,93,1
7.98,134,85,0,6,5,1,2091,68,77,61,2
8.09,403,470,0,5,4,0,1305,68,78,77,1
7.71,426,476,1,7,1,0,2802,19,27,71,2
6.1,374,21,4,1,1,1,2534,47,72,62,2
6.43,389,330,0,6,3,1,2706,37,71,80,2
6.13,54,291,3,6,2,3,1971,99,12,78,2
8.55,355,235,0,5,2,0,764,54,70,63,1
7.26,242,28,3,3,0,4,302,95,67,93,1
8.03,251,182,3,6,5,3,2763,10,20,73,2
9.63,20,425,3,7,3,0,1979,74,16,85,1
7.0,306,159,4,6,3,2,334,48,52,87,1
7.64,429,397,3,3,1,4,1278,91,1,76,1
9.02,162,17,4,5,2,4,854,11,32,79,1
6.92,355,37,0,4,4,3,237,45,33,75,1
6.31,263,100,3,0,5,0,2743,30,7,86,2
7.16,497,289,2,3,3,1,2383,39,91,78,2
6.64,67,376,0,2,3,2,2821,93,72,81,3
9.72,106,172,2,5,1,4,113,83,49,62,1
9.23,399,342,2,6,4,1,389,26,0,91,1
8.53,66,415,1,0,4,1,889,24,93,72,2
9.49,198,365,4,4,4,1,690,49,44,72,1
9.21,191,66,1,5,5,1,1427,97,31,85,1
6.75,1,190,4,3,4,3,2722,34,61,94,2
9.57,256,438,1,5,2,4,2357,42,94,73,2
8.16,441,42,0,4,5,1,1045,51,67,94,1
9.23,0,122,2,1,0,1,1325,4,35,79,2
9.58,357,277,0,4,4,0,1596,38,14,69,1
7.27,114,342,4,2,0,4,1973,62,77,79,2
6.44,390,195,2,4,0,2,2520,71,48,82,2
6.91,87,332,2,0,1,1,2851,18,17,68,3
7.71,196,124,4,1,4,3,1874,17,10,70,2
9.27,468,95,0,5,2,1,2809,79,76,75,2
9.44,91,377,2,5,1,1,14,82,79,80,1
6.03,273,156,0,2,1,1,1622,78,14,71,2
8.04,343,39,0,1,0,4,615,92,74,64,2
7.67,159,359,0,2,3,4,2270,78,10,61,2
6.89,172,172,2,7,2,1,1292,28,90,75,1
6.48,32,374,3,5,5,3,689,16,54,67,1
7.35,457,393,1,1,4,2,1740,14,58,97,2
9.77,72,460,4,7,4,0,1143,39,67,77,1
7.29,432,172,0,7,2,2,2152,74,89,65,2
8.08,416,119,2,3,4,3,732,2,62,90,1
8.81,480,272,4,4,3,3,1490,76,56,63,1
7.45,454,357,3,0,5,2,1397,37,25,72,1
9.89,195,385,3,0,3,2,665,8,14,83,1
9.85,283,400,2,3,4,1,883,83,76,69,1
7.01,86,363,0,6,1,2,2800,47,85,97,2
7.99,308,345,3,1,5,2,1051,89,84,71,1
7.2,223,374,3,4,5,1,2206,56,10,62,2
7.14,43,421,3,3,4,3,1739,75,57,77,2
6.15,335,420,2,1,4,4,2747,48,65,89,2
8.44,493,318,4,4,2,1,1965,94,74,84,1
8.01,438,260,1,7,3,2,1205,1,89,60,1
6.21,137,280,2,1,5,0,2638,32,40,65,2
7.11,269,328,0,0,1,2,301,15,14,96,2
9.63,358,123,2,4,2,0,2493,4,76,93,1
6.96,35,475,2,0,2,1,267,52,78,74,2
6.58,33,277,1,0,1,4,78,80,55,73,2
7.96,87,92,1,4,1,4,2671,62,50,100,2
9.94,145,446,1,3,2,0,1750,55,49,100,2
6.97,15,34,4,1,4,3,1226,31,18,65,2
8.69,232,310,2,4,1,0,228,14,43,100,1
9.05,420,127,0,5,5,0,1048,60,74,96,1
6.95,40,19,1,0,0,1,2593,11,75,61,3
8.91,254,260,1,7,1,2,2454,16,86,65,2
7.47,280,166,2,7,5,3,1139,9,0,90,1
8.53,125,318,0,1,2,0,2851,89,93,71,3
8.53,7,235,1,4,0,1,1089,43,38,60,2
8.14,471,31,2,3,2,3,1882,91,22,94,1
6.36,467,230,3,4,3,4,1457,27,88,82,1
9.34,367,190,4,4,3,4,1090,86,43,78,1
7.28,349,329,2,2,4,1,2478,19,20,65,2
6.75,339,423,1,7,1,3,2693,80,27,61,2
6.16,401,144,0,5,2,2,679,51,10,82,2
8.36,323,100,3,1,0,1,79,7,23,87,1
8.71,175,78,0,4,5,2,733,78,11,81,1
6.07,227,456,0,0,1,0,1459,86,59,95,2
8.05,453,159,0,0,4,2,2453,77,66,61,2
6.91,322,254,2,2,2,1,2548,26,32,76,2
8.58,401,278,2,0,5,3,2465,76,76,94,2
6.7,366,458,4,4,5,2,2583,38,65,70,2
8.76,487,187,3,1,2,0,72,88,41,81,1
7.55,17,460,0,2,3,3,166,89,43,68,2
9.75,55,209,1,5,4,4,2479,62,56,61,2
6.55,406,240,0,6,5,4,769,74,15,65,1
7.36,34,55,3,2,2,3,2858,37,83,96,2
6.45,389,136,0,7,3,1,324,72,95,70,1
9.7,117,105,2,3,3,2,1998,96,86,70,2
9.51,281,68,2,3,0,2,2764,50,61,81,2
7.03,253,189,3,1,5,3,1561,79,9,96,2
8.64,212,191,4,7,4,2,1652,83,62,64,1
9.27,60,490,0,7,4,4,368,6,22,84,1
8.22,87,277,3,1,2,3,185,32,80,65,1
8.12,270,31,1,6,0,2,2228,76,49,68,2
6.97,346,174,1,2,1,0,1927,46,71,62,2
6.37,31,257,4,4,2,1,903,34,3,85,1
9.59,395,122,2,4,3,0,952,67,71,76,1
9.6,132,84,3,3,1,0,1959,62,22,74,1
8.53,63,475,0,1,1,2,2131,94,33,62,2
7.36,198,435,3,6,5,3,751,93,53,88,1
7.4,255,215,4,1,2,4,1788,2,96,88,1
8.9,341,215,3,4,5,3,118,40,13,90,1
9.59,154,13,4,3,0,2,650,90,84,78,1
9.55,462,36,4,4,4,2,876,31,3,99,1
9.12,230,26,4,4,0,4,676,46,89,96,1
8.57,300,151,3,2,2,0,643,37,81,65,1
6.34,34,63,1,1,4,0,2381,5,45,60,3
6.65,25,69,0,2,1,3,397,61,36,69,2
9.59,22,153,4,2,3,1,1200,7,64,68,1
8.43,140,437,2,4,5,2,2672,53,61,98,2
6.04,473,252,4,3,0,4,2691,87,66,74,2
6.41,386,270,3,4,5,3,1599,78,90,80,1
8.65,284,28,4,5,5,4,2033,24,58,87,1
6.02,449,483,2,3,4,0,1666,26,79,79,2
6.64,319,73,1,6,0,0,1981,12,54,92,2
8.19,155,283,3,1,4,3,1979,83,35,92,2
8.77,470,58,3,5,3,1,779,4,22,94,1
8.61,419,242,3,5,5,0,2886,70,31,63,1
6.9,112,328,2,5,2,4,2883,57,77,87,2
8.85,389,148,3,0,2,2,608,68,47,95,1
6.95,138,9,1,1,4,2,1412,27,38,80,2
7.3,421,131,0,4,4,1,751,36,10,64,1
8.99,373,61,0,3,2,3,541,92,60,73,1
8.6,417,387,4,5,1,1,145,36,2,71,1
9.4,208,382,0,0,1,4,991,6,14,65,2
8.63,322,261,2,5,1,1,2723,45,7,86,2
8.27,363,217,0,3,3,2,1712,89,89,95,2
6.37,429,231,2,6,4,0,1111,57,83,71,1
7.47,481,335,2,3,0,0,2352,82,44,60,2
7.06,85,71,4,6,0,3,1017,73,49,65,1
6.98,284,475,0,0,4,4,961,55,65,83,2
9.89,59,15,4,7,2,3,2677,83,32,76,1
7.57,53,37,3,0,4,1,1227,94,48,94,2
9.57,92,176,1,7,1,1,1281,99,16,64,1
8.52,324,444,0,1,1,1,1671,5,40,98,2
9.18,457,320,3,2,0,4,2637,78,18,68,1
8.01,457,381,3,5,4,0,374,87,75,75,1
8.31,372,82,4,0,0,2,1620,29,10,67,1
7.97,264,433,4,5,2,2,1734,8,59,77,1
6.78,381,16,1,2,5,1,1822,64,20,90,2
8.89,212,368,1,2,5,1,1905,49,43,77,2
7.12,332,155,1,2,5,1,1606,14,90,81,2
6.1,9,171,1,6,3,4,611,57,22,83,2
8.58,357,395,4,2,3,2,2132,5,78,79,1
6.71,202,69,2,0,2,3,166,78,85,79,1
9.76,195,70,4,5,1,0,2206,70,12,76,1
9.82,57,254,2,3,1,3,499,45,45,61,1
9.66,493,455,4,5,1,0,1121,90,52,93,1
7.48,255,130,4,5,0,4,310,9,56,97,1
6.06,222,48,1,0,5,0,2015,95,54,75,2
9.71,368,20,2,0,0,4,1936,84,10,98,1
7.71,179,391,3,4,3,2,1296,43,80,86,1
9.87,417,319,3,4,1,0,2331,36,14,63,1
9.85,361,219,3,1,1,1,2660,53,39,77,1
9.41,34,186,1,2,5,1,1814,99,97,69,2
7.18,358,413,3,2,2,4,1070,77,14,61,1
7.54,102,31,4,4,3,2,2433,38,12,77,2
9.4,160,202,1,3,5,4,502,59,28,90,1
7.27,199,275,3,1,0,3,1948,40,36,95,2
6.68,159,241,1,5,3,3,1697,47,66,99,2
8.23,182,15,4,3,5,3,2015,77,58,85,1
9.74,352,408,1,4,1,1,313,1,47,71,1
8.78,135,315,3,5,1,3,326,23,57,62,1
8.28,429,172,1,3,0,0,1732,9,41,97,2
6.39,397,136,0,2,0,3,954,41,9,89,2
8.46,225,178,3,7,3,1,516,5,15,95,1
9.96,391,358,4,7,4,0,1034,2,48,77,1
6.56,242,60,2,4,1,2,775,61,92,72,1
8.07,105,496,1,5,1,4,987,33,81,62,1
9.51,70,423,1,3,4,4,2361,89,99,63,2
8.96,76,103,3,1,3,0,2950,73,53,71,2
8.79,53,316,3,1,2,0,420,37,98,70,1
8.81,276,194,0,0,2,4,2139,53,61,70,2
7.44,110,255,4,6,1,4,1099,84,65,80,1
7.17,223,463,1,5,2,0,1034,24,88,82,1
9.24,74,75,1,4,3,4,450,65,88,76,1
9.24,13,270,2,4,2,2,664,35,91,60,1
9.47,458,180,1,7,0,3,2403,64,100,97,1
9.65,257,131,1,5,3,3,2978,43,42,91,2
8.05,481,150,0,4,4,2,2482,35,46,66,2
8.01,188,154,2,2,1,3,2689,43,18,73,2
9.19,363,358,1,7,3,3,411,87,16,60,1
8.6,238,234,1,2,2,3,2055,73,85,97,2
8.81,400,247,4,4,3,1,1266,34,81,68,1
9.18,333,164,1,7,5,2,500,59,25,89,1
9.56,472,204,0,5,4,4,230,85,78,93,1
7.35,303,426,1,3,5,0,1793,46,60,85,2
7.5,90,164,1,7,3,2,2336,97,28,76,2
6.38,391,487,3,2,4,2,657,95,61,81,1
8.31,183,212,1,5,4,1,274,15,70,78,1
6.14,16,412,2,4,3,1,2628,93,81,72,2
7.86,452,253,3,2,1,3,922,35,74,75,1
8.17,11,156,2,5,1,1,1348,58,7,87,2
7.15,165,176,2,0,2,4,1111,60,51,100,2
8.36,145,74,0,7,5,4,2953,94,60,99,2
6.12,281,434,1,1,3,3,1101,93,39,77,2
6.15,478,177,2,6,5,1,1598,68,24,100,1
9.29,36,283,1,0,5,3,73,87,77,71,1
7.44,69,329,1,4,3,0,1092,45,97,76,2
6.51,168,132,0,5,0,1,2266,99,9,78,2
8.09,334,124,0,1,1,1,2294,90,79,95,2
9.08,169,311,2,3,4,1,2143,13,51,96,2
6.86,496,319,2,4,0,1,2738,100,28,98,2
8.49,252,126,3,3,3,4,2867,76,57,78,2
6.34,345,376,1,3,0,3,2050,19,50,83,2
6.21,498,344,1,2,1,4,494,27,69,86,1
8.13,459,224,0,2,3,3,2880,5,7,96,2
8.16,296,16,0,1,5,0,2732,72,21,60,2
8.55,430,496,2,1,5,1,564,21,43,96,1
8.9,141,480,3,5,1,2,549,86,36,79,1
9.9,384,472,3,2,0,4,66,7,62,85,1
8.07,272,352,0,7,2,2,1116,0,86,98,1
7.29,224,310,0,7,4,0,1208,70,2,62,2
9.18,182,245,3,6,4,2,2247,60,44,71,1
7.08,220,136,3,1,2,0,1703,60,89,92,2
7.76,52,474,2,5,2,4,744,75,34,83,1
6.31,117,216,3,7,2,0,372,38,37,79,1
6.1,364,195,1,0,1,4,2134,80,65,81,2
9.85,158,200,3,4,3,4,1852,49,83,74,1
9.34,445,365,4,0,2,2,2360,79,81,79,1
8.78,135,206,3,4,1,3,420,67,40,82,1
7.64,413,15,0,5,5,3,897,100,77,82,1
6.69,76,399,0,2,0,3,1577,8,91,91,2
6.63,335,12,4,6,0,1,2147,8,93,69,1
7.0,449,77,1,0,2,2,159,90,15,89,1
8.2,44,213,3,6,0,0,2465,75,49,78,2
8.86,17,340,3,3,2,3,1021,33,35,90,1
8.64,354,328,4,0,0,2,1413,22,46,79,1
7.12,428,446,2,1,0,1,427,98,60,63,1
9.82,402,118,2,0,3,2,395,8,81,79,1
8.95,204,424,1,7,3,0,1056,76,70,68,1
8.22,498,180,3,2,0,3,1409,49,10,85,1
8.45,323,323,3,2,3,0,1067,57,14,78,1
7.68,82,329,3,6,2,1,2652,42,45,86,2
6.99,49,354,0,1,4,0,1233,1,75,98,2
7.42,280,372,2,4,2,1,882,65,62,78,1
9.03,165,136,4,1,3,0,2827,28,88,91,2
6.06,242,178,0,7,1,1,283,44,65,69,1
6.46,376,431,0,5,0,2,1100,56,10,95,2
6.18,478,207,2,4,3,2,351,21,32,83,1
6.16,163,432,3,2,5,2,547,42,11,96,1
9.42,323,401,1,6,5,2,2585,84,3,95,2
8.81,55,393,4,6,3,0,804,58,50,100,1
7.9,38,468,2,2,3,4,661,5,83,78,1
6.39,318,370,1,5,5,1,2359,56,100,100,2
7.97,127,53,2,4,2,1,2084,27,89,83,2
7.89,390,78,2,0,0,4,1420,79,2,73,2
6.69,121,270,2,0,4,1,1226,0,60,97,2
7.74,246,394,2,1,5,1,2586,22,42,74,2
7.59,185,423,3,6,5,2,1197,7,1,70,1
8.46,207,117,0,2,5,1,985,60,71,74,2
8.54,314,367,2,0,3,1,1544,71,88,81,2
6.18,303,105,1,2,1,3,2891,0,46,63,3
7.5,388,104,1,1,5,1,1661,10,87,83,2
8.5,238,302,1,3,0,4,1937,7,18,85,2
8.01,214,117,0,2,4,1,1446,50,95,64,2
9.43,291,381,0,7,5,4,2287,30,0,97,2
8.63,223,228,1,7,1,1,1705,35,65,71,1
6.65,87,147,3,3,5,4,1423,71,11,61,2
6.28,24,353,0,6,4,1,2643,87,42,97,3
8.57,428,149,0,7,4,1,1619,90,54,98,1
6.11,219,303,3,2,5,3,2557,28,40,89,2
8.34,274,255,2,4,0,3,74,81,97,87,1
9.76,134,81,0,5,2,1,796,72,62,64,1
8.3,491,15,1,7,1,3,485,35,61,100,1
7.55,441,388,1,3,5,0,675,37,56,86,1
8.57,232,192,3,4,3,0,1061,77,89,67,1
7.83,464,210,1,5,4,2,667,12,19,100,1
8.18,65,73,4,4,1,2,2821,39,13,92,2
9.77,79,276,1,1,0,0,2754,51,36,73,2
7.54,422,60,3,7,1,2,1896,23,71,78,1
9.84,254,460,3,1,3,1,881,60,62,87,1
9.62,124,438,3,0,3,1,757,77,4,95,1
6.78,145,23,4,3,0,2,2037,71,42,76,2
6.28,102,22,0,0,1,0,1725,11,83,89,3
6.4,384,342,2,7,5,4,1663,51,70,96,1
6.07,446,394,1,6,2,1,2529,94,50,71,2
6.38,386,430,0,3,2,3,2934,97,68,66,3
8.73,382,257,3,1,5,4,1504,99,40,92,1
6.28,276,197,0,1,4,3,828,84,86,81,2
7.28,381,52,0,5,5,1,1568,3,61,90,2
9.38,123,138,4,5,4,2,2448,10,22,84,1
6.09,413,270,3,1,1,3,2022,55,86,83,2
9.26,266,200,3,6,5,0,2413,100,16,91,1
7.13,277,395,1,3,4,3,2348,6,40,82,2
6.47,110,377,1,7,3,0,1239,54,18,89,2
8.79,380,378,1,6,0,4,2394,75,28,95,2
8.52,312,163,1,6,4,4,2170,62,3,100,2
9.51,88,91,0,1,5,2,2375,4,68,74,2
8.94,386,22,0,0,2,0,674,2,73,85,1
9.21,157,410,1,4,5,2,2290,95,13,66,2
7.13,215,87,1,5,3,3,970,63,36,89,1
6.71,383,397,1,6,2,2,632,98,41,84,1
9.0,300,181,2,3,4,3,1622,99,55,82,1
9.23,35,354,1,4,5,4,277,11,98,86,1
9.96,86,282,2,0,4,2,2963,93,3,96,2
7.65,117,20,1,2,3,4,2612,32,5,90,2
7.49,327,48,3,5,2,3,1063,39,10,88,1
9.11,447,189,4,7,0,0,1369,40,86,76,1
7.36,181,204,0,1,0,1,909,2,19,66,2
9.72,67,455,3,5,3,3,683,25,81,63,1
9.43,433,43,4,5,5,3,374,37,13,94,1
7.72,358,491,2,5,4,1,1503,33,0,77,1
9.0,490,299,0,0,5,1,1218,66,62,99,2
9.02,158,127,2,2,3,4,1132,77,86,64,1
6.41,284,481,2,3,2,3,1965,13,94,92,2
9.61,442,188,0,0,0,3,1668,80,13,66,2
8.02,163,169,4,7,4,2,756,78,70,81,1
9.31,460,278,0,3,2,1,1920,11,48,85,2
7.28,360,200,1,4,0,0,1596,38,5,86,2
9.58,72,384,2,4,0,3,1330,93,47,60,1
7.56,118,124,1,7,1,2,343,61,60,72,1
6.04,340,291,0,3,4,0,17,48,22,69,1
9.62,498,310,0,6,3,4,2723,58,39,82,2
6.37,194,365,4,4,1,2,2568,50,76,71,2
7.28,88,15,2,4,0,0,2616,70,56,74,2
9.8,344,344,3,7,4,3,1724,34,21,71,1
9.8,75,273,0,7,4,2,263,50,17,83,1
8.29,220,481,3,1,1,1,1089,30,32,91,1
8.53,138,293,2,3,2,0,281,39,74,85,1
7.79,371,450,1,3,2,3,499,36,6,75,1
7.17,394,19,2,2,3,2,1560,13,39,94,2
7.31,240,18,4,7,4,0,2145,57,92,99,1
8.69,153,12,3,5,5,4,1632,27,64,75,1
9.01,52,16,3,1,1,4,1373,11,38,77,1
9.17,141,205,1,0,0,1,2625,69,61,77,2
9.16,319,29,1,1,2,2,2696,67,48,75,2
6.36,463,469,0,0,1,2,173,96,88,74,2
7.98,393,298,2,3,3,1,2461,55,33,82,2
6.23,30,303,4,1,3,2,2079,4,89,94,2
8.2,222,42,0,6,5,4,1849,8,58,66,2
7.77,291,92,2,2,4,4,2531,61,78,67,2
9.55,265,369,1,5,3,1,2183,81,28,64,2
7.4,281,65,4,4,3,3,159,95,24,88,1
6.47,275,118,1,0,5,1,621,94,59,87,2
6.57,380,308,1,4,5,4,242,33,69,89,1
9.05,43,71,3,5,2,1,1696,39,26,96,1
8.47,61,333,2,3,2,4,2654,90,67,85,2
6.4,200,161,0,3,3,3,1341,100,67,72,2
6.34,334,460,3,3,5,4,2237,100,42,100,2
8.8,8,329,2,4,4,2,448,38,36,76,1
6.29,70,327,2,5,2,0,266,12,49,93,1
9.29,89,454,2,6,2,3,1434,3,27,88,1
8.82,23,268,4,3,5,0,1093,8,35,66,1
6.33,139,217,3,3,3,3,599,71,84,73,1
6.34,315,253,0,4,4,3,1121,5,66,95,2
9.95,339,439,3,3,3,3,2302,32,59,75,1
7.5,375,58,1,5,0,3,2853,69,16,74,2
7.48,77,31,2,7,0,4,926,47,94,99,1
9.25,213,338,1,0,5,2,1322,80,61,66,2
9.79,15,119,3,1,4,4,2244,36,88,95,2
9.94,28,462,0,0,0,4,986,76,97,92,2
9.01,415,309,1,6,5,2,1886,21,46,65,1
7.51,466,1,1,3,4,3,931,49,48,60,1
6.33,374,117,4,5,0,2,650,18,87,82,1
9.11,290,36,3,5,1,0,1743,27,97,94,1
8.23,42,466,1,3,2,2,2517,63,22,98,2
7.7,351,96,3,6,5,4,1089,57,75,65,1
9.63,374,358,0,6,3,3,2809,24,87,69,2
6.44,52,369,1,7,4,4,898,71,80,74,2
7.97,275,416,0,3,0,0,1417,57,68,64,2
6.05,370,256,1,3,1,3,593,31,73,71,1
7.87,231,127,2,4,0,1,1872,46,60,91,2
6.23,211,358,4,5,1,4,1474,74,78,64,1
6.48,7,155,4,1,3,4,2384,37,77,61,2
6.47,121,144,4,7,2,2,1891,17,38,100,1
8.6,482,56,0,4,2,3,732,26,79,92,1
8.98,41,69,3,4,1,4,1267,36,22,65,1
8.33,332,435,4,5,5,0,653,41,48,85,1
9.85,232,43,1,6,0,3,262,35,63,85,1
7.5,69,211,1,7,2,3,1433,33,22,67,2
7.14,366,174,2,3,0,2,1471,14,15,84,1
9.47,15,140,0,0,4,4,1211,60,32,82,2
6.89,68,75,1,5,0,4,743,76,50,97,2
9.85,52,157,1,0,5,1,942,26,49,76,2
6.05,172,84,2,2,4,1,2294,18,79,75,2
9.88,434,321,2,5,4,3,911,99,65,86,1
6.17,481,308,3,7,2,4,1366,76,29,84,1
9.56,261,17,3,1,4,2,2090,6,97,91,1
8.11,378,283,3,5,0,4,657,60,34,84,1
9.97,288,387,1,7,3,2,383,0,58,91,1
6.3,462,41,2,2,5,1,1047,20,26,99,1
8.22,14,490,0,4,0,0,1442,15,35,78,2
9.88,269,381,3,2,1,4,1758,48,29,81,1
8.09,166,372,4,6,1,1,2625,28,53,78,1
8.52,62,133,1,2,0,0,848,87,35,70,2
8.78,260,101,0,5,1,0,624,82,60,81,1
7.82,499,136,1,2,3,1,1006,90,32,79,1
8.51,120,403,3,1,1,1,2810,46,64,75,2
8.34,345,492,1,5,2,1,1111,0,96,70,1
9.6,239,221,3,0,3,2,290,90,1,65,1
6.18,464,228,1,0,2,3,1481,13,11,100,2
7.12,106,293,3,2,2,3,912,74,78,62,1
9.8,494,451,2,5,3,3,1381,86,70,78,1
9.56,179,485,2,7,5,2,1970,46,2,69,1
7.82,15,305,2,1,2,1,1648,59,6,91,2
8.48,354,315,2,0,1,3,2494,83,44,80,2
7.11,421,396,2,3,0,2,1292,25,6,90,1
6.75,308,118,4,5,3,2,1623,17,59,65,1
7.85,214,98,1,6,0,1,584,35,15,96,1
7.41,76,349,2,5,3,0,1763,93,60,63,2
8.33,224,425,4,7,3,2,2128,52,58,94,1
6.31,92,323,4,6,2,4,84,67,95,72,1
9.9,180,408,1,7,0,2,2588,82,27,98,2
9.94,173,158,1,0,5,0,1438,61,66,71,2
8.79,353,238,3,0,1,0,2449,68,35,82,2
8.14,353,395,3,1,0,4,2698,65,47,62,2
7.24,218,319,2,1,3,3,984,9,23,76,2
9.26,142,334,0,0,1,2,2551,57,61,81,2
8.74,314,188,3,3,2,1,2399,48,21,88,1
6.65,433,308,0,3,1,1,2571,54,69,86,2
9.64,392,248,3,6,1,4,2696,42,72,66,1
9.29,281,25,4,2,0,0,1055,74,99,63,1
9.8,258,188,4,2,3,3,357,50,75,70,1
8.9,355,393,4,0,3,2,161,21,14,92,1
8.45,46,139,0,0,3,2,2697,42,69,94,3
7.67,4,405,2,0,4,2,2734,7,45,87,3
9.73,61,487,3,5,2,1,1923,2,56,77,1
9.46,467,180,3,3,0,3,1521,40,14,65,1
6.18,83,20,0,4,3,4,2317,52,75,82,3
6.11,132,162,4,2,1,1,1436,39,13,93,2
7.51,393,70,2,2,4,0,564,57,65,75,1
9.24,335,81,3,4,2,3,10,17,81,82,1
9.95,62,154,2,0,3,0,682,49,61,94,1
6.6,280,315,2,7,4,2,2213,85,26,65,2
8.38,43,354,1,2,2,1,527,10,43,83,2
7.52,152,46,2,3,5,3,2410,65,80,74,2
9.88,413,193,1,4,5,1,677,21,43,68,1
9.37,269,223,0,3,1,3,193,62,24,67,1
9.35,341,398,4,5,4,2,1421,78,42,92,1
7.87,170,236,1,0,0,3,827,7,69,85,2
7.66,155,279,2,2,2,2,488,82,61,76,1
7.09,477,467,4,6,4,1,286,72,61,90,1
6.23,274,9,2,3,4,1,1268,68,99,70,2
9.46,357,375,2,4,2,1,835,71,24,85,1
9.25,425,471,1,6,4,2,1300,96,100,63,1
10.0,19,151,0,7,4,0,1123,14,15,67,1
9.99,482,343,2,7,2,0,1307,14,7,83,1
8.22,213,103,1,0,1,3,2928,6,27,82,2
9.08,78,495,2,2,5,1,2157,84,70,73,2
9.78,138,123,4,2,0,0,2291,25,91,98,1
9.4,437,184,0,6,2,4,1065,64,94,78,1
6.99,97,495,2,0,3,1,1248,50,57,61,2
7.8,376,289,0,0,4,4,2099,89,29,63,2
6.52,151,40,0,0,0,0,1377,25,2,70,2
9.82,197,423,4,5,0,2,2128,91,44,91,1
8.42,272,10,4,3,2,4,1565,8,58,78,1
6.91,155,217,3,1,3,4,347,25,68,84,1
8.69,49,0,0,5,3,1,1759,76,98,92,2
8.47,478,413,2,2,1,3,2099,4,55,72,1
7.43,227,500,4,6,3,2,1339,17,3,100,1
6.45,438,170,2,3,5,1,600,52,24,62,1
8.69,456,337,0,7,2,1,896,22,72,74,1
8.08,9,281,4,4,0,0,2697,91,46,89,2
9.09,148,52,3,2,0,3,1133,100,40,95,1
8.08,57,124,0,5,3,3,454,68,96,70,2
9.41,161,174,2,7,4,2,1310,60,4,63,1
8.21,350,264,3,7,5,2,90,90,38,87,1
8.24,476,264,0,1,1,3,1320,83,69,98,2
9.51,106,384,4,4,3,4,1543,99,71,89,1
7.61,426,198,0,2,5,4,2504,100,26,61,2
6.54,394,255,1,6,2,1,1163,33,98,73,1
6.12,288,171,2,1,1,3,1539,77,23,78,2
9.02,185,58,4,0,5,1,1924,46,50,90,1
8.48,45,439,4,1,3,4,1789,69,98,92,2
8.82,444,105,1,2,1,2,1249,26,26,69,1
6.85,445,434,3,1,4,3,1797,1,39,63,2
6.55,128,124,4,5,2,0,674,8,95,99,1
6.06,404,15,3,2,3,1,1678,74,14,95,2
7.4,317,37,3,2,0,3,1421,53,45,88,1
8.36,447,394,3,6,2,0,445,4,71,72,1
7.57,86,242,0,1,4,1,2481,74,30,75,3
7.75,248,408,1,1,5,4,45,2,71,90,1
9.62,328,476,2,5,4,1,1304,89,38,97,1
7.39,439,466,1,4,0,2,2270,13,93,92,2
8.06,256,209,4,7,2,1,1215,8,87,70,1
9.13,276,494,1,4,3,1,1995,82,37,85,2
7.59,277,314,2,3,0,3,1545,80,1,63,2
8.49,437,284,0,2,3,3,2751,48,31,93,2
9.45,3,463,4,7,1,4,2360,57,47,97,1
9.8,64,493,0,4,3,2,333,87,54,96,1
6.59,434,167,4,6,1,2,1357,77,70,67,1
9.71,201,263,2,7,3,4,199,9,96,98,1
7.97,62,97,0,7,1,0,511,6,86,89,1
7.03,142,133,2,3,2,1,128,12,92,79,1
7.84,243,428,2,5,4,3,1066,34,45,75,1
9.92,291,364,1,2,2,4,2561,60,31,74,2
7.97,284,180,4,5,0,4,1088,94,44,63,1
7.32,179,221,3,6,2,3,2632,37,48,95,2
8.53,173,363,3,7,2,3,2885,36,92,86,2
6.96,324,481,0,3,4,0,2454,92,11,95,2
6.3,412,148,2,4,5,2,964,69,37,93,1
6.52,110,243,1,3,2,3,506,7,1,78,2
6.51,174,312,4,1,0,4,2216,88,70,99,2
6.61,474,75,0,5,2,1,2478,68,39,80,2
6.56,152,368,2,3,2,0,575,73,61,80,1
8.56,463,261,3,5,2,1,1885,22,7,84,1
6.73,399,230,3,7,2,1,1799,0,18,76,1
7.38,355,190,4,0,4,2,216,12,61,77,1
9.59,216,379,4,0,4,1,1583,100,53,99,1
7.9,296,133,4,3,0,4,2538,25,36,86,1
8.67,448,308,0,0,5,4,2913,82,72,63,2
6.69,452,251,4,3,0,3,2920,89,14,90,2
6.77,488,387,0,5,0,2,1734,59,24,78,2
6.16,403,244,1,7,5,3,2184,49,63,76,2
6.68,452,264,2,6,2,1,690,50,11,93,1
7.11,419,324,3,6,5,4,886,56,66,94,1
6.71,476,329,0,3,3,3,590,65,74,76,1
6.35,239,366,2,3,2,4,1165,62,95,79,2
6.48,225,455,4,7,3,3,2866,40,87,75,2
7.84,185,342,3,0,0,0,2894,82,8,64,2
6.83,47,3,0,2,2,2,2211,75,20,93,3
7.46,465,441,4,3,5,3,2073,34,31,98,1
8.01,385,36,2,3,5,1,2493,95,5,66,2
8.76,207,70,1,1,5,4,31,52,83,68,1
6.16,156,261,2,1,5,4,1783,76,15,73,2
9.2,224,236,0,4,0,2,561,99,50,75,1
8.51,143,306,1,0,4,2,683,64,91,83,2
6.33,418,489,1,2,0,0,2349,32,85,67,2
9.49,110,462,4,6,2,3,2676,52,42,85,1
9.68,317,354,2,3,4,0,2260,3,86,76,1
6.24,362,177,0,6,5,3,1514,1,32,85,2
7.11,361,95,1,3,4,3,1381,7,6,62,2
9.22,464,397,4,0,3,2,1031,79,11,66,1
8.99,131,226,1,4,1,2,1226,21,18,64,1
6.74,112,10,2,4,4,3,646,73,46,79,1
6.84,323,265,3,1,1,2,1241,72,63,97,1
7.48,434,188,0,6,0,3,454,70,77,99,1
7.94,88,208,3,0,0,2,2349,80,24,64,2
8.47,160,12,2,4,4,1,2742,29,92,84,2
7.48,333,376,3,4,3,3,2684,74,70,68,2
7.85,407,161,2,6,0,4,1169,42,58,73,1
8.99,74,59,2,2,1,1,343,54,19,70,1
6.15,280,492,4,1,4,0,2461,14,52,77,2
7.01,411,434,3,1,4,2,704,70,94,80,1
8.85,6,4,1,1,3,0,2659,60,36,65,2
9.58,112,495,2,5,4,4,632,66,37,62,1
8.05,35,201,3,4,2,2,2919,22,99,69,2
8.13,265,415,1,3,1,0,2164,26,99,80,2
6.43,112,11,0,5,5,1,1428,93,20,68,2
7.79,291,435,1,7,2,0,2842,47,63,100,2
8.13,222,396,3,4,2,2,2525,60,83,77,2
6.97,210,340,3,4,1,1,1949,15,46,93,2
7.08,17,239,1,6,4,4,383,13,48,73,1
7.51,240,437,1,7,4,0,1186,51,100,62,1
6.08,133,372,2,7,2,3,517,85,100,96,1
7.29,219,377,3,0,5,2,1229,19,96,87,2
6.85,390,224,2,6,1,3,2438,9,93,73,2
7.31,101,181,2,1,0,3,2528,57,81,82,2
6.48,139,296,0,1,1,0,2020,28,49,71,3
9.56,168,303,3,6,5,3,2337,3,1,76,1
8.37,497,306,2,2,2,1,2731,94,73,95,2
8.72,190,430,0,1,1,4,955,77,48,98,2
9.16,481,177,2,4,1,4,1825,4,59,94,1
7.99,24,117,2,0,0,3,1235,37,8,69,2
6.35,464,351,3,2,3,2,1897,67,21,73,2
8.15,436,75,1,4,3,3,1170,74,22,84,1
8.35,32,45,1,4,0,2,2190,88,53,78,2
8.98,342,226,3,7,1,4,1941,11,51,80,1
7.73,328,355,1,5,2,1,2983,51,41,100,2
6.51,5,293,4,2,0,2,1183,94,49,89,2
7.14,445,239,1,5,3,4,81,74,68,98,1
7.45,193,347,2,7,5,0,1159,95,50,71,1
8.58,229,140,2,4,3,3,1365,74,80,99,1
8.28,136,203,0,4,0,2,1095,70,97,69,2
7.42,322,149,3,7,1,1,2390,65,7,72,1
9.95,399,491,0,5,4,3,2326,64,38,62,2
8.42,472,129,2,7,2,4,92,88,22,94,1
6.95,215,348,2,0,4,4,191,72,76,93,1
6.41,494,332,0,0,2,4,1256,45,56,60,2
6.61,348,482,4,5,4,2,1280,99,41,62,1
6.98,363,268,1,0,4,0,569,92,17,85,2
6.64,182,312,4,1,2,0,2782,9,49,89,2
6.75,167,417,4,2,5,4,2221,90,89,63,2
7.14,281,402,4,0,2,3,1005,18,79,96,1
6.69,37,136,4,4,3,1,464,82,60,67,1
9.59,162,115,1,1,1,3,2517,19,45,98,2
6.32,470,350,3,2,1,2,1549,28,37,96,1
8.1,451,160,0,0,3,0,1519,66,42,90,2
7.64,442,154,4,0,5,1,964,21,49,89,1
9.93,489,172,4,2,4,4,1630,55,72,85,1
6.45,141,129,0,0,5,4,1166,85,37,75,2
7.59,500,78,0,5,5,2,293,92,5,81,1
9.88,247,466,3,2,2,2,1787,22,4,91,1
9.46,430,56,2,2,0,2,1497,39,73,72,1
9.27,102,350,3,7,4,2,347,89,86,84,1
7.03,198,56,2,4,1,4,1294,46,69,73,2
6.68,199,399,1,6,2,4,450,62,12,60,1
8.67,41,362,3,2,3,2,706,85,8,76,1
9.72,434,334,1,6,5,4,673,37,37,99,1
8.23,146,133,0,3,4,2,2946,8,31,75,3
8.29,65,13,3,0,0,1,1717,84,15,80,2
7.12,430,282,0,6,4,2,2103,99,80,98,2
9.08,192,293,4,4,3,2,1531,49,95,86,1
6.75,297,146,0,6,0,1,2221,60,31,66,2
7.29,37,420,4,1,4,0,1829,99,3,87,2
7.7,140,126,2,6,3,3,2778,95,54,90,2
8.03,105,490,4,6,4,2,2902,95,11,94,2
6.97,427,259,2,3,2,1,639,97,50,92,1
6.46,151,313,4,2,4,1,1022,60,27,88,1
8.44,351,217,4,1,5,4,647,22,5,98,1
7.15,413,392,1,6,3,2,1165,25,3,83,1
8.32,325,232,1,1,1,1,2096,79,7,95,2
6.62,37,368,0,1,3,0,2716,2,28,76,3
7.92,96,167,1,1,4,0,429,65,26,65,2
8.13,107,142,2,7,2,3,2264,35,60,92,2
6.21,118,488,1,4,1,4,2723,72,59,85,2
7.35,150,484,0,4,5,4,1149,91,85,66,2
6.54,73,259,3,1,3,4,511,87,61,96,1
6.25,56,217,2,3,1,2,2981,44,49,75,3
9.96,365,307,3,7,2,0,1161,91,63,61,1
7.29,334,145,2,0,5,2,882,70,45,82,1
9.24,251,488,0,5,0,1,1154,89,46,100,1
7.02,406,436,1,0,1,3,2490,45,2,98,2
8.73,291,442,3,4,3,3,278,64,8,91,1
9.04,312,98,3,3,2,2,510,34,89,95,1
8.38,254,181,1,3,3,3,485,81,11,88,1
7.89,253,168,0,2,2,2,280,85,10,67,1
7.65,384,232,1,7,3,4,2785,76,75,74,2
7.4,455,443,4,7,2,1,913,15,25,73,1
9.72,258,92,4,4,4,4,2234,46,56,65,1
9.32,269,116,4,3,3,3,1087,92,82,72,1
9.86,464,471,3,3,2,1,191,20,79,71,1
6.5,33,3,3,0,0,0,1388,8,29,86,2
8.92,494,84,0,3,2,2,1395,92,59,93,1
9.75,325,166,2,3,0,1,1836,75,4,70,1
6.72,324,6,1,6,5,2,2754,7,63,87,2
6.27,237,380,2,1,1,1,229,73,36,66,1
8.96,178,406,3,6,2,3,348,97,8,94,1
8.3,488,231,1,7,1,4,463,46,30,94,1
9.37,103,250,3,0,1,3,1176,83,65,79,1
6.56,28,84,0,0,4,0,840,79,79,70,2
9.18,226,318,1,1,5,3,710,41,85,80,1
6.81,465,192,3,0,2,1,435,10,87,61,1
6.65,231,122,4,7,4,0,2168,56,41,80,1
6.66,303,424,4,2,5,1,2302,77,79,86,2
9.26,349,88,3,5,4,4,1229,94,19,81,1
8.66,334,94,2,2,1,2,988,39,76,84,1
8.09,116,374,0,4,3,4,2410,33,45,95,2
7.44,206,299,0,7,1,4,1924,3,62,90,2
9.51,399,357,3,5,5,4,1914,49,16,75,1
7.57,184,44,0,0,5,1,1695,47,20,96,2
9.27,480,252,1,0,1,2,286,6,19,80,1
7.76,137,452,0,2,5,1,1576,41,49,88,2
7.51,402,372,4,4,0,0,1262,64,86,60,1
7.85,484,478,3,6,3,1,629,49,15,100,1
7.21,497,50,1,4,1,4,556,45,86,62,1
8.99,322,64,0,2,3,3,732,87,10,85,1
8.01,163,53,4,2,0,3,674,41,66,94,1
6.93,387,439,2,7,3,1,167,91,57,68,1
9.6,74,221,0,5,2,4,2692,23,17,87,2
7.54,232,465,4,1,0,4,1240,76,90,68,1
8.17,416,71,4,7,3,3,1435,9,48,72,1
9.63,283,375,4,4,4,2,298,25,26,82,1
8.5,479,473,4,4,3,2,2934,1,25,100,1
6.47,376,167,2,1,0,4,855,96,91,97,1
9.76,254,185,3,2,4,0,1642,91,96,62,1
8.51,463,142,4,6,5,0,1147,90,57,80,1
7.34,8,18,3,1,3,0,565,69,100,90,1
6.56,202,9,2,1,3,0,1668,60,82,74,2
9.18,389,471,2,3,0,0,1683,57,8,76,1
8.48,378,271,1,4,4,3,1351,50,7,73,1
8.13,304,170,1,2,4,4,1057,80,83,75,1
9.58,90,414,4,3,3,1,590,96,91,76,1
9.15,380,363,3,5,5,3,2941,78,23,85,1
6.61,331,15,2,7,2,3,2893,45,84,73,2
7.25,149,79,0,3,0,4,454,2,44,95,2
6.99,359,283,1,6,0,2,2643,73,59,81,2
8.98,175,189,1,3,1,3,2238,92,9,62,2
6.13,484,147,0,2,4,3,995,70,11,62,2
8.28,404,162,3,1,4,1,2033,49,58,74,1
9.05,32,442,3,2,1,0,883,35,81,63,1
9.51,464,264,3,4,3,3,560,51,22,91,1
7.37,183,359,4,5,3,0,1785,43,60,75,1
9.29,156,137,4,6,0,4,346,85,37,89,1
6.44,52,300,0,5,3,3,580,94,95,92,2
9.39,295,465,2,7,2,1,860,13,93,96,1
6.51,201,364,0,5,2,1,1435,65,54,67,2
7.59,273,492,2,6,2,4,2931,48,52,90,2
9.19,174,398,0,7,1,0,1196,69,10,89,1
6.6,243,492,4,4,5,2,2375,82,76,97,2
6.92,268,29,3,1,2,4,1337,26,57,62,2
8.89,410,303,1,2,1,2,1417,69,38,79,1
8.88,445,479,0,1,0,1,354,1,94,64,1
8.56,73,167,0,1,0,1,1015,76,15,64,2
8.78,95,90,1,2,5,3,2312,46,29,61,2
8.17,360,90,0,4,2,1,696,59,12,85,1
7.01,172,210,3,2,1,0,522,9,91,75,1
7.38,386,329,1,5,2,1,2753,60,98,99,2
6.73,405,299,1,4,5,3,256,39,53,91,1
9.63,154,173,3,0,5,4,1069,4,17,61,1
8.33,182,133,3,0,3,3,785,13,49,100,1
7.6,322,372,1,0,1,4,82,94,28,86,1
7.85,288,23,3,5,1,3,1250,88,82,74,1
9.79,257,200,3,6,1,1,995,69,3,82,1
6.61,74,218,3,6,1,2,2176,75,62,81,2
8.34,173,6,1,7,3,0,1347,66,36,79,1
8.02,329,5,0,3,2,2,844,22,35,60,2
8.45,230,117,2,7,0,0,676,64,19,94,1
6.07,246,160,1,4,5,1,1033,78,77,88,2
9.49,160,84,2,4,4,3,163,76,18,81,1
9.73,185,365,3,2,4,3,963,37,38,88,1
8.26,390,247,3,4,1,4,2777,13,6,81,2
8.79,142,165,0,2,1,2,118,18,26,70,1
9.69,281,427,3,3,0,0,1882,8,29,80,1
8.83,394,144,2,2,4,3,2149,91,76,70,2
6.61,127,30,1,0,1,1,2672,32,96,81,3
8.31,165,420,1,2,5,3,859,32,97,68,2
8.43,26,394,0,2,5,4,412,44,35,66,2
7.7,245,219,2,2,3,3,1850,38,99,63,2
8.95,486,132,3,4,4,1,2515,32,23,94,1
9.74,134,63,4,1,3,3,571,3,63,71,1
9.7,384,75,0,7,0,0,2969,81,97,98,2
7.8,201,130,0,1,0,0,994,25,96,86,2
6.45,20,311,4,5,4,3,15,24,24,96,1
9.94,78,318,1,1,5,1,1168,98,85,88,2
9.36,157,360,1,5,2,1,823,81,10,75,1
6.5,93,37,1,4,4,3,250,32,64,72,2
9.68,7,53,4,0,3,1,388,17,37,66,1
9.48,471,129,3,1,2,0,2330,28,91,89,1
8.08,338,217,3,1,3,0,2799,7,88,69,2
8.37,258,1,2,6,3,0,1465,48,15,96,1
7.6,54,245,2,6,3,4,1919,65,46,98,2
6.22,398,139,1,3,1,2,2432,67,8,89,2
7.34,35,295,4,7,2,0,47,78,20,95,1
9.21,5,257,0,7,1,3,944,71,13,71,1
6.02,376,104,3,6,1,4,604,93,96,92,1
7.33,41,380,4,5,3,3,1062,46,20,60,1
7.59,49,335,2,5,0,1,2660,38,41,82,2
8.15,111,477,3,7,5,2,1086,87,20,84,1
9.68,145,184,3,3,4,4,573,63,65,97,1
7.39,229,302,4,0,0,1,2762,11,18,75,2
7.39,210,493,2,7,3,1,2166,35,19,72,2
8.95,496,243,4,2,4,0,481,13,2,94,1
7.81,305,163,0,2,5,3,1032,95,34,68,2
6.9,29,131,3,3,4,1,1130,50,82,88,2
7.81,460,202,4,3,5,1,292,54,14,71,1
6.56,294,500,4,0,3,1,2005,77,17,96,2
6.71,115,407,0,0,1,2,2616,27,21,94,3
7.99,395,209,4,4,4,4,532,42,56,63,1
7.68,225,346,3,2,5,0,2231,19,92,64,2
9.66,58,100,1,4,4,4,930,12,58,84,1
7.45,75,445,1,1,4,1,1638,45,58,87,2
8.32,427,385,2,5,4,2,1899,44,16,75,1
8.53,215,270,0,5,2,1,2396,80,10,79,2
6.05,131,458,2,0,1,3,2336,29,1,66,2
8.65,419,474,1,2,2,4,204,47,9,96,1
6.71,497,48,0,2,2,0,1737,16,85,76,2
9.84,303,367,4,4,5,2,335,95,16,76,1
6.59,397,238,4,3,3,4,1236,43,89,86,1
7.66,80,214,3,3,1,1,2730,82,46,80,2
6.34,304,290,1,0,0,0,143,72,66,93,2
9.99,66,371,4,6,1,2,2141,42,37,99,1
8.01,229,349,0,5,0,1,122,63,50,79,1
8.38,470,430,4,3,5,1,725,89,21,91,1
6.27,332,279,2,1,5,4,394,0,83,97,1
9.0,392,466,2,2,4,1,1464,48,98,81,1
6.84,276,315,2,3,5,1,885,18,58,74,1
9.59,360,476,2,0,0,2,1973,11,78,95,2
6.82,71,76,2,1,0,1,2298,27,9,87,2
6.76,208,303,3,5,5,3,1641,30,32,61,1
6.15,271,150,2,5,0,3,2874,59,86,92,2
7.89,143,395,3,4,4,0,469,76,5,96,1
8.26,250,496,3,4,4,3,1891,52,30,81,1
6.26,283,495,4,1,2,3,492,52,25,87,1
9.1,178,296,0,0,0,4,465,10,12,69,2
7.81,439,156,2,7,1,3,1786,11,15,75,1
8.1,79,197,0,6,3,1,2156,86,35,73,2
7.76,56,434,1,7,2,4,1086,57,92,94,1
7.6,365,383,3,4,0,3,2105,46,86,86,1
8.24,307,406,1,2,2,1,2811,92,75,70,2
6.62,173,286,3,5,5,0,959,62,35,66,1
6.73,461,492,2,5,5,4,2180,8,44,99,2
9.45,237,404,1,2,5,1,1102,13,24,93,1
9.78,491,23,4,7,0,4,872,95,23,64,1
7.49,165,455,1,5,0,0,1442,66,90,98,2
7.08,83,491,3,5,2,0,1824,6,96,83,2
8.58,492,8,3,5,0,4,2894,5,18,85,1
7.63,47,405,0,0,0,1,996,34,64,94,2
6.1,126,131,1,7,3,2,1186,90,28,81,2
6.62,168,76,4,0,1,4,1832,54,92,100,2
8.86,353,225,2,6,4,2,2595,27,44,63,1
8.64,373,130,0,2,3,1,527,22,61,97,1
6.11,442,484,1,0,4,3,2867,9,42,79,2
6.89,348,375,0,1,4,4,1044,80,16,96,2
6.92,66,411,1,0,1,0,2524,53,59,62,3
8.69,329,89,2,7,3,3,1062,61,93,95,1
6.08,339,497,2,5,0,1,1685,14,24,63,2
6.42,193,116,4,2,1,0,1240,13,96,65,1
9.2,154,109,0,7,0,4,2058,10,33,71,2
6.71,159,376,4,6,0,1,100,54,40,60,1
8.61,183,353,1,3,5,4,1462,92,13,83,2
6.95,265,270,2,7,0,3,1417,17,56,78,1
6.4,167,391,2,7,0,4,2774,25,25,63,2
6.97,144,431,3,6,3,0,1962,46,17,90,2
8.89,185,226,3,0,4,4,101,88,19,63,1
9.42,373,471,4,4,4,3,151,39,70,79,1
9.32,352,243,0,1,3,3,2090,42,29,95,2
7.59,261,307,1,6,4,0,962,64,28,62,1
8.67,422,54,4,1,5,2,2067,2,65,87,1
6.82,494,36,2,1,1,2,2964,18,11,88,2
7.17,273,387,2,7,0,4,1436,10,20,77,1
9.59,456,54,2,7,0,3,2553,91,73,69,1
6.05,327,11,1,4,5,1,124,81,33,71,1
6.34,344,402,4,4,0,1,2561,52,37,72,2
6.83,222,462,1,1,2,3,1419,13,96,96,2
6.11,41,184,2,1,1,1,2748,76,69,82,3
6.73,3,477,3,1,2,0,2719,82,59,92,2
8.33,275,236,4,0,3,4,2125,43,84,61,1
7.69,283,292,3,5,2,3,920,50,55,89,1
9.57,423,203,4,4,4,4,530,31,58,94,1
9.27,192,210,2,2,4,0,186,42,55,89,1
7.37,103,225,3,6,1,1,503,32,91,79,1
7.04,246,6,3,5,2,3,2833,5,57,85,2
7.52,299,219,4,0,2,0,2350,29,72,93,2
8.36,22,310,3,2,0,0,112,73,84,83,1
7.07,440,27,3,0,1,4,2014,29,73,76,2
8.5,302,476,2,0,0,3,2067,72,54,93,2
7.64,12,292,4,2,1,4,1932,5,28,79,2
8.21,143,211,4,1,1,4,2028,69,79,96,2
7.74,217,188,0,5,2,0,2354,83,82,65,2
7.18,182,74,4,2,5,4,962,80,31,94,1
9.79,350,241,2,3,0,1,2452,1,11,67,1
9.05,241,113,3,4,3,1,2566,1,23,86,1
6.56,192,166,0,3,0,0,1415,9,41,61,2
9.47,464,105,3,5,3,4,352,60,64,68,1
7.95,271,150,4,0,4,1,2359,0,46,82,2
9.58,374,435,1,2,1,2,2529,33,42,83,2
9.2,164,365,3,1,0,2,1994,35,41,81,2
7.7,179,83,4,5,1,4,1148,39,96,73,1
6.09,116,211,2,1,5,0,877,19,45,80,2
7.07,265,266,4,6,0,1,2921,95,12,71,2
8.17,377,321,0,6,4,3,2575,55,28,98,2
8.53,37,268,1,3,0,3,2911,16,1,95,2
7.03,43,460,1,6,4,1,285,59,56,92,1
6.56,350,424,1,3,1,4,1874,38,63,60,2
9.34,73,176,2,0,2,2,2247,85,39,82,2
9.94,437,270,1,4,5,2,1826,4,10,62,1
8.1,368,311,3,0,3,1,1492,64,50,82,1
6.69,225,181,2,5,1,2,93,94,50,73,1
7.09,306,158,4,1,5,1,549,17,74,68,1
6.07,307,188,0,5,5,0,1728,68,94,86,2
9.66,453,185,2,6,2,2,2143,61,4,75,1
6.47,347,470,0,2,1,4,403,88,54,84,2
8.31,475,443,2,3,1,2,2119,70,48,87,1
7.1,314,308,4,1,0,1,1542,13,66,84,1
8.22,12,469,0,6,4,3,759,6,53,90,2
8.61,424,245,2,0,4,2,355,93,81,82,1
9.32,11,316,0,4,0,1,567,16,93,70,2
6.83,49,463,1,2,0,2,807,12,20,93,2
6.04,487,383,1,4,1,2,98,23,74,71,1
6.55,312,41,1,0,4,2,2308,99,76,86,2
9.6,433,284,3,7,1,3,1825,62,76,86,1
9.5,248,467,1,0,2,1,2283,11,59,79,2
8.39,118,475,1,1,2,0,322,17,66,68,1
8.4,56,410,4,6,0,4,2946,22,15,67,2
8.66,181,299,0,2,4,3,2446,21,25,72,2
6.7,449,476,0,5,2,4,690,24,77,100,1
9.66,263,388,1,0,4,4,220,43,3,60,1
7.68,105,435,0,7,4,0,2983,24,100,60,2
7.53,190,368,2,7,3,2,2710,99,89,93,2
8.08,136,361,1,1,2,0,810,20,14,90,2
6.19,187,485,1,0,2,4,1505,28,20,63,2
6.67,119,436,3,1,1,3,742,59,59,74,2
8.95,241,435,2,7,1,4,1268,7,40,74,1
6.33,318,293,1,4,5,4,441,4,76,98,1
8.41,71,427,1,1,4,0,2766,65,76,79,2
6.98,242,180,0,5,0,1,1289,51,37,63,2
7.56,130,370,1,4,1,4,1791,22,57,81,2
7.15,456,385,1,3,1,1,856,1,17,73,1
7.42,268,364,1,0,5,2,2077,85,47,80,2
8.88,392,181,1,3,5,4,965,84,63,84,1
7.19,478,339,3,2,4,0,426,48,79,80,1
8.27,472,490,2,7,5,2,828,80,47,97,1
7.9,51,494,3,3,2,3,2471,39,74,67,2
8.65,491,460,0,6,1,4,1883,60,89,85,1
9.75,61,217,4,1,0,0,2504,30,64,69,2
8.93,118,162,1,1,4,4,1340,88,95,93,2
6.86,364,45,0,7,2,0,1973,6,64,72,2
6.12,263,455,4,2,3,0,1868,24,51,75,2
7.05,238,91,1,2,0,1,2696,81,47,88,2
8.38,350,104,1,0,5,4,106,95,6,91,1
6.21,380,206,4,7,2,0,1641,57,61,77,1
7.99,254,438,3,6,4,0,149,60,13,88,1
8.39,172,497,4,1,3,2,2744,71,17,77,2
7.34,308,327,4,6,5,4,1712,13,12,63,1
9.08,236,138,2,6,5,2,1327,5,88,82,1
6.43,318,28,1,2,0,1,777,22,76,76,2
6.3,94,250,1,6,1,1,2126,78,99,96,2
8.91,336,452,3,5,1,0,897,85,16,90,1
7.98,494,190,3,6,0,0,2871,35,36,78,1
8.75,56,46,2,3,1,0,1311,66,48,94,2
7.74,437,366,2,6,4,4,1872,44,93,88,1
6.99,402,250,2,1,0,4,999,43,80,95,1
9.28,66,262,3,7,0,3,91,8,9,86,1
9.2,45,372,4,6,5,0,395,68,79,81,1
8.78,93,63,1,5,1,2,2370,11,97,69,2
7.09,137,337,1,7,5,3,444,92,22,83,1
8.36,368,319,0,6,0,4,2079,64,14,65,2
7.44,92,347,3,2,3,4,1202,96,70,82,2
6.37,231,267,3,6,0,0,1340,55,34,88,1
9.67,401,11,2,7,1,2,984,20,81,90,1
6.55,395,291,0,0,1,2,1703,61,78,81,2
9.8,48,28,0,6,1,1,899,20,57,62,1
7.78,22,138,3,5,1,0,954,90,42,96,1
6.74,61,436,2,4,4,4,2590,1,23,95,2
8.17,266,453,1,6,1,0,1091,7,38,65,1
9.49,328,84,2,1,3,0,186,11,58,76,1
8.93,117,73,1,6,0,1,2125,21,72,61,2
9.23,439,250,3,1,2,1,2229,48,72,81,1
8.64,87,223,2,6,2,3,2574,8,32,65,2
8.77,88,46,0,1,4,0,138,43,33,83,2
9.4,54,416,4,1,2,4,1486,37,22,83,1
7.0,152,80,0,4,1,1,2001,92,55,75,2
7.96,238,450,1,4,2,3,703,2,44,95,1
6.88,264,120,3,7,3,3,573,85,95,93,1
9.95,267,42,2,5,5,3,174,67,20,66,1
9.78,394,145,3,5,1,4,293,92,63,100,1
6.16,112,73,3,0,2,1,789,76,85,81,2
8.82,165,52,1,7,1,2,1427,87,1,80,1
9.7,155,232,3,1,4,4,1824,1,43,76,1
6.72,7,294,2,2,3,0,207,2,8,80,2
8.27,201,362,0,6,0,2,2025,14,89,86,2
9.66,216,199,3,3,5,4,2302,87,83,96,1
6.14,430,161,2,1,1,1,2840,49,40,80,2
8.79,291,36,2,5,3,3,969,25,78,100,1
7.19,380,424,1,4,4,4,1354,7,39,81,2
9.7,49,96,3,0,4,0,1968,52,57,100,2
9.88,106,48,1,1,3,0,424,4,99,87,1
9.78,8,383,0,6,2,0,1159,71,84,85,2
7.9,232,9,0,0,3,2,2606,45,78,70,3
9.45,187,39,2,2,2,3,2418,38,22,84,2
9.38,455,401,3,2,2,4,2011,31,68,63,1
7.28,322,152,2,2,3,2,126,94,33,71,1
9.32,308,105,3,2,4,4,1423,59,23,62,1
6.15,337,40,1,7,0,1,725,71,25,66,1
8.39,109,163,0,3,0,1,87,16,71,97,1
6.92,482,257,0,0,3,4,2289,22,7,81,2
6.48,144,210,1,1,1,2,1274,76,69,92,2
6.31,227,201,4,3,3,0,2758,56,89,95,2
8.79,308,432,4,1,0,2,2070,43,33,61,1
7.36,411,194,4,4,5,2,28,78,51,97,1
8.9,113,52,3,6,3,4,1462,44,43,61,1
6.26,62,146,1,5,5,2,19,91,90,64,1
7.26,398,498,3,3,5,1,1137,47,78,79,1
8.16,274,281,3,5,5,4,1927,93,81,90,1
9.16,123,309,1,3,4,4,207,14,65,81,1
7.28,85,242,3,5,0,4,928,37,24,99,1
8.5,69,50,1,7,0,2,662,7,47,86,1
9.54,46,494,4,6,0,3,302,45,8,74,1
8.46,198,408,4,5,4,0,2901,78,15,90,1
6.93,363,113,3,4,0,0,2771,38,68,72,2
6.1,431,272,0,5,1,1,2559,50,24,65,2
9.48,200,457,1,3,0,4,653,33,43,88,1
6.09,275,119,2,5,3,0,2326,35,86,84,2
9.5,36,188,2,0,1,2,2186,19,3,84,2
8.12,202,45,3,6,2,2,366,12,94,63,1
9.76,129,242,0,5,0,2,2553,43,43,66,2
9.2,447,310,1,2,2,1,2328,44,82,70,2
9.99,469,49,4,6,2,4,446,46,71,81,1
7.4,495,330,3,6,4,0,2045,20,35,63,1
9.07,291,10,1,7,3,4,1096,22,40,69,1
7.61,388,395,1,5,5,4,456,45,16,67,1
7.92,63,423,1,1,3,2,2161,2,68,71,2
8.51,262,47,0,4,2,0,433,85,18,100,1
9.49,453,376,1,2,4,1,231,92,15,84,1
9.94,119,55,0,7,1,4,2610,39,60,88,2
9.07,277,7,0,3,0,3,2963,93,10,65,2
7.67,201,471,1,0,5,2,2282,63,1,65,2
7.69,45,13,4,5,1,3,2002,87,4,72,1
8.95,167,214,1,5,0,1,2618,88,98,84,2
6.96,444,369,4,3,2,1,2789,75,63,71,2
6.44,109,439,3,7,4,1,1888,49,16,67,2
7.42,45,244,2,4,4,1,72,19,100,67,1
7.15,211,53,3,7,5,0,2912,96,60,87,2
7.19,27,483,0,3,5,3,2956,38,78,81,3
6.93,86,272,3,0,3,2,1110,21,86,62,2
6.17,290,428,2,6,5,3,1197,45,53,77,1
6.07,384,388,2,7,3,0,26,82,42,69,1
9.95,156,130,4,5,1,4,2641,31,81,95,1
7.71,264,8,3,6,5,1,874,25,36,80,1
7.54,264,211,0,3,3,4,2018,43,66,88,2
8.72,21,121,0,6,0,1,1439,70,33,93,2
6.87,255,113,4,3,4,2,2130,7,87,100,2
9.8,190,19,4,5,4,1,2900,60,65,70,1
9.15,449,498,3,3,2,1,2420,10,83,73,1
6.36,463,338,4,5,2,4,917,58,71,92,1
7.67,231,20,2,7,5,4,1578,15,27,94,1
9.52,185,207,0,3,5,4,2366,72,57,76,2
9.78,325,32,2,6,1,0,747,67,72,63,1
7.87,182,132,1,0,2,1,30,74,29,100,1
8.45,396,407,2,1,0,4,61,9,59,86,1
6.67,480,190,0,2,3,0,1828,58,53,79,2
9.96,402,462,1,4,3,2,567,52,74,66,1
6.93,462,25,3,6,1,2,2308,92,84,99,1
9.77,416,363,1,1,3,1,2831,40,51,83,2
8.6,201,88,4,0,4,4,2672,4,78,84,2
8.43,64,91,0,4,3,1,1223,2,59,71,2
8.05,443,32,4,4,2,1,96,76,48,82,1
6.92,395,237,2,5,4,1,1849,79,90,80,1
6.71,42,17,3,5,2,0,2367,71,44,100,2
6.88,220,273,0,6,2,1,845,27,89,64,2
6.75,16,421,3,3,1,2,1344,23,52,77,2
9.12,323,288,0,7,1,4,1169,37,51,96,1
7.4,284,26,4,7,4,3,2869,65,63,75,1
6.23,182,304,2,7,3,3,2790,61,85,100,2
9.88,390,433,1,2,5,3,70,5,37,92,1
9.54,43,398,3,5,5,4,2555,18,70,66,2
9.71,460,107,0,2,0,1,1074,17,3,69,1
9.98,388,460,0,0,3,4,2884,61,48,63,2
6.7,187,435,3,5,4,4,1096,37,66,79,1
7.58,389,225,1,1,0,0,2806,87,24,71,2
9.03,481,323,2,3,2,4,1950,38,84,75,1
8.78,500,354,0,2,2,0,1495,19,63,77,2
6.62,262,18,0,3,0,2,1432,87,23,62,2
9.26,173,222,3,1,2,0,520,55,64,94,1
6.9,440,280,3,7,3,3,441,54,51,87,1
6.9,53,103,0,4,1,0,1817,1,50,66,2
8.15,219,331,0,1,5,2,1954,99,70,85,2
8.37,45,331,0,4,3,4,2329,15,24,88,2
8.32,393,361,4,1,2,3,1097,98,68,67,1
6.37,259,408,0,3,1,0,2017,6,49,83,2
9.51,194,288,2,1,3,1,1222,59,11,68,1
7.06,408,443,2,5,5,4,1414,29,99,61,1
6.52,470,36,1,2,2,3,1490,34,19,85,2
9.55,346,347,3,2,3,3,2027,38,53,99,1
9.82,461,379,1,0,2,0,1127,42,11,71,1
9.45,60,243,0,6,4,4,2266,15,27,79,2
9.24,165,42,3,5,0,4,1828,15,49,79,1
8.62,159,125,0,2,2,1,1060,23,18,84,2
8.2,150,8,3,7,5,1,1227,13,53,87,1
6.35,110,13,4,2,3,3,658,15,61,79,1
7.63,487,130,4,4,5,3,2063,31,6,61,1
7.49,36,324,4,5,2,2,768,51,67,64,1
7.04,2,183,1,3,2,3,2393,70,86,93,2
8.89,482,281,3,3,5,1,272,88,92,82,1
7.98,12,382,1,4,3,0,2124,86,40,93,2
6.32,161,52,3,2,3,2,14,1,98,100,1
6.88,343,40,0,1,1,3,1718,72,79,75,2
8.73,448,337,4,4,5,1,58,100,40,60,1
6.3,331,357,4,3,5,2,2765,31,81,75,2
9.4,263,20,3,7,2,0,1022,42,100,100,1
7.98,82,376,1,7,4,0,1255,85,94,95,1
7.92,264,294,1,0,0,1,484,17,43,78,2
8.37,411,207,2,3,5,4,2729,41,35,78,2
9.3,333,487,4,1,2,1,1757,62,57,98,1
7.39,379,150,4,3,3,1,795,86,10,93,1
8.71,218,476,1,4,1,1,2253,8,22,89,2
8.26,145,457,4,0,2,4,2110,90,86,68,2
7.07,297,441,1,3,4,3,977,97,11,74,2
9.51,296,68,2,4,3,3,2972,8,66,69,2
9.19,453,330,3,6,4,0,2452,84,83,62,1
8.63,160,412,3,4,4,3,55,16,86,75,1
9.4,228,317,2,6,5,1,307,4,34,97,1
9.47,233,436,4,4,0,3,629,13,96,74,1
8.83,88,300,0,0,0,4,1093,81,65,68,2
9.35,332,26,4,4,5,3,1880,23,43,62,1
8.79,309,115,1,7,2,1,201,72,52,65,1
8.72,214,417,0,0,0,3,97,30,36,86,1
8.47,419,141,2,5,2,0,2466,84,23,66,1
9.01,96,40,3,7,2,3,750,98,82,74,1
6.63,212,105,3,6,5,0,411,62,88,92,1
9.52,353,73,4,1,3,2,613,25,4,83,1
9.49,311,59,3,1,3,4,609,16,73,83,1
6.12,99,297,4,1,1,0,1392,3,28,78,2
9.3,144,121,1,5,0,2,2342,6,50,82,2
6.52,9,434,1,4,5,2,2333,2,71,87,2
7.34,470,202,2,0,1,1,803,40,17,63,1
8.97,43,10,1,5,5,2,1300,94,28,84,2
6.64,250,418,4,7,4,4,1683,20,76,74,1
9.27,385,146,3,1,2,4,2329,59,32,64,1
9.33,226,215,1,2,2,4,605,77,40,96,1
8.03,397,373,1,1,3,4,1306,43,0,61,2
6.03,248,320,4,4,4,1,2926,90,62,80,2
7.15,494,459,1,6,2,3,1971,37,81,71,1
8.47,492,444,3,7,2,0,194,22,79,71,1
9.92,168,302,3,5,4,1,2749,73,23,68,1
8.53,129,13,3,2,4,1,911,60,93,64,1
7.04,18,66,3,5,2,0,2605,20,40,77,2
8.54,335,179,0,3,4,0,1798,2,53,98,2
8.16,234,364,3,7,0,3,698,47,5,60,1
9.12,491,241,0,2,4,3,1921,10,98,88,2
6.43,344,159,3,3,1,4,43,12,57,99,1
9.04,0,463,3,2,1,3,1808,8,88,94,2
8.17,129,485,4,7,2,3,14,78,17,79,1
9.85,495,9,3,0,2,0,19,50,68,79,1
7.37,26,123,1,2,3,2,51,65,74,90,2
8.53,1,272,3,1,4,4,2352,87,45,81,2
9.73,249,240,2,6,1,4,1676,76,98,100,1
6.41,221,423,4,3,3,1,2758,87,45,100,2
9.75,434,451,4,7,2,3,291,22,9,99,1
8.75,137,446,3,3,5,3,1222,33,81,71,1
6.27,274,142,2,5,5,0,1542,66,22,65,2
7.2,489,352,3,1,0,3,355,77,36,62,1
8.83,463,166,1,7,4,1,1260,25,87,97,1
6.27,140,56,4,0,3,0,267,60,31,90,1
8.33,431,137,4,2,0,4,1958,64,32,95,1
7.38,255,326,2,7,5,3,1562,92,43,79,1
8.48,369,352,0,0,2,3,924,11,71,98,2
6.18,311,16,2,1,1,1,1608,4,44,61,2
9.49,455,331,1,7,3,1,89,59,14,89,1
9.89,439,272,2,6,3,0,1107,50,38,75,1
9.88,433,366,0,2,2,4,2000,51,31,93,2
9.0,94,375,1,1,2,1,1842,54,30,84,2
6.52,172,399,1,3,1,1,1978,70,67,79,2
9.03,472,374,0,3,1,4,1562,98,13,62,1
6.1,442,333,3,3,1,2,1807,70,13,99,1
6.09,422,2,2,4,0,0,2508,46,50,76,2
7.29,404,242,1,4,0,2,1304,88,41,76,1
7.95,438,107,2,3,2,4,2893,95,76,96,2
9.08,56,50,0,6,3,3,2235,27,49,96,2
8.73,497,369,4,4,0,0,1849,42,30,81,1
7.78,101,349,0,6,2,4,1425,89,17,89,2
7.09,168,173,2,4,5,4,1997,56,83,98,2
9.99,476,115,1,5,5,0,2539,73,23,84,1
7.7,69,182,2,1,0,2,1665,96,15,62,2
7.81,337,360,4,5,1,3,139,72,10,78,1
6.65,48,354,1,6,5,2,276,34,21,67,1
9.18,427,153,4,2,2,1,1567,69,50,77,1
8.77,418,246,3,7,5,2,611,17,35,69,1
6.88,346,75,0,3,1,1,447,67,79,97,2
6.33,4,414,3,5,4,0,355,82,66,80,1
8.72,454,243,2,5,5,1,2844,69,13,93,1
8.62,201,80,3,4,3,4,947,96,98,77,1
7.09,201,228,0,1,1,1,1077,67,82,93,2
9.8,178,71,1,1,3,4,1140,96,10,93,1
6.6,56,402,4,5,2,4,1001,48,97,90,1
7.73,185,217,1,2,4,2,1324,3,13,75,2
9.77,91,451,3,6,3,3,1232,84,65,93,1
7.68,291,398,2,1,5,2,1777,27,77,94,2
8.55,393,242,3,0,0,2,109,63,25,79,1
7.59,433,366,0,0,5,4,1804,6,76,85,2
7.1,482,313,0,3,5,3,2204,71,18,62,2
9.94,500,77,2,5,2,4,1013,98,77,68,1
7.64,226,157,1,2,4,3,1999,11,41,81,2
9.58,420,47,0,5,0,1,584,82,88,62,1
6.92,111,311,0,0,0,4,1759,41,10,72,3
6.85,147,297,2,6,5,2,2809,37,34,93,2
6.12,268,23,1,2,4,4,1134,17,41,71,2
8.61,202,109,3,6,1,0,30,27,97,74,1
7.47,377,51,4,3,4,0,1443,63,39,100,1
9.46,364,426,2,1,4,0,358,37,3,68,1
7.89,402,289,1,1,4,2,597,95,47,73,1
9.87,347,443,4,1,3,2,1405,58,96,97,1
6.74,357,466,2,0,1,0,2896,93,9,85,2
9.47,55,258,3,6,2,2,776,31,44,86,1
9.11,300,323,3,2,0,2,731,85,86,93,1
9.08,315,138,1,0,5,2,1152,49,7,91,2
9.38,451,396,1,7,3,0,289,68,75,75,1
9.04,184,305,3,4,1,1,1100,70,17,90,1
8.5,53,337,3,2,4,1,299,72,66,74,1
6.52,36,274,2,7,5,3,1581,2,3,98,2
6.13,210,43,1,3,5,4,746,54,20,97,2
9.68,292,416,4,6,3,1,2519,18,59,98,1
8.47,500,421,3,0,3,3,2798,17,72,88,2
9.19,269,258,4,1,0,1,2542,29,43,81,1
7.93,350,112,1,1,2,0,115,51,60,63,1
6.47,219,226,1,1,1,3,164,100,91,89,2
6.5,227,64,0,0,5,0,2841,71,78,91,3
8.74,427,162,3,6,5,0,2261,28,90,63,1
7.72,357,163,1,0,1,3,293,16,67,60,1
6.8,210,165,1,1,1,3,1145,18,25,97,2
7.97,297,38,3,1,4,1,396,55,65,96,1
6.26,0,152,0,1,4,1,1952,13,84,95,3
8.33,22,319,0,4,3,4,1969,15,17,99,2
7.08,447,359,0,0,5,1,2470,62,65,66,2
9.19,283,268,0,1,2,3,1592,78,6,97,2
7.24,495,323,2,3,0,1,1985,99,19,96,2
7.82,387,325,3,1,5,3,1405,17,43,83,1
6.05,424,74,3,6,0,4,2330,100,79,92,1
6.29,187,256,3,0,2,3,2617,94,77,74,2
7.57,17,199,0,3,1,4,910,39,95,84,2
7.92,446,437,0,7,2,4,440,12,78,84,1
8.4,444,97,1,6,0,4,2374,72,57,73,1
7.17,48,103,2,5,4,0,297,63,49,71,1
8.78,46,371,3,5,2,2,2099,48,29,99,1
9.44,114,392,2,5,3,3,2516,70,47,71,2
9.12,38,163,3,6,4,1,1475,96,70,75,1
6.16,216,112,0,0,3,2,501,23,23,84,2
7.92,209,102,0,0,3,2,2923,99,80,70,3
6.42,261,489,3,6,2,0,524,26,80,64,1
6.97,210,36,4,0,3,3,97,42,4,73,1
9.95,52,105,0,2,5,3,2993,9,54,88,2
6.57,459,186,1,6,1,1,2034,12,0,61,2
8.0,280,363,0,3,2,0,1645,60,49,61,2
8.47,354,20,1,7,0,2,2817,21,42,71,2
8.81,320,147,2,4,1,3,2707,53,84,64,2
8.24,132,485,0,7,4,0,1730,5,29,71,2
6.04,448,128,0,4,2,4,442,49,67,92,1
7.31,263,482,2,2,0,3,343,20,68,69,1
8.07,294,186,1,0,0,2,2632,90,40,94,2
6.35,110,283,4,7,2,4,126,43,20,72,1
7.4,42,198,1,4,1,4,1284,97,19,98,2
6.13,337,234,3,3,5,4,904,69,19,99,1
6.31,237,439,3,6,0,2,539,6,36,69,1
7.59,378,107,3,1,2,0,1562,34,80,74,1
6.53,456,8,2,6,2,3,2401,93,72,97,2
8.27,388,448,1,3,5,0,2859,74,95,68,2
8.76,246,419,0,0,3,2,2925,63,22,85,3
9.2,3,225,3,3,2,1,2032,29,83,61,2
6.8,363,417,1,7,0,3,2088,57,8,93,2
6.67,348,208,0,5,3,3,2499,57,89,81,2
6.42,384,244,1,0,0,1,2761,20,80,71,2
8.55,349,287,2,3,1,4,202,40,83,76,1
8.83,311,65,3,2,1,3,2589,10,94,77,2
6.13,172,355,4,6,0,3,1271,69,81,80,1
9.74,192,152,3,3,4,3,2430,82,84,81,1
6.21,2,490,3,7,4,2,1962,46,90,80,2
8.17,277,434,2,7,4,1,242,24,62,94,1
8.84,455,190,0,7,0,3,2295,31,25,97,1
9.48,55,217,3,6,2,1,963,26,38,84,1
8.86,273,428,0,5,3,4,1854,45,14,95,2
9.21,408,153,0,7,2,3,1435,11,61,72,1
7.36,175,276,2,4,5,0,96,12,57,78,1
9.26,115,81,3,1,0,0,106,68,30,74,1
6.32,83,220,2,2,5,0,221,11,82,69,2
9.58,158,434,2,7,5,0,1199,48,67,66,1
8.19,285,279,4,3,2,2,2525,89,36,83,1
9.27,79,110,2,7,5,4,1562,34,61,72,1
7.81,65,91,4,7,1,3,2953,17,63,100,2
8.57,208,11,0,0,3,4,1627,81,46,86,2
8.11,9,138,0,7,0,0,1403,66,70,66,2
8.93,198,154,1,2,3,4,396,89,55,65,1
6.33,58,22,1,4,4,4,528,42,16,75,2
6.24,233,416,0,1,4,2,2863,47,9,64,3
6.99,306,463,3,5,1,0,2611,78,42,96,2
6.64,243,219,1,1,0,1,487,25,60,72,2
9.49,378,347,2,3,4,4,1646,64,13,85,1
6.88,392,236,1,5,3,4,2114,77,81,76,2
9.9,53,252,0,4,3,0,1598,50,8,70,2
7.35,445,421,3,4,1,2,71,98,79,73,1
6.73,336,182,0,1,5,3,2952,8,72,81,3
9.16,392,197,3,1,4,0,2566,90,10,98,2
8.63,8,169,1,4,2,3,2680,31,26,90,2
7.99,100,122,2,6,4,1,1023,68,93,100,1
8.22,407,412,2,1,1,3,2619,56,13,94,2
8.88,294,33,0,0,4,4,1811,61,13,100,2
6.91,202,380,3,1,0,2,1615,95,28,94,2
9.99,391,312,1,0,1,1,1976,30,10,88,2
9.9,152,2,3,7,2,2,2285,69,14,88,1
8.6,109,5,3,5,3,2,2014,52,43,87,1
6.8,321,303,3,1,4,3,1162,55,13,79,1
8.72,265,101,1,2,5,2,2221,94,90,64,2
6.29,372,191,3,2,3,1,863,94,2,87,1
6.12,151,375,2,6,1,2,2753,43,11,90,2
7.03,495,12,0,6,3,1,2226,61,57,81,2
7.85,463,35,4,5,5,4,2464,59,13,87,1
9.47,82,462,3,5,5,4,957,38,40,86,1
8.91,442,69,2,6,5,3,2192,6,16,85,1
8.97,414,288,2,2,5,0,450,51,80,85,1
7.7,394,104,0,5,0,4,2878,73,97,86,2
7.38,133,203,0,7,5,0,746,94,93,87,1
7.48,325,312,4,0,1,1,2370,44,86,97,2
9.95,159,54,4,6,1,0,963,4,35,78,1
6.16,38,106,4,0,4,2,772,31,24,66,2
9.47,175,140,1,3,1,1,2025,77,31,100,2
8.31,12,224,1,7,0,2,1579,40,22,88,2
7.75,314,306,2,3,4,0,2194,13,40,83,2
8.9,66,347,0,1,0,2,2222,7,79,81,2
7.95,439,308,3,0,2,1,2806,83,95,67,2
9.49,247,35,0,7,4,2,814,40,42,79,1
9.6,40,132,1,6,1,0,1749,73,73,82,2
7.69,183,374,2,7,1,2,1941,9,56,71,1
7.11,34,24,3,2,1,2,1639,7,33,100,2
8.37,421,336,4,2,2,3,2752,80,32,87,1
9.65,336,36,4,7,0,1,1577,51,56,82,1
6.84,450,18,1,6,1,3,401,51,27,80,1
8.49,289,34,2,2,5,0,1909,76,50,84,2
8.53,75,362,0,1,3,4,1737,36,59,92,2
8.93,471,417,1,0,5,0,2123,35,6,63,2
6.53,69,309,0,5,1,0,462,20,1,68,2
8.86,233,429,3,1,4,0,2680,43,34,100,2
9.64,10,5,0,5,4,0,1574,46,47,80,2
6.72,367,466,3,4,3,3,2822,65,6,60,2
6.95,282,384,2,4,2,0,1722,93,76,84,2
9.89,303,198,1,3,4,2,1979,18,66,91,2
6.72,23,33,0,5,2,0,2497,78,88,76,3
9.42,273,55,2,0,2,4,525,23,70,73,1
7.97,26,255,2,7,3,1,1691,76,61,80,2
6.99,53,210,0,5,4,3,921,87,54,62,2
9.48,54,96,4,5,5,3,2744,50,90,95,1
7.78,375,281,4,2,1,3,68,0,21,60,1
8.06,232,488,3,0,5,3,699,17,27,76,1
7.44,276,500,2,6,5,0,2287,81,4,81,2
8.37,442,240,1,5,5,4,2811,50,65,98,2
6.65,370,169,1,5,2,0,2143,38,47,90,2
7.56,417,346,2,5,2,1,977,100,55,70,1
9.88,119,293,4,3,4,1,3,58,35,63,1
7.03,224,409,2,6,4,0,569,10,23,96,1
8.63,57,226,3,2,5,0,1926,27,31,78,2
7.3,254,314,2,1,3,0,1349,10,85,90,2
9.09,175,126,0,2,0,4,2847,52,69,86,2
6.52,53,467,4,5,5,3,3,95,86,77,1
9.88,145,279,0,5,5,1,1036,33,45,98,1
7.82,258,366,0,6,0,1,2908,56,77,73,2
6.94,151,20,2,4,0,3,1484,0,54,64,2
6.29,384,315,2,1,2,3,2666,14,14,82,2
6.68,261,245,1,5,3,1,787,23,42,96,1
8.08,18,89,0,6,0,1,917,39,62,85,2
7.35,341,403,2,2,5,4,1233,56,61,70,1
9.32,370,5,1,6,4,1,2062,65,69,86,1
7.72,170,450,0,1,5,0,1779,69,21,79,2
6.99,378,265,1,4,2,0,331,65,87,73,1
8.47,391,395,4,4,2,3,541,80,77,98,1
8.83,196,96,3,0,5,3,1906,70,24,98,2
6.67,435,149,0,5,4,0,263,66,90,96,1
6.67,72,445,2,6,3,3,2097,23,60,99,2
6.15,302,444,4,4,3,0,1729,50,37,87,1
8.95,84,79,1,4,0,4,489,75,50,100,1
8.66,283,16,3,4,4,3,398,81,77,64,1
7.9,301,137,0,5,1,2,2832,55,84,92,2
9.38,131,139,3,6,3,1,1680,71,80,90,1
9.22,119,338,4,3,0,0,1877,43,77,85,1
8.34,215,39,3,6,2,1,909,60,96,66,1
9.47,135,406,0,6,3,1,2386,25,57,93,2
6.82,115,167,4,6,1,3,1437,64,8,62,1
6.45,60,73,1,4,2,1,469,0,81,83,2
7.08,16,73,0,6,2,2,841,2,10,66,2
6.23,33,49,3,0,4,3,991,67,48,87,2
8.12,19,9,0,1,4,0,61,87,92,91,2
9.75,207,102,4,3,5,1,933,75,68,66,1
6.16,457,349,3,1,3,1,2833,77,87,68,2
6.49,161,387,1,1,1,4,1624,87,52,74,2
7.81,298,384,2,7,4,0,1455,29,68,68,1
9.74,9,298,1,6,0,4,800,32,9,93,1
7.26,93,338,0,6,2,0,886,20,1,96,2
8.03,413,388,2,0,0,1,638,14,86,63,1
6.17,370,477,4,6,2,1,2631,62,31,97,1
6.59,408,473,3,3,0,2,909,59,64,73,1
9.95,382,103,3,5,2,3,1698,46,95,77,1
9.86,440,289,4,2,4,2,299,95,17,100,1
6.02,365,449,0,4,0,0,2781,100,15,63,2
9.81,446,279,1,1,3,0,325,94,15,62,1
8.56,106,141,2,1,3,0,1700,64,36,78,2
9.47,104,296,4,0,1,0,1615,50,54,86,1
7.82,70,169,0,5,1,3,1860,32,58,89,2
8.06,430,12,0,0,5,1,999,97,54,72,2
7.96,83,156,2,0,1,2,2431,74,87,92,2
8.67,208,448,4,7,0,1,1253,99,53,63,1
6.56,258,173,1,3,2,4,1837,97,82,94,2
6.12,238,161,1,6,5,2,358,8,39,78,1
7.23,301,446,4,7,1,0,1752,30,0,98,1
8.82,231,131,3,5,4,0,2388,28,10,91,1
6.81,419,27,1,6,3,4,944,76,82,64,1
8.69,281,82,3,6,3,2,41,9,4,76,1
9.88,393,384,4,4,4,3,934,8,20,94,1
6.38,417,419,0,3,3,3,2408,44,54,76,2
8.69,205,362,4,0,0,0,1227,2,19,76,1
7.78,263,268,0,6,4,0,1291,81,81,84,2
9.47,310,250,4,0,0,0,2832,26,97,100,2
6.71,346,369,3,5,5,4,65,31,22,67,1
8.77,393,105,3,5,3,4,1505,7,82,87,1
9.35,184,260,4,6,4,1,711,76,9,78,1
9.78,113,352,0,1,4,4,839,17,47,67,2
8.73,78,13,4,3,5,2,513,25,100,68,1
7.99,356,79,0,6,5,4,2503,79,44,77,2
8.47,341,375,3,3,5,2,2642,84,33,62,2
9.48,300,159,2,5,4,3,245,88,60,86,1
8.28,49,177,1,4,3,1,2597,59,63,93,2
6.12,319,154,3,3,3,4,1422,3,42,75,1
9.72,94,34,4,7,3,3,2292,32,84,89,1
8.76,257,258,4,5,1,2,1871,93,63,95,1
8.71,428,259,0,7,1,1,1817,30,39,69,1
6.86,350,134,1,7,2,3,1874,32,43,95,2
8.64,61,460,3,4,4,2,2692,69,78,82,2
7.58,141,488,1,2,3,1,2074,14,21,88,2
8.6,329,130,1,5,4,0,655,78,16,90,1
6.43,221,80,3,4,5,4,2213,38,41,99,2
8.63,355,366,0,0,0,0,1066,30,6,90,2
10.0,110,58,0,2,0,0,2704,72,63,76,2
6.19,103,73,0,6,3,0,554,31,51,64,2
9.91,14,238,2,1,1,3,1062,63,24,93,1
7.63,269,128,1,1,2,0,1729,37,57,84,2
9.48,158,411,2,1,1,0,2693,41,21,83,2
9.13,156,314,0,0,4,3,607,84,73,72,2
8.27,26,373,3,7,1,4,1056,52,54,70,1
8.95,84,436,1,6,3,1,2346,11,49,99,2
9.51,8,137,3,5,5,1,382,34,45,77,1
7.62,275,454,4,1,5,4,2565,78,15,90,2
7.31,226,102,1,4,1,3,608,51,76,61,1
8.67,185,386,3,5,0,0,1303,91,42,81,1
9.23,78,390,0,0,3,1,2278,95,34,73,2
9.05,215,8,2,3,3,4,2440,89,57,73,2
9.19,432,231,3,0,3,4,1350,61,29,70,1
7.74,56,98,4,6,1,0,731,73,48,95,1
9.27,143,217,0,0,0,4,2029,22,68,68,2
6.48,355,452,4,7,1,3,1299,0,38,63,1
8.18,330,396,2,3,4,3,1452,79,60,91,1
6.02,391,236,4,6,5,1,2796,58,69,97,2
7.3,66,221,3,4,2,2,2551,84,83,73,2
7.47,274,167,3,2,2,4,2909,46,38,89,2
7.58,493,369,0,3,5,3,1830,80,5,92,2
8.78,104,61,2,0,2,0,2988,19,4,73,2
7.55,450,317,2,1,5,0,390,89,6,90,1
7.79,419,486,1,3,4,2,2307,16,78,90,2
6.95,472,9,1,3,4,2,1520,88,81,74,2
7.49,187,233,3,2,4,2,2465,24,100,60,2
6.91,163,86,4,7,0,0,578,67,26,67,1
6.29,266,266,4,6,3,4,2043,91,22,84,1
8.41,50,203,0,0,5,3,1406,64,92,85,2
8.67,125,317,2,1,4,0,2923,77,87,83,2
8.48,79,332,3,1,2,3,611,21,88,94,1
7.85,182,359,4,2,5,2,171,77,83,78,1
7.52,309,240,1,5,2,1,2635,14,45,71,2
9.45,16,55,3,1,5,4,2670,68,20,72,2
8.08,445,109,0,7,5,2,2776,14,39,75,2
7.92,169,48,3,7,1,2,528,62,65,88,1
6.1,279,242,4,4,3,3,1113,46,47,69,1
7.36,400,15,0,7,4,0,791,33,48,91,1
7.52,303,72,1,3,3,1,2235,92,41,77,2
7.6,339,371,1,3,4,4,359,85,45,70,1
8.32,213,201,4,7,2,1,2339,15,83,66,1
8.13,197,92,0,1,3,2,1241,70,10,83,2
8.43,6,136,1,1,3,1,1193,64,65,71,2
9.06,397,32,0,1,4,4,373,50,60,75,1
9.25,10,87,3,3,4,2,487,6,14,70,1
8.87,11,418,2,1,3,4,1389,85,25,89,2
9.82,109,202,2,4,5,1,2401,7,2,92,2
6.07,132,38,2,4,4,2,406,0,17,92,1
6.78,388,113,1,3,3,2,2042,86,19,64,2
6.03,127,332,4,5,1,4,278,31,87,76,1
8.59,147,246,2,0,3,0,727,88,58,93,1
9.59,53,342,4,6,0,2,2718,44,79,75,1
6.97,310,408,2,7,3,4,2135,7,86,68,2
9.71,441,369,3,0,5,4,1835,62,9,91,1
6.24,78,207,2,0,1,4,2671,87,85,95,3
9.74,345,311,4,4,1,0,2060,99,83,86,1
7.41,96,431,1,6,5,3,339,68,47,89,1
6.41,248,468,3,2,2,2,455,46,73,74,1
7.94,126,393,4,6,5,1,2459,36,25,86,1
7.03,29,296,0,0,2,4,922,87,48,81,2
7.14,23,359,2,2,0,1,146,62,85,81,1
7.23,470,210,3,3,4,4,92,58,11,83,1
9.21,200,354,1,6,4,4,1867,71,70,73,1
8.16,130,58,0,7,1,2,1617,1,60,97,2
7.25,121,155,2,4,1,0,2749,95,96,65,2
8.44,355,121,3,5,2,0,686,86,61,76,1
8.86,431,119,4,7,1,1,1565,31,17,87,1
7.09,326,296,2,7,3,3,2720,66,47,83,2
7.65,149,321,3,7,3,0,2703,81,43,74,2
6.49,13,434,2,0,0,0,2258,98,41,87,3
6.72,303,61,3,7,3,3,2217,91,74,73,1
8.72,28,157,4,4,0,0,1839,83,75,70,1
6.73,49,39,2,3,2,2,2337,21,31,60,2
8.1,463,241,3,4,3,2,1324,0,35,76,1
8.84,239,39,0,1,0,1,2314,41,35,84,2
6.43,481,452,1,0,4,1,408,71,9,61,1
8.27,393,357,3,4,0,1,2682,7,100,61,1
7.03,454,189,3,5,5,2,875,83,40,98,1
9.85,472,233,3,4,3,1,859,16,94,74,1
7.93,282,14,2,4,0,1,20,78,2,72,1
9.22,334,123,1,3,5,2,233,47,47,71,1
8.2,351,227,2,0,2,3,793,85,47,70,1
6.17,155,386,3,7,1,1,241,15,48,88,1
8.53,136,279,3,5,4,0,2475,96,38,70,2
9.81,326,424,1,0,2,2,1973,87,75,63,2
8.41,335,446,0,1,4,3,725,19,57,60,2
9.28,153,47,2,1,4,0,1714,29,15,86,2
9.54,482,188,0,6,5,0,55,32,28,94,1
6.91,80,303,3,4,0,4,909,88,64,72,1
6.85,86,46,3,0,1,3,1201,45,91,90,2
8.44,263,183,4,7,0,4,2908,35,44,70,1
7.64,257,104,4,7,0,2,2315,71,71,69,1
9.36,478,368,0,6,3,3,2679,93,97,96,2
9.6,184,500,4,6,0,4,206,79,79,67,1
7.41,179,459,1,0,1,2,2644,39,59,75,3
6.95,185,246,0,4,2,1,1769,78,89,64,2
9.12,122,263,4,2,5,0,20,26,21,80,1
7.1,376,205,4,0,0,2,2120,44,24,67,2
9.29,95,17,1,4,1,3,1840,73,87,94,2
7.69,92,363,1,4,0,0,913,23,6,64,2
8.67,2,250,0,6,5,0,243,30,20,72,1
6.38,391,237,2,2,4,2,1300,18,64,72,2
8.5,442,339,1,1,5,1,430,55,1,64,1
7.81,1,406,4,7,0,2,2335,64,16,92,1
8.35,478,452,0,5,3,4,614,1,91,75,1
6.67,445,320,2,4,4,4,2995,38,47,79,2
8.95,370,364,0,0,1,4,120,11,18,97,1
9.45,304,301,4,1,5,3,248,29,93,87,1
6.87,356,65,2,1,0,2,1363,39,46,75,2
6.38,147,335,2,1,4,0,787,12,60,91,2
6.09,284,452,1,4,4,3,318,88,13,91,1
8.57,144,149,3,0,2,4,940,96,55,70,1
8.43,329,192,4,5,4,3,717,88,28,61,1
8.19,360,395,3,2,5,0,2726,17,1,63,2
6.93,405,146,4,3,1,3,1841,71,10,72,1
7.56,261,405,0,3,0,1,321,95,31,64,1
8.38,61,182,3,1,5,4,283,11,34,66,1
7.99,490,105,2,6,4,2,485,53,42,72,1
9.95,225,235,1,3,1,4,570,53,72,81,1
6.55,30,125,4,6,2,4,1255,82,33,61,1
8.78,189,445,1,7,0,2,960,84,72,99,1
7.62,374,178,4,3,3,2,1217,43,63,85,1
7.71,267,431,2,4,4,0,2575,65,46,88,2
8.87,11,400,2,2,4,0,1208,52,8,67,2
8.77,190,12,2,3,2,1,1826,63,2,79,2
9.97,399,230,2,6,1,3,844,59,90,62,1
6.51,24,27,2,5,2,3,2236,74,44,100,2
6.42,405,378,1,5,1,3,1703,50,20,65,2
8.9,90,322,0,2,0,4,1773,88,57,60,2
8.31,87,260,3,3,4,4,1090,0,97,78,1
7.1,331,99,1,5,3,2,288,98,91,99,1
6.32,500,187,3,1,2,1,1075,96,96,71,1
6.34,273,398,0,7,5,1,2842,90,98,61,2
9.58,300,336,4,1,3,3,1593,20,39,100,1
6.77,110,299,0,5,3,2,2132,77,49,95,2
7.29,79,118,0,7,4,3,1212,54,68,96,2
6.91,323,45,4,2,4,4,2231,2,45,99,2
7.42,139,412,3,6,5,2,1798,62,45,68,1
6.28,432,67,2,7,3,3,503,62,94,94,1
8.08,416,383,4,7,0,1,2567,28,41,100,1
6.27,213,479,4,2,5,0,2385,16,52,99,2
9.2,446,304,0,7,3,4,118,57,32,82,1
6.93,17,170,4,2,1,3,351,3,88,67,1
8.16,53,357,1,2,5,2,631,61,21,74,2
9.52,367,195,2,0,1,2,210,85,57,82,1
8.6,96,332,0,1,1,3,1257,77,7,95,2
8.13,282,19,3,3,1,1,124,77,8,96,1
7.3,233,110,3,0,2,3,590,56,10,71,1
7.33,466,145,3,2,0,4,133,72,94,77,1
8.68,239,191,3,3,2,2,215,65,92,85,1
9.98,333,432,3,1,2,4,1025,100,86,89,1
8.65,408,370,0,2,1,0,340,4,36,87,1
8.23,417,425,1,4,0,1,2685,17,19,71,2
8.92,343,228,1,2,0,3,1637,42,47,67,2
7.86,485,11,3,3,3,3,1802,95,86,92,1
6.24,443,216,1,1,5,1,178,40,8,73,1
8.25,53,477,2,6,2,2,837,8,45,60,1
9.83,86,78,1,7,5,3,1321,67,81,60,1
6.7,260,374,4,7,5,1,1466,66,93,86,1
8.76,235,35,3,2,0,3,2029,100,25,93,1
6.8,122,263,4,1,4,2,1101,20,15,67,1
8.14,419,27,4,7,5,1,2628,38,49,69,1
6.39,53,371,3,0,2,2,792,45,83,79,2
7.8,215,85,0,4,5,3,475,93,15,96,1
9.02,419,187,1,5,0,1,2360,100,87,60,1
7.39,196,304,2,5,4,0,2276,87,15,89,2
8.66,38,253,0,0,5,3,2795,64,58,84,3
9.18,453,421,2,5,4,1,1828,15,95,89,1
9.71,364,79,3,4,4,0,2818,27,37,85,1
6.94,227,185,1,6,1,1,2528,93,61,77,2
7.6,236,4,0,0,3,4,1592,82,80,69,2
6.61,131,45,3,1,5,4,2001,86,56,66,2
9.97,329,353,0,6,5,1,780,33,52,69,1
9.71,499,496,4,1,3,1,2444,100,35,65,1
8.16,320,101,1,0,0,4,2120,22,41,63,2
9.37,468,458,1,6,0,3,2454,15,53,99,1
8.08,167,1,3,3,5,4,1086,40,87,69,1
8.49,486,216,3,0,5,4,2553,95,88,85,2
6.36,36,24,3,2,3,4,1472,79,78,100,2
9.02,66,256,1,3,4,2,2076,34,51,86,2
6.51,110,222,4,1,0,3,1011,90,20,91,1
9.3,414,452,1,0,5,2,1881,66,39,65,2
9.13,218,423,3,6,1,3,1692,62,15,88,1
8.83,208,323,2,3,1,2,2564,19,82,98,2
6.14,380,498,4,6,3,2,2477,90,19,82,1
7.21,86,68,1,2,0,1,858,65,4,90,2
7.05,460,196,2,4,0,4,2445,76,14,95,2
7.44,302,271,4,1,5,1,2541,5,39,96,2
6.35,410,181,1,3,5,1,2512,77,73,64,2
9.75,178,446,3,5,4,1,749,87,74,64,1
8.22,403,17,1,3,0,0,2308,90,97,65,2
7.22,493,106,4,6,3,3,1981,8,43,79,1
7.59,500,16,3,7,0,1,2921,49,56,65,1
7.79,12,124,0,7,5,1,2970,86,71,87,2
8.4,446,482,2,5,0,0,108,98,39,71,1
8.06,299,81,3,3,1,0,1382,63,62,92,1
9.68,407,3,3,0,3,4,2694,50,23,73,2
7.99,124,114,4,1,2,1,2790,36,97,91,2
9.97,374,350,4,1,3,3,2893,77,39,95,1
9.41,232,350,2,0,3,1,2488,89,20,81,2
6.83,250,136,4,0,5,4,2641,71,65,89,2
9.72,386,286,3,5,2,1,1691,44,18,60,1
6.47,125,388,2,5,5,0,2339,30,13,71,2
9.27,234,227,2,5,2,0,744,71,75,65,1
7.52,137,15,1,6,1,4,2529,35,100,73,2
9.51,448,297,3,7,4,4,2746,93,19,76,1
9.47,48,424,3,0,3,0,1876,58,56,91,2
9.22,379,463,4,6,3,0,1139,15,19,94,1
9.16,185,211,3,6,3,1,2911,52,30,83,1
7.22,204,245,4,2,3,4,1401,94,28,98,1
6.32,77,285,3,3,1,1,2641,30,74,62,2
7.61,480,281,1,2,3,0,2081,34,55,75,2
6.69,385,176,3,1,2,3,1636,36,51,83,2
8.78,193,30,1,0,2,4,1349,77,74,75,2
7.38,102,49,3,3,0,1,1576,61,81,69,2
9.9,104,142,3,7,1,4,1274,38,73,77,1
8.56,375,51,0,5,0,3,559,55,17,71,1
9.29,286,232,3,4,3,2,2733,88,8,81,1
6.53,323,165,1,6,1,0,2331,64,60,100,2
9.45,481,37,2,3,1,3,2183,62,57,98,1
9.69,210,490,1,4,4,2,2490,28,69,96,2
7.95,249,443,3,3,4,1,526,91,75,78,1
8.43,292,19,4,0,0,3,900,92,0,78,1
9.06,200,98,0,4,0,2,1650,73,73,61,2
6.7,23,214,4,4,2,3,1872,7,65,81,2
8.01,460,43,0,1,2,2,1371,93,44,99,2
7.59,299,110,0,3,5,1,422,29,40,74,1
6.59,477,486,4,2,5,1,1940,40,71,63,1
7.47,82,88,3,5,5,1,2606,69,24,73,2
6.27,296,318,1,2,2,1,147,14,29,86,1
6.1,457,117,4,1,1,1,1687,54,90,79,1
6.54,178,433,2,1,3,2,2494,87,43,95,2
9.85,297,405,0,1,0,1,1876,76,76,64,2
8.2,363,238,1,0,2,3,1872,8,31,98,2
9.86,205,71,2,7,1,3,1357,19,5,85,1
7.73,39,309,1,0,4,1,528,35,58,84,2
7.25,303,392,3,0,3,3,127,48,83,67,1
8.02,112,398,2,0,4,1,2334,12,13,92,2
7.76,339,303,4,1,5,3,2126,90,22,99,1
6.42,3,403,1,1,4,4,1409,17,76,92,2
8.56,485,162,4,6,3,0,2205,56,87,89,1
6.86,107,250,4,7,1,3,165,7,47,71,1
8.48,315,356,1,0,4,3,1032,41,59,74,2
8.6,113,194,1,0,1,0,2817,7,46,96,2
6.61,166,59,0,4,4,4,2367,59,9,84,2
6.25,260,97,0,7,2,0,1752,57,45,95,2
9.12,105,417,2,3,5,3,2555,23,73,97,2
7.84,223,355,2,7,3,1,2753,43,7,60,2
6.23,261,354,2,4,0,4,686,62,81,97,1
9.98,250,72,0,3,3,3,939,90,49,66,1
6.23,13,221,4,0,4,1,2680,50,75,74,2
8.78,197,118,3,0,4,1,2570,83,20,98,2
9.93,125,181,3,7,5,4,2770,98,25,91,1
6.96,205,383,1,5,2,3,2773,7,10,67,2
6.57,139,217,0,0,2,2,1290,87,10,89,2
6.49,61,255,1,4,3,1,1086,39,51,79,2
7.21,282,395,3,1,0,0,1110,75,29,88,1
6.4,53,87,1,3,5,2,1971,32,45,61,2
8.77,345,360,0,6,3,0,1225,77,0,74,1
6.25,11,274,0,5,0,4,1640,20,51,89,2
8.04,135,491,0,7,1,1,1837,32,14,65,2
9.99,329,335,3,4,4,1,1621,54,27,82,1
9.26,143,25,0,5,1,4,698,64,62,79,1
8.46,435,406,2,0,3,1,1267,56,57,86,1
7.23,281,120,2,1,0,2,245,69,68,63,1
8.5,135,288,0,6,0,2,225,13,44,86,1
8.11,488,361,2,4,1,4,971,91,40,64,1
7.7,300,440,0,3,2,3,2161,24,71,76,2
6.52,220,29,3,5,2,1,2739,38,37,80,2
9.55,339,406,2,5,5,2,200,22,85,94,1
7.8,208,201,3,5,1,0,1353,42,37,94,1
6.78,402,381,2,0,2,1,2837,55,51,94,2
7.47,400,35,4,3,0,2,1839,16,45,79,1
7.66,358,124,4,5,3,2,2973,30,52,94,1
9.31,379,222,3,0,2,2,1320,51,29,91,1
8.93,448,234,2,0,5,3,2691,27,3,67,2
9.08,122,123,4,2,0,4,1305,6,1,85,1
6.04,115,469,0,3,5,3,2172,17,62,60,3
7.66,156,170,1,6,3,0,2827,79,84,84,2
7.93,269,490,4,1,0,0,1118,5,60,64,1
6.08,16,485,4,0,4,4,2251,65,32,85,2
7.04,268,494,0,1,3,4,2786,19,77,95,3
9.04,348,449,4,4,4,2,1840,86,79,66,1
6.55,481,180,4,0,2,0,2947,1,57,99,2
8.14,218,214,4,7,5,2,1965,24,91,86,1
6.86,318,117,2,5,2,4,2649,5,40,67,2
6.05,237,226,4,7,0,0,122,42,8,81,1
6.96,32,378,1,0,1,2,2669,28,97,67,3
9.9,284,443,2,5,0,1,404,8,74,85,1
9.21,36,36,2,0,5,1,1843,72,18,92,2
9.84,102,316,3,5,5,2,2129,13,92,79,1
7.95,210,95,4,1,5,3,1490,44,43,67,1
6.44,429,119,1,2,4,2,1913,14,72,61,2
8.19,279,490,1,6,5,0,1056,45,6,84,1
7.82,141,436,3,3,3,4,1736,79,30,63,2
9.38,238,11,1,0,1,2,2218,44,66,62,2
6.39,228,121,2,3,0,0,634,63,7,100,1
7.95,132,34,0,5,4,0,2983,43,72,79,2
6.6,124,488,2,3,4,1,1958,8,52,77,2
7.3,52,250,0,5,2,2,1728,91,14,84,2
8.95,87,66,1,7,0,3,1028,67,7,67,1
7.9,97,481,4,3,0,3,124,11,80,98,1
7.5,369,37,0,5,5,4,220,85,95,73,1
7.58,94,279,2,1,5,4,703,0,86,66,2
7.84,413,229,2,7,4,1,2283,43,64,67,1
9.14,187,336,2,5,0,2,829,39,45,96,1
9.57,375,167,2,3,5,4,846,3,99,67,1
9.82,255,448,3,4,2,2,2949,41,6,100,1
9.15,72,440,1,6,1,3,2242,32,77,79,2
7.26,474,327,4,5,4,0,1330,83,9,91,1
8.75,411,245,3,1,2,3,1112,98,84,85,1
7.75,361,78,1,7,2,1,131,1,97,97,1
7.02,281,113,0,1,3,2,2443,9,34,74,2
9.36,17,300,3,4,1,0,806,71,47,91,1
6.15,163,216,3,2,2,0,1955,13,62,69,2
9.61,391,199,3,2,3,1,2310,60,60,71,1
7.85,145,380,3,5,3,0,1704,26,96,86,1
8.55,467,499,0,0,0,2,2815,76,75,72,2
8.64,313,351,2,2,5,3,1059,76,12,69,1
9.58,252,241,3,6,2,2,397,53,94,73,1
8.55,159,12,1,0,4,4,1561,28,52,72,2
8.46,348,365,2,6,0,0,1750,7,78,79,1
6.27,48,206,0,3,1,0,2628,87,98,83,3
8.07,175,261,4,0,5,2,867,68,8,75,1
6.6,465,96,0,2,4,1,2934,91,69,85,2
8.95,326,70,4,0,4,2,1967,65,100,64,1
8.05,64,480,1,1,3,3,1756,84,66,89,2
8.72,475,302,4,6,2,1,683,90,13,81,1
6.17,288,348,3,2,3,0,2562,71,13,98,2
6.34,49,229,2,7,3,0,1069,75,86,89,1
8.87,3,356,2,7,2,1,1712,73,48,84,1
6.29,118,299,3,6,2,1,1086,49,64,77,1
6.29,339,31,2,0,2,1,934,70,99,95,2
6.05,372,249,0,2,3,0,2564,40,96,68,3
9.83,499,253,3,7,5,0,2748,9,87,77,1
8.95,163,258,3,7,2,0,1775,92,89,82,1
7.41,222,181,2,6,2,0,2097,24,9,71,2
7.19,357,339,4,4,4,0,1100,25,38,70,1
7.4,155,461,1,2,3,2,2594,25,56,60,2
9.1,386,475,4,6,2,2,997,69,17,60,1
8.65,261,165,0,4,3,2,812,85,73,64,1
6.74,172,3,3,0,1,1,1877,11,69,86,2
6.7,22,462,3,4,0,0,1322,57,98,66,2
6.39,390,144,0,2,4,2,1842,70,68,77,2
8.64,375,164,1,1,4,1,2245,25,72,78,2
9.06,60,343,3,4,3,3,1313,12,66,97,1
7.06,355,485,4,2,2,4,1250,81,56,63,1
6.08,320,361,0,1,3,3,1883,68,46,89,2
6.33,133,104,3,3,5,3,360,30,47,100,1
9.87,23,35,4,5,0,4,1578,16,60,64,1
7.18,292,313,0,4,4,1,1068,14,7,98,2
9.08,44,168,0,4,4,4,2489,97,73,100,2
8.5,178,7,0,0,0,1,36,21,24,78,2
7.53,355,450,1,3,3,3,635,68,99,63,1
6.82,471,413,0,0,4,4,1720,15,66,64,2
6.49,357,85,2,0,2,3,372,32,90,77,1
8.46,428,435,2,2,3,4,2563,40,86,100,2
9.1,62,96,0,6,2,4,2418,3,94,96,2
8.58,28,408,3,7,5,0,2616,96,97,87,2
8.12,356,435,2,0,5,2,1704,91,67,76,2
6.17,364,314,4,6,5,2,1319,74,75,75,1
9.87,95,29,4,4,1,3,2971,62,46,76,1
9.19,408,100,3,0,0,3,620,68,100,86,1
7.17,265,66,4,1,5,3,2115,41,47,86,2
9.92,290,387,3,4,4,0,2916,40,52,60,1
8.41,54,348,4,5,0,0,1765,6,18,86,1
8.33,152,440,0,2,0,3,2654,23,60,94,2
8.99,218,62,4,0,2,0,1345,43,80,96,1
9.25,172,31,0,1,4,4,1407,67,25,93,2
8.63,95,86,4,5,1,4,2790,11,86,60,2
6.51,122,210,4,6,0,4,37,54,88,86,1
7.35,11,462,4,1,2,2,1012,3,41,83,1
9.71,3,50,0,4,5,4,2036,88,5,80,2
6.9,361,62,4,0,2,2,2452,2,83,99,2
7.49,345,79,4,1,5,4,1419,80,59,77,1
7.73,66,342,1,0,4,3,851,25,68,64,2
7.76,144,231,0,4,3,2,1755,58,92,100,2
8.45,456,365,2,3,3,0,65,8,34,77,1
9.77,476,100,3,1,1,2,339,45,99,66,1
6.96,64,128,1,2,5,1,1396,12,34,77,2
6.49,81,18,4,6,2,2,1658,4,11,84,1
6.79,104,356,2,0,3,4,1184,52,89,91,2
9.55,180,418,2,5,0,4,1726,60,86,60,1
8.58,339,446,4,4,1,4,496,4,44,69,1
7.14,440,93,4,4,5,0,2626,75,67,91,1
9.26,104,80,1,5,0,3,2469,91,7,68,2
9.45,225,102,0,2,3,2,1741,73,26,79,2
9.39,370,368,1,7,2,0,1853,0,27,84,1
9.68,27,153,0,3,3,1,382,34,7,87,1
7.01,495,268,2,0,1,2,1563,27,43,75,2
9.02,482,117,3,3,5,4,2942,50,53,87,1
7.84,15,341,4,6,1,0,310,65,13,79,1
9.37,276,493,1,4,0,0,269,22,40,86,1
8.91,332,278,2,1,0,2,1457,68,69,85,1
9.11,482,491,1,3,1,0,1049,32,21,85,1
8.62,297,362,0,1,0,0,1368,94,24,85,2
6.71,53,224,4,2,4,0,2032,78,71,81,2
8.18,287,474,0,4,5,2,2455,64,94,97,2
9.94,113,418,0,1,1,4,2330,92,3,66,2
9.75,37,267,0,0,5,0,2608,23,81,63,2
6.17,453,136,2,7,0,0,1700,8,34,95,1
6.66,369,225,4,4,5,3,390,62,99,83,1
6.53,229,333,3,2,3,1,720,34,80,98,1
8.9,165,228,1,0,2,3,2105,60,97,89,2
9.27,181,322,0,4,4,4,91,15,19,96,1
6.85,443,107,4,3,4,3,194,71,47,96,1
8.02,204,299,1,6,2,2,2442,71,93,68,2
9.36,365,444,4,5,2,3,200,22,73,82,1
8.93,244,404,1,4,5,2,2057,61,99,88,2
8.17,358,6,4,0,5,3,1869,43,51,64,1
8.36,332,127,3,1,3,3,2632,58,37,92,2
8.03,430,352,4,6,5,1,1819,80,47,99,1
7.19,395,482,4,1,2,2,46,90,44,94,1
8.26,308,266,0,4,4,4,831,92,95,72,1
8.76,416,172,0,4,3,0,1962,62,81,82,2
9.49,411,415,0,2,2,4,1237,10,32,85,1
8.55,120,213,4,3,3,3,2466,86,58,93,2
9.04,258,246,3,2,3,4,2909,67,14,97,2
6.64,209,105,1,5,5,3,158,80,43,86,1
7.85,409,82,0,2,5,3,2512,74,34,97,2
6.04,309,291,2,1,0,0,1281,7,57,68,2
6.99,295,373,4,7,2,1,2989,89,23,76,1
8.91,193,420,3,7,5,1,1583,48,30,98,1
9.97,67,202,3,1,0,0,1757,71,31,81,1
6.4,113,40,0,0,5,4,2282,7,32,73,3
7.61,219,204,0,5,4,2,15,70,99,71,1
9.2,219,347,2,5,3,0,2644,33,10,76,2
6.82,472,48,2,2,4,3,1702,31,95,72,2
8.22,217,142,0,7,3,1,1047,76,46,85,1
8.93,236,140,1,6,2,1,927,99,66,85,1
8.46,430,52,0,0,1,4,697,81,7,92,2
6.75,385,106,0,4,2,2,1233,76,32,82,2
7.42,297,32,3,0,3,0,2044,93,82,82,2
9.14,417,199,0,1,1,3,35,64,98,86,1
8.22,93,118,0,2,1,3,1263,62,40,74,2
6.02,252,287,0,1,2,2,181,52,7,73,2
9.04,404,228,1,4,4,4,31,98,25,62,1
6.14,491,117,3,3,2,2,2458,66,18,87,2
8.98,356,175,4,6,3,4,2000,29,58,86,1
6.81,427,451,4,5,4,4,1932,58,8,100,1
9.83,214,184,4,2,3,0,181,24,98,99,1
7.47,480,317,4,1,5,0,1720,32,6,64,1
7.31,379,498,3,7,5,3,1619,15,67,61,1
6.6,257,337,0,3,4,1,1470,48,5,98,2
7.22,346,214,4,4,0,4,2604,2,97,70,1
9.51,239,220,0,3,4,3,1485,28,60,83,2
9.99,314,129,4,1,0,1,961,13,15,90,1
7.47,213,332,1,1,3,3,653,68,73,76,2
7.79,97,271,0,4,2,4,1341,60,35,80,2
8.89,15,245,3,4,3,1,2628,80,13,96,2
9.54,403,122,1,3,2,2,1149,28,6,65,1
8.37,153,7,1,3,5,0,2750,20,65,75,2
7.57,15,402,3,5,0,0,2029,5,30,91,2
7.65,197,415,1,5,2,1,2992,23,28,99,2
8.78,492,66,0,1,3,1,1215,27,58,65,2
6.01,107,114,2,4,3,4,2120,56,80,81,2
8.48,22,368,2,0,3,1,1352,56,79,70,2
7.42,41,287,4,4,4,0,1843,80,70,96,1
9.18,36,104,4,2,3,4,2134,21,78,67,1
6.37,327,468,0,2,4,3,669,23,27,98,2
8.35,389,24,3,4,1,0,2377,17,59,67,1
7.92,164,52,0,3,0,2,2705,27,5,77,2
8.57,115,246,4,2,1,4,96,56,5,82,1
6.26,149,336,1,7,1,2,1025,73,26,66,2
8.32,5,280,0,6,4,1,2969,0,52,96,2
8.25,31,32,0,5,4,3,2729,100,97,97,2
8.24,144,286,3,1,0,1,2779,25,77,84,2
8.41,293,35,4,1,0,0,2711,89,16,88,2
8.71,400,342,0,7,5,3,2322,32,73,74,2
9.22,292,378,1,6,0,0,756,54,61,98,1
7.08,406,238,1,6,3,3,2143,72,65,99,2
9.3,176,491,2,7,3,2,2716,17,77,62,2
7.99,444,216,4,1,0,0,1514,68,55,78,1
6.31,176,176,1,7,4,0,2133,85,20,74,2
6.23,60,43,3,5,1,1,2700,9,98,94,2
7.34,76,303,4,4,0,4,600,13,91,69,1
9.14,415,157,1,2,5,0,2547,75,62,73,2
8.83,382,268,0,3,0,3,999,95,35,88,1
9.15,85,170,4,7,1,1,1585,38,40,64,1
8.07,190,494,1,5,2,4,507,35,44,78,1
7.76,6,220,0,7,0,0,1633,50,52,90,2
6.59,405,399,2,5,0,2,2064,49,63,87,2
7.31,84,229,4,1,3,1,2931,14,83,71,2
7.74,261,90,4,6,1,2,1792,58,6,97,1
6.35,444,409,1,5,5,3,2203,32,21,95,2
6.88,397,458,2,5,0,1,1513,79,91,78,1
8.39,399,430,3,3,5,1,2229,67,19,89,1
8.94,258,420,1,7,0,1,860,53,31,67,1
9.99,392,130,1,5,2,4,2212,50,18,90,1
9.73,46,409,3,1,1,4,1415,2,27,92,1
8.57,340,225,3,5,0,0,290,89,88,61,1
7.68,497,224,3,4,2,2,1910,100,85,68,1
8.54,93,142,3,1,0,0,2030,33,65,97,2
9.14,477,65,3,4,4,2,1402,41,84,98,1
6.47,425,27,0,7,2,0,2881,8,69,61,2
7.64,425,124,0,6,5,1,516,13,96,85,1
9.36,223,211,3,2,4,1,1050,96,41,93,1
7.54,278,421,2,6,0,2,148,4,53,90,1
8.29,2,427,2,6,2,1,2935,91,66,81,2
8.35,128,436,3,7,1,0,435,32,63,72,1
6.74,322,79,0,2,5,4,717,80,23,77,2
7.45,248,237,2,3,3,3,1123,84,11,86,1
7.34,228,131,0,7,0,0,2698,6,68,67,2
6.1,326,327,1,5,2,2,776,39,85,97,1
6.1,130,299,0,1,4,1,2962,34,83,60,3
9.33,227,118,3,2,2,3,1024,70,96,94,1
7.09,176,45,4,5,1,3,1169,7,67,73,1
8.07,322,83,3,0,2,1,286,59,25,66,1
7.19,310,281,1,0,4,0,2983,41,15,61,3
9.76,387,351,0,3,0,1,61,94,83,66,1
7.04,30,12,2,5,5,4,1617,4,99,66,2
7.72,65,124,3,6,4,2,2293,59,18,64,2
9.49,205,324,2,2,5,1,1250,4,30,99,1
9.37,100,171,0,4,5,0,619,87,2,67,1
6.74,319,233,1,5,4,4,2083,85,78,82,2
9.21,30,180,3,0,4,4,459,43,54,90,1
7.83,372,50,2,5,3,0,2888,76,10,78,2
7.93,190,268,3,2,5,2,783,85,15,87,1
6.53,65,168,3,4,0,3,292,89,46,84,1
6.32,414,394,2,1,3,4,2359,64,38,92,2
8.91,302,420,1,6,5,0,2007,80,51,97,1
7.99,234,315,3,5,2,4,574,82,0,90,1
7.75,277,287,1,2,0,3,832,1,31,66,2
8.92,201,428,1,7,0,0,218,56,71,89,1
9.06,499,489,0,7,5,4,354,49,18,77,1
6.64,349,273,2,1,2,0,2763,51,58,71,2
8.44,224,348,0,0,2,0,780,10,89,63,2
6.54,82,206,4,1,4,3,328,29,40,84,1
9.01,45,147,0,7,5,0,1160,45,84,84,2
8.63,88,299,3,0,5,2,809,86,85,73,1
9.83,185,419,3,3,0,4,69,14,10,60,1
6.28,374,452,3,3,1,1,970,59,70,74,1
6.23,188,487,4,0,5,2,2819,86,69,95,2
7.13,245,36,1,4,4,2,555,11,24,73,1
7.05,45,160,3,3,0,0,2469,90,95,98,2
6.99,256,465,0,6,2,2,2646,5,32,69,2
9.63,351,382,1,4,2,2,2564,93,94,70,2
7.0,408,274,0,7,1,2,478,4,15,75,1
7.09,60,434,0,4,0,0,2057,45,35,61,2
9.04,104,287,3,4,3,2,1615,37,16,91,1
7.8,336,105,0,7,4,1,2412,34,44,63,2
9.11,13,21,4,2,0,2,452,54,25,96,1
6.26,300,232,1,5,3,0,2832,63,22,79,2
7.95,76,121,3,7,2,0,2553,5,99,77,2
6.13,229,128,3,6,2,3,1708,13,44,68,1
6.25,166,309,0,7,3,3,2799,51,46,97,2
9.63,65,216,0,2,3,1,1038,49,55,77,2
6.56,31,147,2,5,1,4,731,16,10,98,2
8.13,95,57,2,5,0,3,126,8,29,89,1
7.64,57,418,3,4,2,2,2927,39,24,85,2
7.39,103,236,3,0,4,0,2832,94,97,89,2
9.6,311,69,0,5,2,3,1244,35,20,76,1
6.09,133,453,4,3,0,0,1457,73,1,73,2
8.66,216,188,4,1,3,2,2906,90,66,87,2
9.85,66,241,0,2,1,0,203,48,4,84,1
8.24,465,62,2,2,2,0,606,51,44,91,1
9.75,177,484,2,6,1,3,500,68,65,71,1
6.21,373,240,4,1,3,0,1340,80,94,74,1
7.68,246,444,3,4,5,2,223,30,63,65,1
7.04,293,184,0,6,0,1,1501,56,22,99,2
8.92,234,258,3,6,2,0,1354,77,77,61,1
9.93,130,228,2,5,0,0,1938,86,17,94,1
7.03,111,222,4,6,4,2,2207,92,74,90,1
8.62,388,98,3,1,0,4,644,78,57,65,1
6.79,407,246,2,4,5,2,256,46,59,65,1
8.26,53,44,2,6,3,3,2971,75,14,61,2
7.86,289,398,2,2,3,3,2578,96,84,69,2
9.89,238,272,3,6,4,1,1727,59,68,85,1
8.43,239,398,1,1,0,0,223,93,66,96,1
7.4,294,4,4,5,5,1,531,21,81,98,1
6.46,111,469,2,7,3,1,1959,29,7,65,2
6.6,87,429,3,0,3,0,322,31,37,79,1
6.9,227,10,0,3,3,0,875,83,25,80,2
7.0,475,447,4,3,3,2,2268,37,95,69,1
9.4,303,347,0,3,1,1,2214,83,63,83,2
8.24,304,397,0,1,2,1,2205,1,76,74,2
8.09,289,38,3,6,1,3,953,94,63,93,1
6.46,207,450,1,6,3,1,2303,63,73,97,2
9.44,355,438,3,5,5,2,688,49,0,71,1
8.89,390,499,3,7,0,4,1712,54,41,89,1
6.27,273,41,4,4,1,1,189,27,10,72,1
8.83,69,202,3,5,4,2,451,2,68,87,1
8.17,369,93,4,7,2,2,1200,58,0,76,1
6.33,219,485,2,5,0,4,1106,19,64,65,1
7.83,230,4,4,6,1,2,1800,98,82,61,1
7.94,289,51,3,6,2,3,842,61,49,73,1
6.66,306,149,2,2,5,4,88,62,68,83,1
9.78,360,204,2,3,1,3,1806,18,75,60,1
9.4,348,299,1,1,4,1,1048,5,91,93,1
8.68,254,498,3,3,3,1,1470,74,59,66,1
7.85,451,370,0,5,4,2,1466,44,36,69,1
7.65,141,468,3,4,3,2,1786,69,22,75,2
8.6,68,186,0,6,2,4,418,81,4,78,1
8.18,88,484,1,0,1,1,2847,61,86,85,3
6.25,358,152,3,6,1,0,475,77,87,95,1
8.05,135,382,1,0,4,2,45,13,80,99,1
9.23,142,115,0,7,0,4,2205,64,3,97,2
7.84,338,148,4,6,2,2,119,53,16,93,1
6.21,186,219,3,7,5,4,2973,80,29,87,2
9.15,10,191,2,7,3,1,1519,59,53,75,1
6.81,147,232,2,5,2,2,622,77,88,82,1
7.03,438,323,1,2,5,2,1215,30,80,82,2
6.66,291,220,4,0,4,0,2034,44,77,67,2
7.32,337,46,2,0,5,1,1420,73,22,68,2
9.03,397,126,2,6,1,4,411,96,23,85,1
8.08,441,290,3,1,3,0,943,68,16,68,1
6.82,37,214,2,6,3,4,1218,79,58,68,2
9.51,344,6,0,7,5,2,2085,19,51,98,1
9.52,207,183,1,1,3,3,126,47,45,79,1
9.48,209,115,2,7,3,2,2093,21,80,64,1
6.96,0,51,3,2,2,1,1209,39,77,73,2
7.8,359,365,0,5,2,4,1821,80,58,84,2
9.94,64,45,2,6,5,0,2360,49,78,77,1
9.09,0,392,1,2,4,2,2789,49,18,91,2
6.11,242,441,1,5,5,4,2438,8,68,82,2
6.26,468,22,1,1,5,0,745,72,16,97,2
7.86,380,130,2,6,1,2,410,78,96,74,1
9.64,315,126,0,0,5,3,189,51,5,97,1
8.15,24,444,4,5,5,3,1110,45,24,71,1
7.99,346,264,1,4,1,2,630,77,46,76,1
6.42,393,308,0,0,2,1,2219,72,16,93,2
8.63,49,195,3,0,4,3,687,8,32,82,1
9.29,395,432,3,4,0,4,486,32,10,95,1
7.52,347,472,0,7,5,1,465,56,32,77,1
9.1,240,453,3,2,5,1,129,30,27,91,1
9.86,31,47,3,1,5,2,2249,73,40,99,2
6.82,32,378,1,2,3,4,2586,73,58,100,3
8.09,199,81,2,2,5,4,1726,38,4,85,2
7.15,233,108,2,6,1,0,498,68,84,75,1
9.17,25,262,2,6,3,3,2425,81,29,71,2
8.31,41,354,2,2,1,3,262,52,45,91,1
8.54,433,30,0,1,5,1,1785,96,89,81,2
9.19,60,357,1,2,0,1,318,81,55,81,1
7.58,40,55,0,6,5,2,1706,57,2,83,2
9.66,440,479,3,2,1,4,539,75,84,88,1
8.13,129,354,1,3,5,3,833,88,11,99,2
6.63,354,188,4,0,0,0,2846,63,6,94,2
8.78,353,475,2,7,1,3,610,26,25,79,1
9.17,197,491,3,6,2,3,2773,8,43,72,1
7.27,286,4,2,3,3,3,577,48,55,64,1
9.43,150,285,2,1,4,1,1696,63,54,97,2
9.62,203,277,2,5,4,4,363,76,12,77,1
7.11,181,144,4,5,1,4,162,62,77,71,1
9.93,370,393,3,4,4,3,2165,21,24,89,1
6.56,411,454,2,5,5,4,2830,1,80,60,2
6.81,206,195,2,4,3,2,1541,38,15,90,2
6.74,146,425,1,5,2,1,1572,56,91,74,2
9.58,203,26,2,3,2,1,638,78,40,78,1
8.62,497,126,1,3,0,4,246,22,81,64,1
6.61,47,134,3,7,4,3,2912,61,3,75,2
7.76,257,22,3,3,5,3,1289,12,39,65,1
8.46,138,330,3,0,3,3,1133,46,50,69,1
6.33,171,116,1,1,4,4,163,19,80,75,2
9.53,100,391,4,6,3,3,921,12,54,64,1
9.21,186,7,4,7,0,4,1582,54,32,60,1
8.02,383,100,2,5,5,0,893,26,38,64,1
9.87,314,260,3,5,4,4,1129,80,23,71,1
7.67,375,198,0,5,2,2,1917,30,82,97,2
9.94,293,85,2,2,0,3,2317,89,62,96,2
8.67,408,227,4,3,5,3,61,21,59,79,1
8.54,362,385,4,0,4,1,1566,31,97,67,1
6.66,20,471,3,4,2,4,1568,63,93,67,2
9.53,297,178,1,6,2,0,1950,21,51,66,1
7.71,419,449,2,6,3,3,1874,61,48,89,1
6.65,392,239,1,4,2,1,1767,91,94,78,2
6.05,395,11,4,4,1,4,2243,46,65,84,1
8.24,9,302,3,3,4,1,1895,0,40,74,2
8.11,186,233,4,4,4,0,1634,67,14,60,1
8.88,493,182,3,4,3,4,1672,79,56,84,1
9.56,132,281,0,4,2,3,2480,42,48,94,2
6.32,32,357,1,2,3,4,954,86,58,87,2
8.93,68,375,2,4,1,3,544,37,73,80,1
6.75,79,428,3,0,3,2,1384,40,5,82,2
9.43,190,189,0,3,4,3,1358,99,96,88,2
9.28,100,325,0,5,5,1,2373,13,63,92,2
8.16,484,214,1,2,5,0,1911,2,22,85,2
8.84,284,257,3,2,3,4,788,64,41,72,1
7.26,401,25,2,3,4,2,2878,43,68,63,2
7.88,220,269,2,4,0,2,604,15,39,92,1
9.29,389,81,2,5,1,2,2973,7,30,69,2
7.84,52,357,4,7,1,1,454,64,13,98,1
7.43,465,184,4,5,4,3,2598,84,69,79,1
7.98,159,287,3,4,5,2,1450,61,96,97,1
9.31,379,61,2,1,0,0,617,1,44,90,1
7.34,41,370,0,7,2,0,1189,75,95,72,2
6.7,46,461,2,4,3,4,529,77,11,93,1
8.85,158,29,3,6,2,0,1697,85,38,70,1
9.3,445,396,2,5,0,3,522,55,21,86,1
6.4,183,423,1,0,1,3,2597,83,77,66,3
6.96,245,30,2,4,2,2,2175,16,34,74,2
6.57,10,292,0,3,0,3,1441,60,87,70,2
7.39,153,172,3,4,1,3,1787,6,98,61,2
7.8,219,101,3,3,5,2,1308,84,78,70,1
9.0,154,127,0,2,2,4,2775,33,12,100,2
8.6,338,85,3,1,5,3,2218,59,39,100,2
8.48,440,314,2,2,1,3,366,21,20,84,1
7.41,364,27,3,3,4,1,2106,21,57,74,1
9.37,282,121,2,6,1,4,2943,20,66,61,2
7.89,186,250,3,1,1,2,435,12,71,81,1
9.92,61,60,2,2,0,1,1390,69,13,69,1
8.54,147,402,2,4,0,1,2954,88,62,95,2
6.51,386,170,0,5,3,4,1928,43,9,65,2
8.7,143,442,0,6,0,3,1552,30,96,91,2
7.3,102,271,4,5,4,2,1771,24,71,72,1
8.75,299,324,0,6,4,4,224,95,55,91,1
6.28,92,299,2,4,5,1,1086,54,3,95,2
6.7,462,112,2,7,1,0,1901,28,54,61,1
9.42,285,193,3,6,0,2,869,34,8,72,1
6.91,423,393,3,1,3,0,528,75,60,66,1
9.35,118,430,4,2,0,3,1002,79,64,91,1
7.12,496,18,2,7,3,4,209,72,60,96,1
8.57,448,339,4,0,1,3,1051,76,55,95,1
8.78,28,92,2,0,5,4,559,75,86,88,1
8.05,500,216,0,7,5,1,1178,89,76,98,1
7.22,29,464,3,0,4,3,1480,14,92,70,2
6.85,359,178,4,2,0,0,2473,67,52,71,2
6.13,365,498,1,5,0,1,2409,48,43,95,2
7.22,287,396,2,2,4,4,1675,73,55,86,2
8.61,137,190,0,7,4,1,91,47,93,86,1
9.75,474,492,1,6,5,0,2569,43,38,89,1
9.48,50,399,0,2,5,2,2230,37,22,60,2
9.06,391,436,0,3,5,4,1547,11,20,85,2
9.15,434,162,2,5,2,2,2567,59,76,94,1
8.66,291,99,0,0,2,1,951,85,94,67,2
7.04,233,186,4,7,2,3,2675,37,12,87,1
9.63,54,294,1,0,4,4,1097,63,58,63,2
8.68,418,66,0,0,2,1,2147,93,25,90,2
8.24,291,72,0,7,0,4,703,14,87,71,1
6.44,239,231,3,5,4,0,1331,35,88,76,1
7.79,311,188,3,3,0,1,1229,68,46,96,1
7.84,35,49,4,3,4,3,2628,67,3,77,2
9.46,88,308,3,6,1,4,1290,89,84,93,1
8.19,211,301,0,6,0,3,1402,42,70,81,2
7.52,444,307,0,7,4,3,2586,18,69,71,2
9.91,317,123,1,2,3,0,754,77,69,100,1
6.44,499,156,3,5,4,2,2997,90,42,94,2
7.69,364,260,2,6,1,1,939,37,38,72,1
6.17,244,194,3,5,4,2,2929,25,30,85,2
8.96,464,329,0,0,1,2,1691,86,72,93,2
9.67,86,350,1,0,2,0,1302,48,1,72,2
7.12,408,330,3,5,0,3,2668,60,84,62,2
9.43,239,255,1,4,1,3,2504,65,6,95,2
7.17,319,464,3,5,3,1,1825,76,0,97,1
9.64,187,423,4,7,0,0,2911,11,6,94,1
9.02,56,488,0,6,4,4,1931,100,8,64,2
9.22,112,199,0,4,4,3,1279,35,88,96,2
6.07,222,371,2,4,1,1,2717,66,47,82,2
9.85,69,385,0,3,3,4,2982,67,54,93,2
8.91,226,67,2,6,1,2,357,30,76,66,1
7.22,255,445,0,2,3,0,123,40,94,87,2
9.32,179,79,3,1,5,4,314,27,59,90,1
7.13,183,232,3,0,1,3,2319,74,69,100,2
9.49,190,185,4,6,2,1,1206,46,77,69,1
6.45,451,104,3,4,2,1,2750,55,57,96,2
8.81,231,468,1,0,2,0,2105,79,48,94,2
8.16,275,324,3,0,1,2,640,28,29,84,1
6.39,232,441,2,0,0,3,2631,14,21,65,2
6.97,53,418,4,5,4,2,2106,84,3,97,2
6.05,256,141,1,2,0,0,1457,13,92,96,2
7.88,492,398,1,0,4,0,1973,15,65,90,2
7.21,89,389,0,6,3,2,1821,90,29,83,2
8.39,225,271,2,7,2,4,1441,27,23,88,1
7.19,246,342,3,7,2,4,558,77,79,94,1
7.2,393,123,3,2,4,0,2803,35,24,96,2
8.97,150,222,0,1,2,4,2768,9,64,94,2
6.19,434,489,3,1,0,4,866,46,75,61,1
9.61,112,173,1,3,1,1,85,53,15,74,1
9.41,407,190,3,0,2,2,519,8,54,60,1
8.67,268,139,3,7,5,1,2540,91,26,84,1
8.37,156,296,1,4,2,1,1073,13,92,69,1
9.57,441,118,2,3,5,0,839,63,92,93,1
6.74,365,274,2,7,3,0,2894,82,67,99,2
6.32,346,75,1,5,1,0,350,56,59,64,1
6.96,350,108,1,6,4,1,2904,76,57,77,2
9.18,298,118,4,6,1,3,482,55,95,91,1
6.14,393,460,4,3,1,1,1928,50,56,84,1
8.33,158,368,3,1,4,1,1404,54,47,61,1
9.98,486,257,3,4,1,1,2753,100,40,90,1
9.42,329,19,4,7,3,4,482,38,67,91,1
8.09,471,118,3,0,5,4,2644,51,33,80,2
6.25,224,350,2,0,0,0,975,62,33,77,2
9.33,13,136,2,1,1,1,527,60,1,68,1
8.4,354,276,0,5,0,1,1058,66,91,82,1
6.46,108,254,4,2,3,0,581,70,0,97,1
6.38,417,263,2,1,3,2,1782,27,86,82,2
9.64,400,166,0,7,1,3,1015,13,36,75,1
8.68,404,164,1,7,2,3,671,36,82,74,1
9.32,95,28,2,4,1,2,1757,51,58,83,1
9.52,194,466,0,2,0,0,150,21,90,100,1
8.29,57,34,3,4,3,2,1264,94,42,97,1
8.07,462,236,0,0,0,3,192,0,58,75,1
7.72,391,293,2,2,0,2,828,75,75,80,1
7.27,351,89,3,4,4,1,2277,87,64,85,2
7.74,293,202,3,6,3,4,284,93,12,94,1
9.1,153,227,0,0,3,1,1495,53,0,85,2
8.41,63,418,0,4,0,3,234,45,44,95,1
9.57,157,67,2,2,5,4,333,90,73,62,1
7.77,264,130,3,7,3,4,43,79,13,85,1
8.43,120,364,4,0,5,2,1435,84,39,66,1
8.53,287,110,0,4,5,1,791,67,21,82,1
8.37,10,11,4,3,1,2,755,65,45,100,1
8.81,213,287,4,2,4,3,2145,84,100,78,1
6.95,161,174,3,2,1,4,373,6,83,72,1
8.05,104,318,2,7,2,2,602,100,46,82,1
6.42,401,153,4,2,2,4,2283,70,58,60,2
7.54,146,42,2,5,5,1,2145,65,91,65,2
7.95,181,362,0,0,0,3,1909,75,11,67,2
8.61,337,204,3,2,5,1,2987,0,56,97,2
9.8,36,171,1,7,2,2,2300,2,79,87,2
8.4,81,293,3,4,1,2,2416,0,64,87,2
8.97,11,284,1,7,2,0,41,34,17,75,1
8.03,3,310,0,6,0,1,1324,15,67,91,2
8.54,494,51,2,7,3,3,1972,7,69,82,1
6.28,42,114,0,3,4,4,785,20,57,65,2
7.02,410,18,3,4,0,0,2356,4,50,66,2
7.45,50,34,1,4,0,3,1,55,61,66,1
7.89,260,47,1,2,0,1,2141,30,61,68,2
6.18,133,232,3,3,1,4,281,89,34,85,1
6.56,460,218,3,3,3,3,2506,0,75,78,2
7.11,86,109,0,6,0,0,488,86,26,86,2
9.89,361,253,4,3,3,4,2870,12,55,100,1
7.33,55,187,1,3,5,1,846,31,28,72,2
7.93,216,30,3,7,0,4,407,68,42,80,1
6.78,365,258,0,7,1,1,1299,83,16,87,2
8.44,67,162,4,1,0,2,1973,50,36,63,2
7.12,499,343,2,6,5,2,927,91,39,67,1
6.83,351,307,3,6,2,1,487,6,90,92,1
8.07,43,70,4,3,1,3,806,57,56,74,1
6.02,142,306,2,2,0,0,1427,76,5,66,2
6.03,345,55,2,5,0,2,2278,31,99,65,2
6.88,41,98,0,3,0,3,1401,17,58,75,2
6.15,138,20,1,4,2,4,2226,45,58,61,2
6.43,72,384,3,1,2,2,98,7,70,84,1
7.36,266,107,4,4,0,3,2618,92,42,78,2
9.21,193,52,2,2,2,0,337,83,83,96,1
8.29,492,5,1,2,0,4,2976,25,73,64,2
8.05,154,230,2,6,2,2,2225,17,14,79,2
7.17,245,481,3,7,3,2,610,45,14,82,1
9.73,313,81,3,5,5,0,737,1,86,74,1
7.59,217,445,0,5,0,1,2796,46,9,68,2
6.35,455,216,3,3,5,2,2988,48,67,66,2
8.47,383,334,3,7,0,1,251,57,32,96,1
6.46,252,46,3,6,4,0,1949,87,75,62,1
7.38,276,351,1,5,4,0,1381,7,8,83,2
8.03,276,361,4,2,1,3,2264,21,26,80,1
9.5,71,240,4,1,3,2,2480,97,61,89,2
7.97,128,177,3,7,3,4,538,95,10,77,1
8.81,357,81,4,6,1,4,1068,98,95,75,1
9.97,185,286,3,5,4,0,1678,24,14,76,1
6.53,12,191,4,7,1,4,2100,70,70,86,2
7.1,328,412,4,4,4,4,672,77,89,69,1
7.58,219,142,2,2,0,4,1897,43,7,79,2
7.69,5,313,1,5,5,3,2763,28,68,80,2
7.64,238,278,2,5,1,3,1952,100,65,74,2
9.63,470,421,2,2,2,0,75,100,1,70,1
8.86,111,40,4,1,5,4,852,6,73,69,1
8.43,227,458,0,0,4,0,52,96,16,73,1
7.24,441,270,0,0,0,0,2978,80,76,68,3
9.3,16,86,1,1,2,0,2287,82,8,89,2
9.82,72,2,3,2,2,3,626,24,79,74,1
9.28,11,210,4,1,3,3,1725,7,70,76,1
6.01,85,0,1,1,4,2,1086,75,75,91,2
8.55,498,471,2,0,0,4,758,2,3,92,1
6.2,179,496,4,7,4,1,2774,30,30,75,2
7.03,121,74,2,3,0,3,983,71,95,78,2
6.24,203,477,1,5,5,1,989,67,99,61,2
8.42,69,497,0,2,4,4,2380,31,2,63,2
8.75,107,394,1,4,5,4,1895,6,40,64,2
6.46,200,443,4,7,2,3,2207,13,6,97,1
7.54,51,230,4,1,3,1,2461,33,65,67,2
7.82,36,448,3,6,5,0,287,68,74,99,1
7.48,116,75,0,0,1,0,524,11,49,83,2
6.48,258,259,4,7,4,3,1002,36,59,90,1
7.68,481,24,0,7,2,1,2361,26,70,80,2
9.0,263,199,4,3,1,3,27,84,46,73,1
6.28,393,462,0,6,5,0,1502,76,56,66,2
6.32,302,426,1,2,1,4,2887,88,83,62,2
7.42,424,93,0,6,1,3,1390,33,21,85,1
9.77,63,423,2,1,5,0,2456,41,21,87,2
8.67,41,351,1,0,2,4,2386,63,88,78,2
8.71,42,107,4,1,5,3,408,47,17,72,1
7.45,124,354,4,4,0,3,1100,16,73,60,1
8.37,392,468,3,6,1,0,75,20,61,98,1
6.04,269,94,2,7,3,0,259,14,100,97,1
8.54,484,355,3,2,0,4,357,25,11,68,1
9.65,346,90,1,5,2,2,1539,32,28,80,1
8.45,232,43,3,2,1,4,2333,98,2,60,2
9.49,479,455,1,2,2,3,1446,89,52,67,1
8.9,131,442,3,2,2,3,833,11,25,81,1
6.48,1,383,0,7,1,3,741,21,80,85,2
9.61,114,22,1,0,2,0,1685,73,83,87,2
6.27,480,189,1,4,3,3,1577,72,51,76,2
8.14,468,22,0,1,3,3,2794,99,99,80,2
6.57,0,233,0,0,4,4,1556,97,98,87,3
6.05,491,185,2,6,1,0,2294,84,83,77,2
7.69,330,310,0,3,1,4,955,96,77,92,2
7.18,64,416,3,2,1,2,458,73,40,88,1
7.94,429,332,0,2,4,4,183,44,12,90,1
8.31,442,62,0,1,5,4,2307,6,39,71,2
6.17,458,102,1,2,3,2,2934,62,91,78,2
6.49,124,499,1,2,3,4,270,27,100,92,2
8.23,255,315,0,1,1,3,813,81,50,89,2
7.37,390,482,2,4,2,3,621,78,95,65,1
8.92,321,188,1,0,0,1,2399,39,1,79,2
8.61,142,335,3,4,0,0,1763,93,35,92,1
9.38,327,459,3,1,1,3,1212,88,13,88,1
8.77,245,188,0,5,1,0,2550,60,25,94,2
7.72,115,350,0,7,3,4,1201,49,65,85,2
8.69,376,68,2,7,3,1,838,93,10,82,1
7.1,302,113,0,6,2,3,1022,79,72,96,2
7.23,89,103,4,6,3,4,1087,9,49,86,1
9.16,295,107,4,5,0,1,1781,24,99,82,1
7.79,41,344,0,5,0,4,180,11,70,97,1
9.19,434,20,4,7,3,0,1558,0,34,89,1
9.29,34,386,3,2,0,4,1335,72,80,77,1
9.43,499,431,0,6,5,4,2673,83,89,89,2
9.67,493,265,3,2,0,4,1134,37,28,78,1
7.72,488,342,3,4,0,1,2563,81,37,60,1
7.28,40,208,4,3,0,4,258,92,32,63,1
8.33,340,169,2,0,4,1,1723,36,74,76,2
7.48,123,482,3,2,1,1,540,58,97,96,1
8.4,56,472,4,1,2,2,2469,11,5,65,2
8.82,293,193,2,7,4,4,2296,36,17,99,1
8.75,455,346,4,4,2,3,1477,95,30,100,1
7.5,234,429,4,6,4,1,465,11,78,90,1
6.67,95,392,0,0,4,4,1099,55,93,97,2
7.72,391,122,1,5,2,3,102,100,76,81,1
6.57,491,176,2,3,1,0,511,38,4,80,1
9.56,457,3,4,5,3,3,2339,75,83,81,1
7.38,318,187,3,5,4,1,1938,55,39,94,1
6.62,342,345,3,7,1,1,1572,96,46,88,1
6.1,131,351,1,6,3,1,2171,55,62,83,2
8.58,175,28,2,2,2,2,1689,31,81,76,2
8.55,51,85,0,4,4,3,430,32,42,95,2
7.36,37,46,2,2,3,4,1340,23,1,82,2
6.29,477,76,3,6,1,4,1145,30,75,69,1
7.64,488,342,3,6,3,1,2280,61,19,88,1
7.24,342,190,0,4,2,3,462,93,23,96,1
8.71,4,30,0,3,3,0,1699,89,72,86,2
8.42,212,306,3,6,0,3,2637,1,34,79,1
7.46,119,168,4,1,4,4,2999,51,54,71,2
6.87,325,35,4,6,1,1,1316,80,51,97,1
9.95,368,244,0,6,5,3,728,0,94,65,1
7.82,208,423,4,7,1,2,609,51,44,85,1
8.75,216,350,0,1,4,1,2929,94,46,83,2
6.56,23,187,2,0,4,2,199,92,92,61,2
7.94,341,14,2,6,0,1,2185,74,50,63,1
6.11,204,333,2,2,0,4,21,3,28,89,1
8.02,400,482,0,2,1,0,160,99,67,61,1
9.86,461,215,0,2,5,3,2370,7,49,91,2
7.54,225,157,4,1,3,3,300,99,13,65,1
6.16,217,413,4,7,5,1,633,46,27,60,1
6.12,210,154,4,7,4,0,2753,20,57,82,2
7.55,25,240,1,6,0,0,2507,74,32,88,2
6.64,251,295,0,0,0,4,1360,11,71,67,2
6.09,2,461,2,1,0,2,2775,89,50,83,3
9.02,1,44,2,5,3,3,655,90,0,72,1
7.83,91,494,1,4,1,1,2715,33,67,71,2
7.16,1,458,1,2,5,0,2064,73,28,64,2
9.6,149,174,2,6,1,3,2350,72,34,78,1
6.46,70,491,0,6,0,3,1505,76,17,77,2
9.82,3,345,2,4,3,3,1383,75,43,74,1
7.26,496,55,2,5,3,0,1736,80,54,71,1
9.55,37,53,1,3,1,4,944,67,35,70,1
8.41,358,340,1,6,4,3,2067,63,18,64,1
9.31,467,264,4,4,0,0,2650,27,48,78,1
9.94,69,373,1,4,3,0,1573,40,20,61,2
7.15,200,238,2,6,4,1,1722,83,52,95,2
9.84,307,320,4,4,2,4,1463,70,79,68,1
7.56,251,107,2,6,5,4,2357,71,69,67,2
7.54,286,197,0,6,0,4,2095,98,89,90,2
7.36,409,384,0,6,5,0,131,92,0,89,1
8.17,291,213,1,1,2,0,2136,46,81,73,2
6.62,153,498,4,4,1,4,342,14,0,82,1
8.21,411,245,3,7,1,0,2110,94,26,66,1
8.17,132,396,0,5,5,4,2177,75,18,80,2
9.05,370,37,0,2,1,1,39,20,98,67,1
9.33,73,496,0,0,5,2,1865,47,89,63,2
7.76,273,172,0,3,3,2,1185,79,51,67,2
7.21,270,104,1,2,3,2,791,38,78,100,2
7.04,184,39,4,0,4,2,1073,31,69,70,1
6.78,352,478,0,2,2,1,2685,5,62,83,2
6.23,4,398,1,7,1,0,945,87,94,68,2
7.37,292,433,4,4,1,1,2787,95,97,76,2
7.08,359,129,4,3,3,3,394,17,80,77,1
9.87,85,180,3,6,3,0,352,55,66,80,1
8.23,213,478,2,2,3,4,2882,73,83,90,2
7.39,405,409,0,3,0,3,2119,92,1,68,2
8.32,435,193,1,1,2,3,984,8,36,93,1
6.56,14,330,4,1,2,1,39,12,52,76,1
7.78,272,288,3,4,0,3,2986,26,72,80,2
8.5,50,465,2,4,1,1,1124,100,86,82,1
7.96,252,340,4,1,5,3,1499,7,96,95,1
7.61,44,58,4,7,5,1,513,52,38,93,1
9.98,190,350,0,2,4,0,676,65,30,69,1
9.52,121,25,2,6,4,3,2016,3,18,89,1
8.49,411,477,2,0,1,1,1916,73,41,95,2
8.28,186,102,1,0,4,2,2732,13,50,91,2
8.48,213,20,3,6,3,2,1567,24,67,86,1
6.81,148,432,1,1,2,3,1121,40,33,60,2
7.58,169,79,3,0,5,1,622,77,53,76,1
6.16,208,326,1,2,3,0,698,73,57,68,2
7.9,452,469,3,0,4,3,992,71,14,77,1
8.17,81,198,0,5,4,0,2560,5,28,81,2
6.91,400,321,3,7,2,1,1077,4,56,89,1
9.86,195,36,1,0,5,2,2521,20,5,70,2
9.64,245,13,2,6,3,1,1639,48,45,98,1
8.89,390,455,4,5,2,0,1885,22,70,74,1
8.13,344,220,3,6,5,2,185,36,26,95,1
9.48,356,363,3,1,4,3,201,82,88,71,1
6.52,39,390,2,3,5,2,2126,52,0,85,2
9.16,167,165,0,3,2,3,2296,48,72,65,2
6.5,42,172,1,2,2,3,1458,83,21,94,2
9.18,328,149,0,3,4,2,2821,9,21,61,2
7.1,210,171,3,4,2,2,820,81,52,82,1
9.51,178,80,3,1,3,0,913,19,65,63,1
9.78,456,335,0,5,4,2,2080,47,69,97,1
6.6,22,224,1,5,2,4,2501,10,92,62,2
7.85,94,358,3,7,1,2,1530,78,64,68,1
9.92,159,34,3,3,3,0,2429,95,54,78,1
7.93,243,357,0,0,3,4,1884,10,80,61,2
9.45,414,187,4,3,3,4,2455,92,95,78,1
8.35,16,223,2,1,5,1,881,38,43,60,2
7.5,111,500,3,0,0,4,317,0,36,66,1
7.14,102,130,1,0,4,3,659,63,37,69,2
6.81,313,373,4,5,0,0,2990,46,67,64,2
9.05,85,450,0,6,2,1,672,90,4,99,1
7.55,34,455,0,7,4,2,1326,98,22,66,2
8.05,29,493,1,7,5,4,574,7,59,97,1
7.97,191,350,4,1,3,1,2908,75,41,69,2
8.31,436,310,1,2,3,3,2045,91,80,83,2
9.46,178,8,3,7,5,1,2775,47,97,65,1
9.92,103,68,4,2,3,3,792,82,23,98,1
7.63,164,27,2,1,3,1,530,92,41,66,1
9.31,473,398,2,5,2,1,753,81,47,89,1
9.06,121,368,1,6,1,2,1632,97,97,86,1
8.29,133,474,2,1,5,2,2608,18,98,92,2
9.82,289,233,1,1,4,2,1966,87,5,62,2
6.8,311,30,3,0,1,1,560,97,66,98,1
6.44,223,314,3,6,5,4,2878,95,15,63,2
9.42,24,231,1,7,4,1,1264,65,28,96,1
7.76,370,337,3,7,5,2,2270,63,73,64,1
9.39,12,485,2,0,3,1,742,95,57,97,1
9.57,318,496,3,1,5,4,1691,71,92,90,1
6.25,229,53,2,5,0,3,1126,61,94,99,1
9.53,101,451,2,0,2,0,2429,52,2,81,2
7.79,449,468,0,4,4,2,358,72,21,100,1
8.04,377,174,3,1,3,1,1358,22,64,67,1
8.51,375,297,3,6,0,4,833,28,30,91,1
9.71,388,278,1,0,3,2,1,70,4,75,1
6.08,202,364,1,2,2,2,2994,4,90,73,3
7.91,266,85,4,7,0,3,2600,39,37,95,1
8.75,471,64,2,1,5,0,584,31,19,65,1
8.89,461,88,0,6,4,1,145,2,64,74,1
8.77,364,53,2,6,5,1,2638,9,86,70,1
6.54,221,117,3,1,4,2,2539,61,63,85,2
7.2,103,360,4,1,5,4,2540,39,67,80,2
7.43,110,475,2,3,4,2,2765,92,29,76,2
9.22,427,228,4,1,4,3,926,44,67,86,1
7.12,482,266,2,2,0,0,835,82,6,90,1
6.84,468,318,3,0,2,3,2872,88,60,73,2
9.83,68,21,3,1,0,4,2430,83,91,92,2
6.04,357,437,2,5,4,1,910,45,51,61,1
9.99,257,246,0,4,2,4,1581,73,30,82,2
8.71,167,472,3,5,1,3,1878,50,16,97,1
9.31,292,372,1,5,1,1,289,10,77,96,1
7.18,373,468,0,0,5,0,920,77,18,85,2
6.06,48,419,2,2,0,2,1733,50,6,61,2
8.95,249,313,0,7,4,0,953,94,22,95,1
9.34,481,19,1,7,5,2,905,4,65,86,1
8.96,330,399,3,3,1,0,863,27,53,72,1
6.57,419,475,3,6,1,1,1774,82,75,63,1
9.01,74,183,3,7,3,1,797,32,42,83,1
9.08,200,348,1,2,3,1,2550,1,10,83,2
8.63,453,49,0,5,5,2,823,92,28,70,1
9.06,33,89,2,3,5,1,862,81,34,99,1
9.38,313,103,2,0,2,4,2198,9,60,76,2
8.45,110,193,0,6,2,2,1911,55,27,98,2
6.35,420,382,3,3,4,1,617,14,57,82,1
7.95,351,368,2,0,1,1,2737,85,95,98,2
6.31,315,73,3,7,0,0,2444,26,6,95,2
7.63,395,268,4,6,0,4,217,26,16,95,1
7.63,236,14,4,2,3,4,481,85,65,64,1
6.26,31,328,2,5,2,2,1552,20,21,89,2
7.4,208,282,0,2,4,4,168,30,27,66,2
6.44,131,391,0,3,3,1,1197,60,56,61,2
9.23,105,197,0,6,3,2,2624,97,1,99,2
9.79,32,483,3,4,4,3,1727,69,91,89,1
6.29,42,433,4,5,4,0,2285,12,83,88,2
9.82,367,343,3,5,5,0,1034,39,60,74,1
8.09,106,194,1,2,1,3,2124,14,74,70,2
7.2,264,409,1,3,4,2,1238,90,44,66,2
6.31,225,35,2,1,4,3,2901,58,20,78,2
8.0,486,404,1,7,3,4,1592,94,81,89,1
9.18,178,204,0,7,3,1,982,41,55,97,1
8.83,221,307,2,0,0,3,1609,22,59,66,2
6.2,369,138,4,1,5,3,13,63,94,95,1
6.29,124,263,4,6,0,4,2112,98,66,73,2
7.61,275,56,1,7,0,2,728,53,35,83,1
7.18,166,109,1,1,4,1,2718,7,40,64,3
6.93,150,173,4,1,1,1,1001,96,18,70,1
7.12,40,495,1,3,3,0,566,27,47,98,2
9.21,299,205,1,2,2,1,2873,70,6,86,2
9.72,380,224,3,5,1,1,2578,99,93,85,1
7.62,34,385,4,1,5,1,1561,12,74,75,2
9.62,406,63,4,6,2,1,693,41,10,68,1
7.29,313,251,1,7,5,4,2836,30,80,67,2
7.91,303,435,0,3,4,0,482,12,60,90,1
6.9,230,448,3,7,5,3,1943,34,95,73,1
8.56,214,266,0,7,2,0,1626,49,3,67,2
9.92,313,389,1,2,5,2,2135,70,55,97,2
8.41,100,351,4,0,5,3,687,21,5,88,1
7.43,56,462,0,2,0,0,1080,39,61,91,2
8.59,214,331,2,2,5,0,2849,51,29,79,2
6.49,422,319,0,7,3,0,2777,97,58,81,2
9.55,155,356,4,1,1,0,610,8,42,81,1
8.01,63,92,1,6,0,0,2842,31,60,60,2
7.8,61,182,0,3,3,0,1349,98,55,92,2
8.34,338,299,1,5,5,4,1502,2,57,100,1
8.5,368,213,3,6,0,4,2925,63,58,96,1
6.29,367,493,2,4,1,3,2364,20,76,90,2
8.73,61,141,4,0,4,1,2011,76,64,98,2
6.97,93,82,4,3,2,0,2981,96,59,74,2
8.86,468,388,1,5,4,1,1525,35,52,65,1
9.29,471,98,2,1,5,4,1689,9,10,92,1
9.22,340,280,4,7,5,2,2155,99,79,65,1
8.21,25,433,0,3,2,0,1708,17,48,70,2
8.08,434,101,4,5,2,3,2466,94,41,81,1
6.57,120,328,0,4,5,1,2169,0,88,77,2
9.1,49,377,4,0,1,3,2060,30,61,69,2
7.09,370,70,0,6,1,0,349,25,65,87,1
7.99,251,372,3,2,4,1,551,79,90,85,1
7.14,35,337,1,5,3,1,1683,37,19,77,2
6.54,409,385,3,0,3,0,29,54,93,67,1
8.52,288,371,0,6,4,2,602,75,16,65,1
6.22,378,265,1,4,2,0,493,42,88,85,1
8.99,99,491,2,0,1,3,1381,42,43,90,2
7.27,323,129,0,5,4,4,2928,50,15,92,2
6.0,328,59,4,0,3,4,755,92,57,88,1
8.04,135,300,4,1,2,4,1250,59,20,78,1
6.19,193,391,2,2,3,1,865,57,52,86,2
7.1,220,441,3,7,2,1,1801,59,81,77,1
8.83,278,118,0,4,3,0,514,75,9,63,1
6.25,325,262,4,7,5,1,1180,4,5,82,1
9.36,54,482,1,7,0,3,2594,41,16,67,2
6.02,426,470,2,1,2,0,277,1,11,99,1
6.99,483,327,3,0,2,3,1363,59,41,83,1
8.96,109,20,3,0,2,4,718,11,59,64,1
7.27,148,96,1,6,0,3,2385,13,32,70,2
6.41,405,302,1,7,0,4,440,46,35,73,1
7.44,264,0,2,3,3,1,1413,53,93,70,2
7.08,161,395,1,1,1,0,2838,93,22,72,3
9.37,186,202,4,4,5,2,2747,34,2,81,1
7.25,409,431,3,4,3,3,2984,46,72,99,2
9.16,128,127,1,7,2,0,1108,16,66,73,1
9.57,483,349,0,6,2,2,988,2,61,79,1
7.74,107,131,1,7,5,0,928,72,45,60,1
9.64,388,33,3,4,3,2,301,59,8,80,1
7.51,424,86,4,5,4,0,1363,70,82,84,1
9.86,446,31,1,5,1,4,732,63,21,87,1
6.36,405,258,4,5,0,2,2519,83,77,96,1
8.75,67,475,0,4,1,0,1057,60,49,91,2
7.98,431,323,3,0,4,2,466,75,94,95,1
7.55,65,312,2,5,3,4,2339,6,97,95,2
8.53,143,369,3,0,3,2,302,92,53,61,1
8.82,463,459,2,6,2,2,2687,61,52,99,1
6.02,52,407,2,1,5,0,485,28,86,88,2
6.67,127,32,3,2,3,3,874,17,32,75,1
8.85,469,386,2,6,4,4,676,1,40,86,1
8.67,490,387,4,4,3,0,364,47,91,68,1
9.86,320,285,0,0,3,1,2750,10,20,99,2
9.04,206,325,1,1,4,2,1107,25,25,64,2
9.8,319,48,2,4,0,1,868,90,9,72,1
8.81,215,285,2,2,1,0,2411,18,63,84,2
7.19,67,455,3,4,3,3,2074,58,22,64,2
6.42,446,81,4,5,1,4,647,83,66,68,1
9.13,61,143,1,3,1,0,2391,87,9,78,2
8.58,209,436,2,7,2,3,2421,12,0,64,1
6.19,336,389,4,4,0,0,2775,5,27,91,2
7.44,326,279,1,3,1,3,2020,39,76,67,2
9.83,369,370,3,2,2,1,2976,36,38,78,2
8.0,428,91,2,7,4,3,2895,64,77,62,2
7.73,51,223,3,3,4,4,2523,51,57,82,2
7.83,115,216,3,2,4,1,1105,1,37,69,1
6.84,380,155,2,1,5,2,340,40,64,79,1
7.47,457,276,4,3,5,1,953,61,1,97,1
7.48,382,7,4,7,4,1,1744,29,69,80,1
6.21,64,35,3,7,4,2,1514,87,17,78,1
9.07,129,123,3,5,2,1,2494,37,51,73,1
7.67,176,8,0,4,0,1,924,90,53,61,2
9.29,277,39,1,4,0,2,2941,29,17,91,2
9.4,479,468,3,1,2,2,2783,8,21,85,1
6.85,412,178,3,6,2,4,2170,100,46,96,1
8.63,162,128,1,0,5,1,2128,15,75,99,2
7.89,464,446,2,5,3,1,334,34,74,87,1
9.52,331,500,4,5,1,1,1007,91,72,83,1
6.86,151,372,2,2,5,4,2122,75,27,77,2
8.71,349,67,1,5,5,1,737,75,41,76,1
8.43,235,457,1,0,4,2,1321,50,38,96,2
7.18,157,153,0,0,5,2,86,8,18,78,2
6.55,467,423,0,1,5,2,834,28,19,72,2
8.61,425,2,4,1,1,2,1728,50,67,79,1
8.95,326,363,3,6,3,3,775,84,26,76,1
7.26,105,377,1,6,0,2,2548,16,64,86,2
8.58,305,264,0,3,4,4,1961,32,90,63,2
7.58,254,415,2,5,5,3,2171,33,45,90,2
8.85,357,450,0,3,5,1,639,89,63,85,1
6.8,454,3,2,3,0,2,167,17,63,96,1
9.56,443,261,0,3,2,1,1683,97,56,60,1
7.15,112,328,2,3,1,2,1790,88,49,71,2
7.47,29,281,0,4,0,2,431,51,91,75,2
6.23,11,385,0,6,3,3,38,50,98,93,2
6.45,176,449,4,1,0,2,401,97,0,83,1
8.06,478,369,3,2,4,2,1637,49,2,100,1
7.07,337,84,1,6,4,0,970,47,3,83,1
9.34,45,341,3,2,1,4,591,44,26,96,1
6.06,170,386,4,2,2,4,2802,78,36,63,2
7.52,129,34,2,2,5,1,2150,65,22,67,2
7.35,244,113,3,2,4,1,1515,86,26,75,1
6.08,352,58,1,4,3,3,772,44,88,68,1
6.5,202,37,1,6,1,1,1699,69,81,100,2
7.65,225,32,2,1,4,0,2513,18,1,83,2
7.97,79,376,1,5,3,1,1621,33,9,98,2
7.62,309,398,4,3,5,2,1646,36,43,60,1
8.12,34,202,3,3,0,1,1466,58,97,62,2
8.38,51,201,1,6,5,1,1430,45,89,68,2
6.04,160,99,3,7,3,2,1413,62,26,95,1
7.86,468,397,0,3,5,0,2798,86,95,70,2
9.85,83,449,3,6,1,4,2918,78,36,100,2
8.08,327,300,2,7,4,0,2260,1,74,62,1
8.71,434,303,4,1,2,0,313,37,48,93,1
7.25,25,427,1,6,2,3,874,88,28,94,2
9.1,224,117,4,1,3,3,2551,71,76,75,2
9.09,445,420,3,5,3,2,877,59,7,73,1
8.09,316,242,1,4,3,3,2644,74,87,95,2
9.9,153,28,4,4,4,4,90,28,59,62,1
6.5,292,226,2,7,2,2,1668,59,92,65,1
6.07,413,500,0,5,2,3,2355,68,64,75,2
9.08,94,339,0,3,1,1,1959,36,76,99,2
9.23,224,212,2,6,1,3,596,83,53,91,1
6.48,266,417,0,5,0,4,106,11,24,93,1
7.06,436,186,2,7,4,3,2251,79,100,91,1
6.07,40,112,3,1,3,2,327,84,6,92,2
7.17,132,372,2,3,1,1,1335,36,21,72,2
9.09,65,298,0,6,0,2,1644,57,96,87,2
8.07,396,160,3,4,0,1,1055,54,14,77,1
7.39,446,18,2,5,2,1,50,20,2,96,1
7.49,209,263,2,3,4,4,2952,91,54,83,2
6.01,473,158,3,4,4,0,2135,97,7,60,2
7.2,152,10,1,6,5,4,1679,7,47,88,2
8.59,171,7,0,0,3,0,751,94,64,86,2
9.9,397,152,1,6,4,0,778,20,75,73,1
9.39,324,112,3,7,5,4,2648,66,94,83,1
6.09,58,147,3,2,3,3,2383,58,91,74,2
9.59,183,37,4,0,4,4,2709,46,82,69,2
9.13,489,134,4,7,2,2,470,84,81,83,1
9.12,179,372,3,7,5,2,1048,92,51,75,1
7.83,321,460,4,5,0,2,970,31,76,90,1
7.59,323,422,2,3,4,2,1687,57,98,88,2
7.21,11,234,1,3,4,0,2000,25,37,68,2
6.26,458,254,3,7,2,0,1349,12,21,95,1
6.91,67,73,2,1,1,4,2849,14,56,70,3
6.99,426,327,0,2,3,1,2084,1,12,78,2
7.94,328,361,0,4,1,1,921,32,35,75,1
8.99,201,373,4,3,0,0,2280,63,53,68,1
7.9,474,490,4,4,1,3,698,30,46,86,1
6.23,5,275,2,4,0,0,1346,64,46,93,2
9.83,14,208,0,7,3,3,2408,78,69,70,2
9.77,41,266,3,4,2,1,2988,53,71,78,2
9.14,30,143,1,6,0,0,1197,14,87,67,1
9.97,469,484,4,0,3,4,2021,83,100,79,1
8.18,180,41,2,4,5,2,1657,51,79,100,2
9.85,261,223,4,1,2,1,466,70,82,70,1
6.3,288,345,2,6,1,0,1714,99,37,72,2
7.46,412,51,0,0,1,0,1859,42,47,76,2
6.9,20,420,4,7,0,2,199,11,66,82,1
6.78,379,307,2,0,4,1,2903,76,21,71,2
6.56,181,136,2,3,5,4,2789,4,99,68,2
8.49,183,418,4,2,4,4,2177,5,21,86,1
9.13,243,194,1,2,5,4,1016,4,61,84,1
8.31,349,94,3,5,2,1,342,61,86,82,1
6.59,148,489,0,3,1,4,1987,44,0,98,2
9.24,255,390,4,7,3,3,862,38,85,68,1
8.54,99,257,4,2,5,0,1161,69,62,84,1
7.55,54,24,1,7,2,3,163,5,79,84,1
8.7,185,231,0,7,0,1,2189,74,41,69,2
7.04,319,331,4,4,5,4,666,90,66,74,1
7.38,85,93,1,1,0,4,2221,15,1,96,2
9.67,173,349,3,4,2,4,179,66,60,62,1
7.16,467,220,2,2,3,2,459,85,60,83,1
7.88,21,296,3,7,1,2,1502,31,9,83,1
9.56,243,202,3,7,1,4,2613,24,35,68,1
8.83,59,498,3,2,3,0,2977,81,56,92,2
6.25,103,435,3,7,1,2,1598,82,15,73,1
6.59,138,342,2,6,5,1,738,93,12,62,1
6.03,302,80,0,1,4,4,2153,34,33,65,3
8.52,158,204,0,7,4,0,2755,45,21,75,2
7.79,498,480,1,0,3,2,1861,63,18,94,2
6.54,231,448,1,0,4,1,2948,53,17,76,3
9.83,76,379,4,1,5,2,1224,26,47,64,1
8.12,17,487,3,6,2,1,2363,81,9,81,2
6.97,21,76,3,7,1,4,1937,12,82,75,2
8.0,183,37,2,7,5,0,406,30,26,72,1
8.72,144,194,3,0,2,3,678,66,13,71,1
6.3,37,463,2,6,3,2,2776,30,11,69,2
7.1,280,41,4,2,5,0,2335,87,75,69,2
9.23,287,454,1,7,5,3,2865,61,85,73,2
7.84,142,181,1,7,4,4,2929,36,8,92,2
8.19,12,244,4,0,2,1,366,21,34,98,1
7.73,185,194,4,2,2,4,1241,96,13,100,1
6.18,473,77,3,3,0,0,550,44,23,100,1
6.66,433,319,1,7,2,0,1015,14,66,87,1
7.78,266,463,0,4,4,2,2016,61,99,81,2
6.84,268,387,4,0,1,3,1789,77,89,77,2
6.2,96,414,1,3,1,3,305,47,45,74,2
9.37,433,124,1,5,1,2,2778,14,25,76,2
9.92,356,140,2,0,4,4,1124,28,45,61,1
9.17,293,26,1,3,1,3,411,25,98,68,1
9.42,0,314,4,1,5,4,535,21,70,72,1
6.97,294,320,3,3,5,1,340,3,28,80,1
9.84,26,447,1,2,1,0,2331,32,4,73,2
6.79,35,280,0,1,3,1,593,56,29,100,2
9.81,159,292,4,6,3,2,2179,68,11,74,1
9.98,424,241,3,7,0,3,104,27,88,61,1
8.85,398,235,3,1,5,1,2750,34,60,86,2
9.92,30,202,4,2,0,0,252,41,13,93,1
8.28,126,456,3,0,2,3,2830,31,30,80,2
7.04,261,379,0,1,2,4,1756,92,42,96,2
7.75,344,326,1,0,5,3,2732,45,75,72,2
8.37,496,141,4,4,5,0,2073,23,61,66,1
6.29,435,93,1,6,2,3,1213,93,51,94,1
8.49,209,151,1,3,0,1,2251,72,66,83,2
9.92,149,252,3,6,1,2,1532,47,88,60,1
6.76,30,66,4,3,2,1,2100,53,44,80,2
9.17,99,175,1,2,1,3,2700,17,22,100,2
9.63,328,102,2,2,1,4,2017,10,93,79,1
9.77,301,90,0,5,0,3,468,21,4,78,1
9.84,450,192,3,3,3,0,758,100,57,80,1
8.09,352,165,4,4,5,1,791,86,96,77,1
9.91,218,89,4,7,3,1,2045,92,39,98,1
9.03,252,325,3,7,4,3,915,76,11,84,1
6.65,170,314,1,2,3,2,2168,95,93,79,2
7.91,256,489,3,4,2,3,2041,57,16,96,1
8.87,427,267,4,5,0,2,257,73,14,90,1
6.99,56,437,2,2,1,3,1217,42,42,80,2
8.56,8,50,1,1,0,1,2181,5,66,75,2
8.67,4,165,3,5,5,2,185,84,74,66,1
6.65,334,173,4,7,4,0,1174,34,13,100,1
8.26,113,226,4,0,4,2,1451,2,58,99,1
9.09,264,265,4,3,4,4,2306,84,80,91,1
8.0,172,8,2,0,1,0,2796,83,95,66,2
6.05,219,86,1,5,4,3,1415,42,34,99,2
6.04,204,93,3,3,5,4,1904,33,29,71,2
7.43,23,51,1,5,4,0,277,2,68,93,1
9.7,492,178,4,2,4,3,120,44,12,77,1
6.91,457,277,2,0,5,2,1960,44,97,72,2
8.54,169,238,2,5,5,3,585,36,20,60,1
6.89,405,72,4,5,1,1,251,52,89,93,1
7.29,102,338,1,4,4,0,115,4,37,60,1
9.39,59,71,1,5,2,2,945,49,55,84,1
8.92,85,373,2,2,0,3,1420,74,69,68,2
6.38,254,67,0,5,4,2,1516,63,67,80,2
7.71,164,4,2,1,4,2,1636,16,81,66,2
6.12,371,338,2,0,0,0,2186,3,94,78,2
7.92,166,237,3,0,4,2,625,7,23,90,1
8.65,83,465,2,6,5,0,2634,40,72,92,2
6.47,457,120,0,1,4,2,1809,21,26,87,2
7.16,201,412,2,3,2,2,2790,95,7,80,2
7.59,89,210,1,2,5,3,260,26,89,97,2
9.68,88,261,3,7,3,4,2624,57,76,62,1
9.97,436,324,3,1,1,0,1329,5,63,80,1
6.18,119,57,2,5,1,1,1520,30,56,70,2
9.04,155,42,3,4,0,0,612,58,4,98,1
7.49,460,196,3,2,2,2,616,3,18,86,1
7.57,398,71,2,7,1,4,826,46,51,94,1
9.02,187,90,0,1,0,0,764,93,77,80,2
9.67,187,36,2,1,0,2,2592,42,44,90,2
9.8,261,490,1,0,0,1,1446,96,36,67,2
8.31,51,313,4,0,1,3,1054,94,95,91,1
7.43,139,236,0,0,3,3,1325,59,14,82,2
9.15,18,485,2,6,0,0,2418,27,57,96,2
7.0,479,382,0,2,4,0,925,88,26,62,2
8.26,74,292,4,5,3,1,1756,62,80,69,1
7.43,229,465,3,3,3,3,1174,16,97,82,1
8.63,480,153,3,2,4,2,1745,94,90,98,1
6.96,129,169,4,0,1,0,640,49,90,64,1
6.77,54,271,3,0,1,4,1553,99,7,99,2
9.67,270,405,0,2,2,3,1905,16,47,62,2
6.41,447,109,3,5,1,2,2173,9,25,97,1
8.02,99,150,4,5,2,3,1615,47,77,63,1
6.88,68,430,4,1,0,1,160,21,8,70,1
6.16,398,450,4,1,1,4,1180,63,75,70,1
6.14,298,130,1,0,1,2,395,94,14,78,2
6.7,457,267,0,6,4,2,2961,29,97,63,2
9.47,16,22,4,0,0,0,844,19,85,91,1
7.13,353,366,0,3,5,1,1907,13,11,90,2
9.8,115,138,1,5,5,1,2419,14,88,95,2
8.33,151,489,0,1,2,2,1191,42,32,77,2
7.75,329,307,2,3,0,3,1780,56,3,92,2
8.32,115,238,1,7,5,2,2713,18,4,62,2
8.07,29,433,1,0,3,2,324,52,15,65,2
9.04,322,440,3,7,4,2,2238,39,52,69,1
7.13,50,191,4,5,3,2,1683,94,44,78,1
7.41,59,126,1,7,5,2,512,100,67,60,1
9.58,228,429,0,0,2,2,285,22,18,94,1
9.79,258,28,2,3,1,3,1846,77,12,72,1
9.57,359,120,0,3,1,4,2287,21,2,92,2
7.68,4,197,0,0,1,4,2633,93,4,79,3
9.12,27,173,2,4,2,0,682,71,14,68,1
7.91,253,143,3,0,3,4,2494,30,90,69,2
7.99,363,481,4,1,2,3,1223,15,32,93,1
6.82,461,178,1,5,2,2,1223,53,83,78,1
8.36,230,356,4,7,3,1,21,23,40,74,1
6.74,394,10,3,5,5,3,265,20,33,97,1
7.33,455,138,2,6,1,1,1522,71,16,96,1
9.42,356,446,4,0,4,0,2733,81,40,83,1
6.83,199,436,0,2,2,3,1840,37,57,96,2
6.28,331,252,1,0,2,2,2389,69,6,80,2
6.28,270,344,1,7,3,2,2888,13,43,92,2
9.76,338,313,3,4,5,3,271,29,36,90,1
8.03,303,18,3,1,4,3,589,77,43,81,1
7.64,382,159,2,7,2,2,1633,6,36,86,1
9.24,45,305,3,0,0,1,379,3,14,78,1
9.34,27,121,4,7,4,3,943,82,97,70,1
7.33,6,71,1,7,2,2,1568,24,2,72,2
8.77,231,54,2,3,4,4,1713,24,65,66,1
9.08,198,459,3,6,5,3,407,18,97,86,1
8.62,93,168,0,1,0,0,2444,29,59,83,2
6.61,81,98,1,7,0,0,855,42,98,84,2
9.5,87,69,2,1,4,3,1154,93,62,82,1
8.16,389,148,1,4,1,2,1691,14,83,96,1
7.13,185,116,4,7,4,1,2226,47,16,81,1
7.7,242,25,3,5,3,3,415,28,94,81,1
6.15,67,247,3,3,1,0,2480,98,80,62,2
6.51,310,384,3,2,5,1,69,32,73,70,1
9.06,450,208,0,0,0,4,1067,38,86,83,2
6.0,432,226,4,2,1,1,1791,39,29,84,1
7.67,373,410,0,7,0,4,194,22,36,77,1
8.09,434,433,4,5,0,0,799,86,43,87,1
6.22,186,113,4,7,0,4,1087,61,65,98,1
9.89,238,193,4,7,3,1,2332,42,40,69,1
6.9,389,483,3,3,3,0,393,63,59,93,1
7.22,217,320,3,6,2,1,1633,100,69,85,1
7.22,107,9,3,6,5,3,28,41,12,95,1
6.92,306,94,0,1,3,1,2556,51,55,83,3
6.01,37,120,2,4,5,3,1938,93,23,79,2
8.92,394,125,4,4,0,3,2507,79,2,92,1
9.87,435,36,0,1,5,4,985,32,63,95,1
6.9,348,68,3,7,4,3,2821,90,28,82,2
8.65,275,296,3,4,5,4,809,9,15,84,1
8.97,9,173,2,2,1,3,1226,19,87,67,2
9.39,25,500,3,5,4,0,1225,62,3,65,1
7.69,47,460,4,1,0,4,373,3,70,91,1
7.21,346,44,1,7,4,1,2377,83,53,67,2
7.3,369,122,3,0,1,4,2415,14,19,92,2
8.85,13,381,2,0,2,0,1203,14,78,61,2
9.27,99,471,1,3,2,3,2175,62,72,62,2
6.73,186,26,4,5,5,0,144,46,56,61,1
7.48,11,192,4,5,5,2,193,16,98,69,1
9.61,371,496,4,1,3,0,469,83,66,64,1
9.23,378,339,2,5,4,0,1266,48,55,92,1
9.94,278,135,1,2,3,0,1445,16,88,81,1
9.02,340,194,4,6,3,1,1703,11,63,63,1
7.57,327,48,3,5,4,1,577,10,66,78,1
8.36,166,95,1,1,4,0,433,93,14,69,1
8.64,121,491,4,1,1,2,2095,25,74,62,2
6.31,392,120,1,2,4,2,1448,88,87,67,2
8.18,471,248,3,7,4,4,1422,44,69,77,1
8.84,94,472,0,4,5,0,2344,80,20,61,2
6.67,24,216,4,2,3,4,304,53,77,98,1
9.12,16,113,3,1,2,3,2284,64,26,69,2
8.34,425,13,2,1,0,2,2464,62,76,79,2
9.81,28,61,4,1,2,3,1831,25,86,89,1
6.17,443,42,0,1,4,3,2462,66,65,66,2
7.06,322,410,3,3,0,0,2714,58,94,84,2
8.41,340,239,3,6,4,2,555,42,76,73,1
7.19,312,95,1,4,5,4,1463,10,15,69,2
8.86,71,26,4,1,1,3,2604,46,0,73,2
9.04,269,323,0,3,4,0,1102,27,65,92,2
6.41,249,382,2,7,0,1,2156,27,95,68,2
8.06,294,241,1,5,5,2,387,93,65,78,1
8.04,143,486,4,1,1,1,2055,34,3,97,2
7.48,273,458,0,4,5,4,2901,6,65,80,2
9.73,222,239,1,6,0,4,1594,96,3,90,1
9.31,74,303,0,4,1,4,1418,26,76,62,2
8.79,101,66,0,2,3,2,522,92,44,63,2
8.86,19,280,1,7,0,3,2082,26,0,91,2
7.85,116,191,1,3,3,0,1746,94,56,72,2
9.68,173,118,4,5,5,3,2202,46,66,77,1
8.78,372,151,1,4,3,2,828,4,14,69,1
8.92,172,264,4,0,4,1,1154,97,66,76,1
9.45,3,391,0,1,2,0,2761,36,96,83,3
7.1,339,230,1,4,1,4,2038,20,13,78,2
9.23,478,350,4,7,0,1,557,89,9,92,1
6.78,147,248,4,7,5,3,5,68,86,65,1
7.38,394,58,2,5,3,0,2074,96,42,93,1
7.34,113,16,4,5,5,4,2548,41,7,99,2
9.91,320,170,4,6,4,0,2793,62,0,95,1
9.43,491,350,2,3,0,3,1359,1,44,78,1
8.8,401,451,3,7,5,2,1818,86,91,95,1
8.91,166,131,1,7,4,3,727,50,74,60,1
8.25,299,356,2,3,0,2,1621,92,72,72,1
9.79,480,135,4,3,4,4,1427,17,42,84,1
7.99,117,41,4,2,4,3,1522,34,10,71,1
7.52,99,304,1,5,2,3,1802,9,40,88,2
6.65,273,5,0,1,3,3,42,38,64,86,2
9.14,174,328,2,0,1,3,1379,96,39,85,2
8.94,158,169,3,3,1,2,500,31,51,67,1
7.54,383,455,1,7,0,2,250,36,66,83,1
6.1,226,287,1,1,0,1,331,86,86,79,2
9.36,422,398,2,3,5,4,1873,64,82,79,1
6.05,37,337,4,3,5,4,1387,16,44,60,2
8.81,462,214,4,7,2,2,1444,35,8,83,1
9.88,430,68,3,5,0,1,240,26,100,83,1
7.75,197,369,2,0,1,1,1474,47,69,82,2
6.94,135,26,1,1,3,3,800,38,79,93,2
8.82,103,224,2,3,2,1,1091,64,44,68,1
9.27,469,321,0,5,0,4,1912,37,82,91,1
8.19,192,233,1,2,2,0,2918,61,18,62,2
9.87,249,485,3,3,2,2,1215,13,2,97,1
6.21,12,442,3,5,2,3,2418,67,43,92,2
8.02,54,411,1,1,0,1,2327,95,12,72,2
8.87,343,407,4,4,4,2,2098,84,25,97,1
9.45,84,50,1,3,0,2,1733,46,19,68,2
6.72,108,148,1,2,0,2,172,42,63,60,2
9.2,42,414,0,2,5,4,1022,1,22,72,2
8.21,387,74,1,3,0,3,2746,88,82,96,2
7.59,70,305,2,1,0,0,1701,37,30,80,2
6.53,443,91,2,6,0,3,2066,58,69,70,1
9.46,267,367,3,3,2,1,1413,47,98,96,1
6.63,58,423,4,2,2,3,611,77,50,72,1
7.24,460,67,3,3,0,4,1654,12,5,93,1
7.16,437,234,0,2,5,0,1270,43,16,60,2
9.49,43,361,1,4,3,3,2144,18,64,64,2
8.69,271,143,3,3,5,1,2970,11,91,99,2
9.19,389,75,1,0,3,3,2337,59,43,78,2
7.0,13,85,3,3,4,4,2858,30,60,80,2
8.5,370,226,1,2,3,2,216,33,94,91,1
8.29,111,362,3,6,1,4,1691,40,15,64,1
9.33,378,446,2,1,1,4,2130,22,67,63,2
9.62,313,55,0,2,3,4,2639,72,66,93,2
6.05,414,79,3,4,0,0,1627,15,6,61,1
8.7,227,23,2,1,3,3,633,87,59,63,1
6.21,484,226,4,0,1,1,459,71,22,82,1
8.2,168,27,3,0,3,2,259,100,67,74,1
7.15,375,120,1,4,2,2,679,30,19,94,1
7.23,290,489,0,4,4,0,2887,54,76,96,2
7.41,245,92,2,4,2,1,790,95,71,61,1
8.49,265,340,2,7,5,2,1294,41,35,88,1
7.34,336,111,0,7,2,1,467,22,97,73,1
8.93,242,377,3,5,4,1,1846,37,67,81,1
7.62,489,344,1,4,0,3,2473,99,25,82,2
6.27,157,486,4,3,4,0,429,95,34,83,1
9.14,299,30,3,2,0,4,2591,22,52,79,2
7.14,438,142,0,5,1,4,2629,86,19,89,2
7.73,326,366,3,3,3,2,1937,96,9,78,1
8.74,17,297,3,6,1,2,1468,25,69,62,1
7.33,82,226,0,1,1,0,1395,39,93,93,2
6.23,334,357,0,6,1,3,266,2,2,71,1
7.5,230,249,4,0,3,2,222,0,83,93,1
9.78,491,49,0,6,0,2,2679,76,45,64,2
8.57,341,213,0,0,4,1,1381,90,66,66,2
8.69,252,379,0,1,0,0,2185,49,79,74,2
8.53,166,388,2,0,0,4,2749,26,3,84,2
6.8,41,431,0,6,2,0,2778,43,39,77,3
7.67,248,268,0,4,3,4,149,85,38,83,1
9.0,247,287,0,4,0,1,127,54,16,83,1
6.41,437,194,4,5,0,3,1264,74,28,90,1
7.11,379,253,3,4,1,4,2327,14,3,98,2
7.11,285,78,0,7,5,1,2956,93,73,69,2
7.73,19,474,0,1,2,3,1631,81,72,63,2
9.92,381,243,4,2,4,1,1402,43,74,66,1
6.27,351,90,3,1,5,3,1425,87,64,85,2
8.07,380,413,4,6,2,2,1384,95,94,64,1
6.72,41,5,1,2,1,3,2487,85,16,89,3
9.88,344,280,1,0,1,4,2486,68,63,62,2
6.45,86,411,1,5,1,3,2607,68,99,67,2
7.61,260,445,0,6,3,0,97,21,46,79,1
8.95,305,149,4,7,5,3,143,61,17,91,1
8.82,296,323,0,0,1,1,1248,50,70,76,2
7.69,349,398,1,0,0,4,315,38,25,97,1
7.39,239,281,3,2,3,2,2019,21,23,98,2
7.59,166,190,3,7,1,2,2959,6,32,83,2
7.06,312,273,4,0,3,1,2077,49,89,84,2
6.82,218,72,3,1,0,2,1053,53,28,99,1
7.93,440,446,1,6,1,4,2793,84,87,70,2
7.07,489,317,4,7,5,1,2646,98,45,85,1
7.15,420,499,4,2,1,4,2770,73,75,68,2
8.63,390,67,1,4,0,2,1369,11,91,63,1
9.87,132,303,1,7,1,2,2520,61,25,83,2
8.41,206,433,1,6,0,0,2674,100,40,71,2
6.31,50,62,1,2,1,1,763,86,24,98,2
6.3,105,452,4,6,1,3,2616,37,14,100,2
9.81,391,492,3,1,2,1,732,76,94,91,1
7.19,183,133,1,5,3,4,2229,66,33,100,2
6.37,200,441,2,1,4,2,422,69,50,66,2
8.4,10,306,4,1,2,0,2886,93,71,82,2
8.49,253,267,0,0,2,1,2827,40,26,75,3
8.59,149,222,3,6,3,4,2455,66,3,63,1
7.07,353,430,4,5,2,0,2545,1,75,61,1
6.06,354,125,1,4,0,0,1147,56,94,92,2
9.86,460,264,2,5,2,0,1402,58,84,74,1
7.0,394,6,0,4,4,2,1363,29,19,78,2
8.7,443,412,3,3,0,4,1180,60,47,87,1
8.83,95,205,1,5,5,0,2798,91,52,86,2
8.44,105,178,4,5,3,2,275,48,62,83,1
7.25,142,467,4,6,3,2,353,48,16,81,1
7.08,165,495,3,1,3,2,1244,42,94,96,2
8.39,0,182,2,5,0,1,2863,97,78,88,2
9.46,45,479,1,0,3,2,2463,94,31,90,2
9.79,241,442,3,6,3,4,1891,16,65,97,1
6.42,343,439,3,2,4,3,389,57,91,94,1
6.62,426,405,4,7,1,1,124,72,84,81,1
9.78,487,227,3,0,5,0,1313,19,49,98,1
8.95,277,235,0,1,1,2,1184,76,12,96,2
9.53,2,145,0,0,1,1,1406,53,96,79,2
6.81,141,57,1,5,3,1,112,90,26,76,1
8.35,385,295,3,7,0,4,2032,99,25,82,1
8.8,60,240,4,1,3,0,2895,57,52,79,2
8.72,415,344,1,6,1,3,1979,3,33,95,1
7.63,495,286,2,7,4,3,2536,90,81,78,1
6.06,293,439,4,5,3,1,1673,71,73,63,1
8.33,224,162,2,7,3,1,2409,63,82,82,2
7.01,301,25,1,2,3,0,47,8,56,70,1
7.8,169,451,0,2,0,1,2648,84,11,60,3
9.83,133,105,4,4,4,2,2386,34,87,62,1
7.6,40,239,4,5,4,3,1297,27,64,78,1
9.36,230,339,1,3,4,2,2945,26,8,66,2
6.75,408,417,4,0,4,4,55,70,92,96,1
8.69,225,331,4,3,1,1,2315,49,44,76,1
9.91,138,399,1,0,3,0,545,44,91,69,1
6.41,109,378,3,4,5,4,1990,97,98,95,2
6.03,484,41,1,4,4,4,1344,13,81,97,2
7.73,296,132,4,2,2,0,2668,28,43,96,2
6.37,454,316,1,6,2,4,2322,59,47,100,2
8.99,56,43,4,6,5,2,2382,28,18,66,1
9.66,429,34,2,2,1,4,2733,56,85,68,2
7.74,122,363,2,7,2,0,2196,60,81,88,2
7.03,239,346,0,5,2,3,2361,84,100,81,2
7.74,85,383,1,2,2,1,1234,59,53,96,2
8.89,175,0,1,5,1,0,2805,65,75,89,2
6.04,62,225,2,0,3,2,923,50,72,92,2
8.36,38,298,2,5,1,2,2322,9,35,81,2
8.45,137,287,2,6,0,3,145,87,14,75,1
8.55,468,235,0,3,0,2,1852,90,8,62,2
6.97,453,358,0,6,2,0,601,50,8,69,1
8.86,240,446,3,3,2,2,773,95,45,99,1
6.37,448,32,1,2,3,3,1926,86,30,76,2
6.8,225,94,0,4,5,3,2422,47,54,70,2
9.51,442,204,4,3,2,4,1380,56,69,87,1
8.95,205,108,1,4,0,4,737,51,57,76,1
6.05,163,321,3,2,2,2,783,99,14,92,1
6.99,26,29,2,0,3,2,998,56,39,89,2
6.86,456,265,3,5,0,2,2215,84,9,82,1
7.08,182,22,1,1,2,2,344,85,0,97,2
6.99,197,96,2,3,3,4,2790,86,71,65,2
6.25,478,38,3,5,3,0,1309,11,23,76,1
7.84,336,172,3,5,0,0,1378,76,84,72,1
8.93,436,247,1,2,0,0,1813,33,63,78,2
8.43,106,378,0,2,5,4,1673,88,47,77,2
8.69,443,412,4,5,0,0,1731,65,99,92,1
6.32,188,413,3,3,3,0,2220,40,93,61,2
9.81,35,161,4,1,0,4,190,53,49,84,1
9.35,84,179,1,6,0,1,2883,20,2,82,2
9.22,154,102,1,0,3,2,2161,94,69,70,2
9.29,168,208,0,3,5,2,495,17,63,64,1
9.73,283,21,2,7,3,1,2750,79,24,100,1
8.18,271,4,4,5,0,3,2494,77,55,75,1
6.8,34,138,3,0,0,0,433,96,40,70,2
8.47,419,213,2,7,0,1,1191,45,58,63,1
8.97,183,159,4,7,5,0,681,6,32,88,1
8.95,98,407,4,2,3,1,306,37,74,68,1
8.09,236,394,2,5,4,2,994,19,11,77,1
6.27,402,138,2,5,1,0,1553,3,0,77,1
7.48,440,144,0,3,2,4,1402,10,67,97,2
9.68,468,159,3,0,1,2,206,5,68,86,1
8.34,121,82,3,4,5,2,1777,6,98,65,1
8.15,416,154,3,4,3,2,1867,44,58,95,1
7.08,22,287,2,4,4,0,2488,29,74,86,2
7.47,374,316,0,5,5,3,769,86,29,70,1
9.58,62,280,1,6,3,1,193,27,32,97,1
8.67,325,63,0,0,0,1,2996,98,39,68,2
9.15,479,191,2,4,5,4,1679,55,84,72,1
7.82,149,155,0,2,2,3,12,0,21,77,2
8.52,194,423,2,5,1,2,941,87,24,77,1
6.99,482,499,4,6,3,1,2818,59,97,60,1
8.82,79,90,4,6,4,0,215,47,3,88,1
7.71,489,141,1,0,0,2,674,27,11,82,1
7.77,314,41,4,6,4,2,785,54,3,96,1
8.6,152,248,1,2,2,3,2857,97,22,91,2
9.75,16,294,3,1,4,3,718,80,69,86,1
6.26,38,257,2,0,4,1,2507,87,57,77,3
9.3,332,336,3,4,0,1,2388,30,96,75,1
7.17,347,0,3,7,4,2,1388,19,34,97,1
7.78,458,108,1,4,0,4,711,58,57,84,1
6.09,201,415,2,5,2,2,321,28,96,60,1
7.2,422,466,1,1,3,0,1656,27,5,60,2
8.01,279,124,0,5,0,4,2288,77,6,92,2
6.22,421,63,3,7,5,1,15,41,20,69,1
7.96,87,205,2,3,5,4,877,63,14,65,1
9.71,480,414,3,1,3,4,1190,25,65,100,1
6.42,464,441,0,4,1,1,1378,10,86,83,2
9.06,440,337,0,7,4,0,170,15,66,65,1
7.64,299,243,2,4,3,0,726,35,11,68,1
8.62,291,77,2,3,4,3,691,28,48,92,1
7.04,354,110,0,6,0,3,78,90,78,74,1
6.64,69,141,3,1,4,0,739,28,61,97,2
6.64,377,215,4,2,2,0,208,27,32,95,1
6.28,123,452,3,1,5,3,915,95,60,67,2
6.74,79,15,4,2,3,3,2921,26,12,85,2
8.66,44,452,1,4,4,0,2079,10,12,66,2
9.53,475,53,2,4,3,1,194,44,58,69,1
9.26,232,140,0,1,3,0,2208,71,27,77,2
8.74,479,379,1,4,2,1,100,55,76,85,1
6.44,153,335,3,5,0,1,1528,48,23,63,1
7.16,394,78,4,6,4,1,2251,52,29,100,1
7.24,179,414,2,5,1,3,2056,67,99,67,2
7.0,408,452,4,7,3,2,709,51,3,84,1
8.06,30,148,3,6,0,0,2351,75,12,77,2
8.14,84,126,3,6,1,4,8,31,75,64,1
7.43,44,157,0,5,3,4,1698,58,0,63,2
7.42,370,278,1,7,1,0,1796,75,43,67,1
9.31,322,37,2,3,4,1,804,63,48,61,1
9.16,331,156,0,0,4,3,153,55,80,62,1
7.23,242,332,4,2,5,3,1825,59,23,89,1
9.66,39,287,1,4,3,1,1417,24,33,66,2
9.81,429,111,2,6,3,0,1706,87,38,83,1
7.31,181,189,4,6,5,4,1334,83,41,66,1
7.42,296,105,2,2,4,3,397,49,6,95,1
8.02,472,90,2,6,0,1,2027,6,22,60,1
9.76,375,353,1,1,1,3,1530,95,20,89,1
9.51,80,300,4,3,3,1,690,5,42,93,1
6.41,37,48,0,2,3,3,1068,82,59,65,2
7.57,355,160,0,4,2,4,1336,51,23,60,2
8.21,419,3,0,0,1,3,1078,17,99,85,2
8.01,466,401,2,5,5,0,1721,11,66,98,1
6.78,427,197,3,3,4,2,652,36,92,90,1
9.44,56,319,1,6,5,1,349,9,27,99,1
8.71,321,411,0,1,3,2,1408,86,65,99,2
9.35,464,363,1,4,3,4,1211,81,3,61,1
9.44,29,376,2,3,4,4,2369,20,80,70,2
8.99,494,441,1,6,1,2,1376,53,83,100,1
7.76,265,474,0,7,0,4,456,12,35,97,1
8.44,226,253,0,4,4,4,293,65,56,89,1
6.64,316,89,2,1,0,1,159,65,89,82,1
8.69,446,311,2,1,3,1,1503,17,56,75,1
6.72,499,19,4,0,0,1,25,34,85,86,1
8.78,291,76,2,6,0,0,818,97,18,95,1
6.92,53,219,3,6,4,0,2280,73,30,82,2
6.47,96,161,3,3,5,0,1645,100,41,92,2
6.66,448,496,0,0,3,0,2609,31,59,81,3
6.01,465,342,2,0,1,2,1544,24,88,98,2
8.87,3,393,3,6,2,1,2526,23,29,75,2
8.93,438,114,3,0,0,4,1657,84,47,63,1
8.06,309,93,4,5,3,3,2907,38,72,74,1
6.65,366,405,2,6,2,0,419,59,29,76,1
6.33,90,132,4,2,1,4,370,97,40,90,1
6.08,88,500,1,1,2,1,1516,25,31,98,2
6.66,319,171,4,0,1,2,1813,41,58,90,2
9.56,374,113,1,2,5,4,1097,38,47,94,1
6.97,91,8,1,2,2,3,2200,68,78,81,2
7.42,500,298,2,2,1,4,2480,69,99,81,2
6.42,149,259,1,0,5,1,257,95,98,62,2
6.89,233,169,1,2,0,4,328,40,64,77,1
8.08,408,320,4,0,2,2,254,31,20,85,1
8.43,336,97,2,3,1,1,2819,7,35,94,2
6.98,58,168,2,1,3,0,1934,17,66,83,2
6.23,184,447,1,4,4,1,654,57,78,85,2
7.56,437,310,4,0,5,4,1713,0,87,95,1
6.94,43,217,4,1,2,3,122,23,15,80,1
6.88,179,401,4,0,5,1,33,46,57,66,1
9.84,75,399,4,5,2,1,1284,80,6,64,1
8.47,143,342,0,3,2,1,2598,62,79,90,2
8.23,100,429,1,6,2,1,1177,17,27,74,1
7.66,380,419,1,1,4,4,1269,19,49,61,2
7.72,271,345,1,1,2,0,1165,25,11,77,2
8.16,464,449,2,2,5,3,631,93,24,69,1
8.79,54,43,2,6,0,1,2537,100,29,61,2
8.81,188,499,4,0,0,3,2933,90,71,69,2
6.69,350,260,2,0,3,4,2983,38,10,99,2
8.0,334,284,3,4,4,0,1817,22,59,71,1
7.65,76,125,1,2,5,1,230,89,41,81,2
9.48,295,259,1,6,3,0,201,4,99,100,1
8.53,218,494,0,2,0,1,2918,13,99,80,2
8.13,276,354,0,4,2,1,555,98,54,87,1
6.46,65,213,3,2,2,2,1190,95,35,62,2
8.42,135,304,0,2,1,3,1013,44,48,96,2
6.47,233,199,4,3,4,0,1629,67,45,87,1
7.35,198,235,4,5,1,3,951,21,93,64,1
6.57,265,340,1,1,4,3,818,32,69,64,2
8.77,440,135,4,6,4,3,846,12,34,68,1
6.83,387,377,0,4,2,0,230,71,93,83,1
7.57,42,435,3,7,2,1,2338,45,13,96,2
9.58,360,115,4,3,3,1,921,72,36,90,1
6.82,227,452,1,5,0,1,2474,57,91,73,2
8.03,226,404,1,3,0,1,1628,27,39,100,2
7.68,62,154,0,7,2,1,759,0,51,86,2
6.07,170,421,4,3,0,1,999,14,40,80,1
9.17,450,388,0,2,4,4,1701,6,4,82,2
6.28,249,340,1,5,0,4,1775,16,20,97,2
7.9,337,316,3,5,5,1,66,75,54,63,1
8.24,249,391,4,4,3,0,853,54,48,63,1
8.51,306,341,3,2,0,3,2003,62,60,64,1
8.75,237,17,4,7,0,3,2280,92,5,72,1
7.01,55,387,1,2,3,0,927,55,50,91,2
6.04,170,3,4,7,3,4,666,13,60,64,1
8.89,407,164,1,3,2,3,1946,76,61,90,2
8.14,479,126,2,0,3,4,1151,55,23,74,1
9.34,33,398,1,4,5,2,125,31,51,77,1
9.29,314,421,1,4,2,3,1887,24,15,99,1
9.37,129,410,4,3,4,2,368,90,6,77,1
7.94,129,212,3,3,1,2,1103,23,41,87,1
7.33,393,47,1,6,0,2,2058,12,89,67,2
9.17,150,45,4,1,3,2,922,92,20,87,1
7.81,142,45,1,3,0,1,137,29,47,73,1
6.73,117,47,0,2,4,1,181,90,59,64,2
9.42,203,186,0,6,1,0,1478,6,81,77,1
9.53,383,119,0,3,3,3,2134,12,16,66,2
7.87,234,131,0,7,2,0,720,6,20,77,1
6.3,16,458,3,4,2,2,214,98,51,78,1
7.55,81,18,1,0,3,0,1191,69,5,75,2
9.21,13,440,0,0,3,1,1341,21,18,74,2
9.61,80,274,4,2,4,4,52,58,65,91,1
6.81,206,474,0,0,1,4,2244,13,18,61,3
6.27,203,231,2,3,3,4,1732,20,21,88,2
9.51,378,41,2,0,2,4,713,17,79,98,1
7.56,271,91,3,3,1,4,2254,47,24,85,2
8.17,31,260,2,7,3,3,682,92,43,80,1
9.87,22,47,4,5,1,2,1267,25,10,92,1
6.27,101,408,0,1,4,1,587,38,75,96,2
8.59,161,450,2,4,5,4,1411,36,27,74,1
6.3,97,281,2,7,3,3,1933,61,65,88,2
7.5,143,73,3,5,3,1,364,63,37,78,1
9.22,417,215,2,2,1,4,1933,61,75,90,1
7.73,103,445,0,1,3,2,2680,99,24,98,3
9.99,381,220,1,0,1,0,377,27,1,98,1
8.24,454,108,0,2,5,2,2328,10,32,83,2
7.28,416,134,2,6,1,2,1684,16,12,74,1
6.88,323,427,2,3,3,4,1098,11,55,89,1
7.4,170,342,2,7,2,0,727,27,51,84,1
7.49,63,237,3,7,4,0,500,87,44,76,1
6.27,243,154,4,7,1,1,1514,30,49,88,1
7.48,70,425,0,1,2,3,1121,100,58,84,2
7.86,273,328,2,4,1,1,1975,55,63,62,2
8.89,451,491,1,4,2,4,1059,55,87,81,1
8.63,368,55,3,7,3,0,590,28,83,95,1
8.84,124,386,4,1,4,2,1525,4,83,64,1
6.03,382,381,2,1,2,2,848,34,46,99,2
6.87,316,396,0,1,0,3,1107,12,11,66,2
8.65,330,197,1,0,1,4,929,44,44,86,1
7.94,106,314,3,7,2,4,2546,72,36,74,2
6.02,147,37,0,5,4,1,2662,30,7,73,3
9.22,394,340,0,5,4,0,1800,86,99,71,1
9.09,462,338,3,7,4,0,596,15,96,74,1
8.19,429,216,0,5,5,3,2261,53,30,99,2
6.27,191,230,1,4,2,2,1272,83,28,85,2
9.07,336,451,1,6,2,1,597,46,17,86,1
8.33,225,341,0,4,3,3,2169,7,55,64,2
9.13,241,452,2,7,0,0,2930,47,19,81,2
9.01,495,256,0,7,5,1,2504,80,71,98,2
9.21,459,433,2,0,2,4,2946,63,45,80,2
8.07,361,208,0,2,5,2,425,49,100,99,1
6.56,283,200,4,7,3,0,2485,18,87,82,1
8.68,431,136,1,7,1,0,715,42,0,83,1
8.48,162,127,0,4,0,3,2448,100,57,64,2
8.97,7,52,1,2,5,2,1673,90,66,74,2
6.68,346,343,3,6,4,0,2289,78,74,93,1
6.78,405,393,4,2,0,0,1632,87,41,88,1
9.56,376,83,2,7,1,0,1903,68,42,96,1
9.0,151,208,3,2,2,3,2980,52,2,94,2
9.63,321,332,4,4,2,0,1687,46,20,84,1
9.03,94,284,3,3,5,3,431,37,68,63,1
8.39,213,35,1,2,3,4,2737,56,64,85,2
8.62,63,214,4,5,2,4,695,8,77,97,1
9.56,64,26,3,6,2,4,119,88,67,63,1
8.32,380,145,2,6,0,4,1930,14,18,95,1
8.53,269,17,4,3,1,1,1599,26,46,61,1
6.63,24,117,4,0,4,1,2812,58,19,75,2
7.9,483,136,3,5,4,4,2911,44,6,73,1
8.87,99,66,0,7,3,4,1644,5,59,99,2
7.08,104,390,2,6,1,2,2586,38,47,79,2
6.81,130,313,2,3,0,0,2736,15,8,78,2
7.26,388,462,3,3,4,2,490,50,33,79,1
6.97,320,29,1,1,3,2,2462,28,41,87,2
6.86,437,72,1,2,2,2,541,96,12,64,1
7.7,18,122,0,7,2,2,1462,81,67,96,2
9.63,224,444,0,4,5,2,1267,99,35,74,1
8.03,105,488,3,1,0,2,1275,0,18,78,2
6.75,53,474,1,7,4,4,283,12,80,95,1
6.31,477,227,2,5,5,2,1524,5,59,85,1
8.78,459,337,1,7,5,1,2776,19,88,98,1
7.53,393,478,3,7,5,0,1058,97,13,89,1
9.29,225,272,1,3,2,1,756,81,4,71,1
8.64,399,245,4,0,3,3,846,70,6,78,1
9.18,359,436,3,4,3,1,1653,36,77,68,1
7.09,429,389,4,0,4,3,73,79,96,95,1
8.77,412,38,3,3,5,4,1325,77,75,64,1
7.06,14,408,2,0,0,3,2879,77,51,88,3
9.76,47,169,3,1,3,2,2031,3,3,91,2
8.55,138,425,3,0,1,2,1032,13,51,62,1
7.3,491,314,3,1,3,2,1927,64,55,84,1
7.08,33,101,3,2,0,3,1548,55,5,93,2
6.76,419,293,0,6,5,3,2836,32,64,90,2
8.78,413,414,4,4,3,3,925,71,83,80,1
6.87,354,242,3,0,5,0,183,90,89,69,1
8.38,456,156,3,1,2,0,1292,96,86,93,1
7.06,209,359,0,3,0,0,2132,93,75,88,2
8.65,18,264,1,5,2,2,2582,19,12,80,2
9.26,486,256,0,6,2,4,2967,5,58,100,2
9.11,195,463,0,3,4,1,2224,0,56,72,2
9.04,325,357,0,1,5,0,301,8,81,91,1
6.75,114,342,3,4,5,1,1050,54,94,85,1
6.35,416,122,0,2,5,0,107,31,45,77,1
8.8,351,455,0,2,5,3,796,96,52,98,1
7.47,463,46,0,4,0,3,2487,17,27,85,2
7.73,74,331,3,5,2,2,744,36,68,83,1
6.12,149,9,2,0,4,2,1609,62,38,90,2
7.04,35,143,2,1,4,1,2,18,19,75,1
6.13,241,430,1,2,2,2,2666,96,19,96,2
9.52,150,298,3,4,2,4,540,4,97,88,1
6.97,62,151,0,2,1,4,2381,55,49,71,3
8.23,153,486,0,2,0,4,181,11,13,64,2
6.16,187,135,0,7,4,2,2702,64,14,69,2
8.67,222,74,2,0,0,0,2667,69,35,71,2
7.29,92,360,0,2,5,1,174,80,29,99,2
9.59,4,25,0,1,4,1,381,7,17,87,2
9.55,437,6,2,4,3,1,2382,4,97,60,1
7.3,165,78,0,5,3,0,2371,98,25,85,2
9.6,445,14,1,5,4,2,1994,27,99,93,1
9.98,24,431,4,5,1,0,2549,78,82,80,1
9.3,97,386,1,0,3,3,1510,59,63,77,2
9.38,267,399,3,5,5,0,1222,91,67,88,1
7.0,149,206,1,0,5,2,1940,87,90,69,2
8.31,392,88,1,7,0,0,547,89,54,88,1
6.27,251,96,2,5,2,2,2992,71,66,94,2
6.38,83,397,3,4,0,0,939,98,43,100,1
10.0,284,215,1,1,5,0,276,79,58,79,1
7.31,171,458,4,6,0,1,1649,70,11,68,1
8.99,220,258,1,5,5,1,56,16,35,70,1
9.23,108,328,0,2,0,1,2051,50,1,70,2
9.43,26,453,2,2,5,2,836,54,41,98,1
9.99,245,286,0,5,4,4,2110,98,33,65,2
6.97,54,374,3,1,4,4,1597,63,30,89,2
6.16,464,463,3,6,0,4,1503,30,68,81,1
7.64,132,74,2,3,2,4,1722,58,19,63,2
6.52,51,241,1,4,1,2,2937,70,37,64,3
6.09,492,16,3,1,5,1,1053,50,74,65,1
7.44,252,176,4,2,1,1,422,66,94,92,1
9.13,268,258,2,4,3,1,1787,17,88,65,1
8.26,297,122,0,5,3,2,1880,26,3,75,2
7.25,398,466,4,4,2,0,1494,80,84,62,1
8.62,78,471,2,2,0,3,1833,31,61,75,2
6.93,17,310,4,1,5,2,212,74,0,72,1
6.06,305,110,2,3,4,0,110,75,41,90,1
9.06,257,255,0,4,3,1,2879,45,50,71,2
8.49,342,233,1,5,0,1,2685,35,36,82,2
9.05,106,455,2,4,1,4,2470,75,42,67,2
6.16,396,496,3,4,2,4,1392,11,91,61,1
9.35,490,355,0,5,4,0,1714,58,61,66,1
8.48,451,39,0,5,4,3,1385,83,50,81,1
8.25,46,121,4,5,3,0,2439,41,52,63,2
8.5,245,449,3,6,0,0,1944,66,0,97,1
9.46,88,214,4,1,4,3,1023,30,63,72,1
8.35,202,295,0,4,1,0,1125,4,15,90,2
8.32,433,285,2,5,1,0,1454,83,1,60,1
9.96,239,280,3,2,2,2,462,46,1,69,1
9.03,489,6,0,2,2,3,2845,41,57,79,2
7.77,267,91,3,5,1,1,835,0,16,64,1
8.83,12,360,2,0,1,4,359,55,85,87,1
7.56,136,433,1,6,0,1,221,10,79,94,1
6.92,314,122,4,4,4,1,336,40,76,99,1
8.39,500,336,4,7,0,4,853,35,6,67,1
9.71,172,95,0,6,2,4,1110,30,61,88,1
9.72,229,0,0,3,2,0,343,62,16,90,1
7.37,197,90,2,6,2,3,896,87,20,71,1
8.11,490,427,0,0,4,4,2761,62,94,96,2
6.85,242,483,0,7,3,3,882,14,78,67,2
9.98,42,432,0,4,2,0,2528,56,63,82,2
9.92,329,6,3,6,2,1,1316,1,42,78,1
8.6,278,119,3,4,0,4,2020,28,86,95,1
9.22,78,386,1,7,0,4,1285,58,52,83,1
8.86,428,349,3,5,3,0,218,40,40,78,1
8.37,278,128,4,1,5,3,4,85,25,93,1
6.21,231,178,1,6,3,3,536,40,93,94,1
7.82,100,97,0,1,3,2,363,10,74,72,2
8.7,161,421,4,2,3,1,1806,94,25,74,1
8.71,143,42,1,0,0,2,2779,83,69,89,2
7.49,446,182,1,0,2,3,1548,38,66,100,2
9.77,108,184,4,7,0,2,1618,78,88,62,1
6.67,434,52,1,7,1,3,2860,98,78,98,2
8.0,232,227,4,5,1,4,2185,80,58,86,1
8.76,110,160,1,0,5,0,1523,3,20,85,2
8.79,415,234,1,7,2,2,166,30,41,87,1
8.59,421,463,1,5,3,4,2637,92,69,81,2
7.1,231,445,4,2,2,4,2873,29,22,93,2
6.62,439,357,1,3,1,0,2223,60,56,93,2
8.54,237,394,3,3,5,0,951,68,52,69,1
8.4,196,199,3,5,2,4,898,92,75,87,1
6.72,272,435,3,3,3,4,1405,19,26,61,1
8.82,85,0,3,5,5,2,368,72,61,99,1
7.82,294,13,3,7,5,2,238,100,78,91,1
8.67,40,477,0,0,0,1,339,13,71,67,2
9.35,47,212,1,4,3,1,2194,43,24,85,2
6.68,465,377,2,0,0,4,66,17,42,79,1
6.08,411,276,0,7,1,1,474,48,47,99,1
9.12,76,33,4,5,4,4,2233,80,60,100,1
8.44,177,485,0,4,2,0,1268,80,18,78,2
8.8,489,473,2,6,4,0,1088,57,34,75,1
9.35,256,360,0,7,3,2,1752,69,20,97,1
9.21,116,269,1,1,0,3,667,20,17,79,1
9.84,433,167,3,7,3,4,2551,53,92,94,1
8.14,18,377,1,5,3,2,1333,41,90,91,2
7.95,481,418,0,5,1,1,1467,9,39,100,1
7.61,58,169,2,7,3,4,1012,91,73,68,1
6.61,195,81,4,2,2,2,630,100,52,73,1
8.29,106,403,1,6,1,1,1914,44,4,90,2
7.11,450,315,2,3,4,4,2927,54,21,69,2
9.69,424,136,4,0,3,2,2120,20,55,68,1
8.33,393,232,3,0,4,3,2805,64,13,86,2
8.37,283,114,1,1,2,2,223,40,39,86,1
7.42,33,251,1,4,2,4,1806,67,0,64,2
6.21,294,492,3,3,2,1,580,100,76,90,1
6.13,494,288,3,7,4,4,1565,51,26,77,1
7.69,250,48,0,2,4,4,2617,5,48,93,2
6.34,125,451,4,4,0,2,2678,24,57,71,2
8.43,338,3,2,4,1,4,999,64,80,83,1
9.52,105,378,3,5,5,0,1569,99,71,99,1
9.53,439,175,0,7,3,3,2417,34,91,67,1
8.64,179,271,4,7,1,1,2177,2,25,88,1
6.84,109,430,4,3,2,3,1538,39,19,77,1
9.45,227,25,1,2,3,2,832,63,82,85,1
9.54,120,69,0,6,0,2,1662,87,13,86,2
6.79,106,292,0,6,1,0,1398,86,24,72,2
8.95,130,405,1,3,2,2,747,89,35,74,1
7.15,22,233,2,3,3,2,2998,68,27,69,2
9.21,144,230,3,0,3,2,74,33,7,71,1
9.99,326,262,1,7,2,3,2634,51,48,97,1
6.12,153,425,3,7,4,0,1438,77,96,68,1
9.59,106,285,0,2,1,4,2177,23,5,76,2
8.49,145,73,1,4,3,1,2527,37,88,93,2
9.89,251,120,2,3,4,0,1507,96,0,70,1
7.86,493,462,3,1,0,3,2288,52,93,81,1
9.39,301,5,3,2,3,4,2189,55,4,85,1
6.25,69,23,3,1,3,4,2347,16,72,68,2
7.34,30,193,0,4,0,1,971,96,7,65,2
6.27,92,167,3,2,0,4,345,14,87,89,1
9.9,136,376,4,0,5,0,845,98,88,61,1
9.27,373,499,3,7,5,4,1422,13,40,78,1
9.41,162,398,0,2,3,3,41,60,71,74,1
9.75,80,436,1,4,2,4,1462,64,84,67,2
6.34,315,340,3,0,0,3,774,45,18,62,1
7.54,75,209,3,4,4,4,2606,13,2,88,2
6.28,62,132,1,5,0,1,205,36,38,69,2
6.84,99,344,4,2,3,0,897,75,15,82,1
6.92,435,291,0,4,3,3,797,98,64,98,1
7.88,47,457,1,2,1,4,1742,31,73,85,2
7.07,444,498,0,7,4,2,2939,1,69,100,2
6.4,407,173,1,7,1,2,410,96,68,66,1
6.67,73,150,2,0,0,0,855,17,16,65,2
6.59,313,87,4,2,1,3,2876,15,20,88,2
9.89,191,300,2,4,3,1,1934,88,92,82,1
9.04,29,265,1,4,2,1,610,89,61,71,1
9.87,156,309,1,5,0,0,2327,4,30,79,2
7.76,486,69,0,6,3,1,2750,15,2,100,2
7.11,265,204,1,5,0,4,1802,79,37,64,2
9.19,255,340,0,4,1,0,2052,10,59,76,2
7.31,38,31,0,1,1,3,39,7,91,84,2
7.2,54,42,1,1,5,1,2673,66,91,63,3
6.93,27,117,0,1,0,4,1482,52,64,77,2
6.52,401,376,4,3,5,1,856,59,75,88,1
7.03,424,14,2,7,0,0,546,79,15,95,1
7.42,117,321,1,5,1,0,1240,6,88,96,2
8.7,369,398,0,2,0,1,120,91,81,64,1
6.25,208,114,0,7,5,0,281,1,7,73,1
6.84,74,336,0,1,1,2,2996,98,69,60,3
9.24,64,19,0,4,5,0,2319,30,50,75,2
6.59,336,177,4,7,0,3,1153,10,49,65,1
7.37,355,261,1,4,2,1,1898,74,72,83,2
9.46,99,78,1,1,0,2,376,64,17,75,1
6.62,45,380,4,5,0,1,2953,60,93,83,2
6.33,315,400,4,1,3,0,315,56,83,72,1
7.94,392,119,4,4,2,2,2190,93,81,75,1
7.21,428,25,1,7,1,1,1129,93,100,93,1
8.25,443,21,3,1,1,0,1014,32,28,88,1
9.22,155,200,2,6,4,0,799,11,74,100,1
6.55,239,63,4,5,2,1,728,73,81,72,1
8.32,352,459,4,3,2,1,504,54,32,68,1
8.02,258,213,1,3,0,1,53,42,2,95,1
6.58,434,313,1,6,3,2,959,67,91,85,1
8.5,135,470,2,5,1,2,244,96,4,84,1
7.09,369,292,0,7,1,3,2442,94,79,62,2
7.95,197,77,1,3,3,2,618,94,58,63,1
6.33,186,215,2,7,5,0,1195,4,3,82,1
7.84,115,455,1,0,3,2,1339,62,17,67,2
7.23,444,473,1,7,5,1,1356,84,26,97,1
9.29,57,223,1,3,5,1,867,17,17,71,1
6.23,69,376,3,4,2,2,364,81,65,71,1
7.67,92,27,3,5,5,0,2806,3,5,80,2
7.83,228,479,4,6,3,3,2327,49,98,96,1
8.9,395,469,3,0,3,1,86,19,82,78,1
8.3,136,304,2,4,0,4,2507,52,92,71,2
8.67,104,200,1,4,2,3,1838,19,10,71,2
9.11,304,66,3,7,5,4,1201,53,37,92,1
9.45,338,472,1,5,4,4,2711,27,64,89,2
7.26,16,358,0,5,4,4,2444,76,58,70,2
8.15,53,125,4,1,1,1,2845,34,53,78,2
9.36,111,459,3,6,3,1,2265,17,20,87,1
9.96,171,348,1,5,0,4,2648,32,98,85,2
9.56,415,194,0,2,3,4,571,36,7,82,1
7.49,418,424,4,3,1,3,357,99,66,100,1
6.78,461,173,4,5,3,1,1727,8,14,97,1
7.96,304,86,0,2,4,4,1565,25,80,96,2
8.97,437,342,3,7,2,0,2051,0,91,62,1
7.97,143,310,3,7,3,1,1887,24,60,70,1
7.93,84,465,1,2,5,1,89,87,99,99,1
9.35,11,394,2,7,4,0,1391,29,50,87,1
7.45,251,483,1,7,4,4,2111,41,40,81,2
9.44,215,153,1,1,1,2,2327,75,77,74,2
7.63,125,455,1,2,2,1,759,14,16,93,2
7.31,97,475,0,3,1,4,433,83,38,91,2
7.82,391,209,4,0,0,0,1110,90,19,62,1
9.05,491,12,4,4,5,0,1757,92,38,69,1
6.5,404,163,2,3,2,1,2020,65,69,61,2
6.79,303,489,3,1,0,0,2125,14,69,81,2
9.81,391,487,1,0,2,0,1667,98,76,63,2
6.7,27,254,0,1,4,4,1646,9,34,83,3
8.27,335,383,0,7,0,0,2454,56,98,89,2
8.32,265,491,1,6,2,2,369,25,26,60,1
7.96,51,63,0,3,2,4,2293,33,31,78,2
8.58,142,306,0,7,0,4,2442,7,97,87,2
6.92,131,75,1,4,2,1,1144,57,2,75,2
8.21,345,21,2,2,1,4,2825,64,31,80,2
7.49,206,59,0,5,1,1,824,14,70,100,2
8.65,483,385,4,5,0,0,1975,67,33,91,1
6.56,479,55,4,2,4,3,2963,66,20,60,2
8.28,61,167,4,1,3,2,1864,41,28,61,2
6.74,362,411,1,0,0,2,33,1,3,90,1
7.11,485,204,4,7,5,0,2964,18,67,77,1
6.87,131,352,3,5,0,3,803,18,0,76,1
6.73,40,258,0,4,0,4,379,45,30,67,2
9.3,200,190,2,1,5,3,1491,82,44,69,1
7.14,98,481,4,4,5,4,1458,83,80,92,1
9.71,310,406,1,5,5,4,1143,48,70,75,1
9.88,283,54,2,1,0,4,1102,57,51,83,1
8.29,356,415,1,6,1,3,778,36,43,64,1
6.57,46,339,2,6,0,0,323,65,49,84,1
7.5,136,283,2,0,4,4,2935,24,35,71,2
9.19,129,379,0,6,3,0,2210,85,20,63,2
7.47,194,263,2,3,3,4,988,33,22,95,1
6.35,116,258,3,2,4,0,1831,85,76,60,2
8.23,363,349,3,4,0,0,218,75,33,94,1
9.38,431,88,3,6,3,0,2970,38,99,95,1
9.18,68,436,1,4,1,1,2883,11,68,78,2
6.7,457,221,0,7,3,3,2138,47,99,83,2
8.69,27,412,1,0,5,4,889,94,30,65,2
6.88,334,494,4,4,4,4,130,59,11,70,1
6.87,13,349,3,3,3,1,12,95,27,61,1
9.5,45,481,0,3,4,0,827,99,47,73,2
7.0,470,88,3,0,0,0,1405,13,27,99,1
7.05,396,464,0,1,3,4,32,25,6,73,1
6.0,15,58,1,1,4,2,2099,91,33,93,3
9.48,477,151,1,4,1,4,380,0,85,60,1
9.17,423,421,3,6,1,4,267,9,50,82,1
8.51,455,27,2,4,2,1,1824,86,87,60,1
9.0,208,224,0,0,3,0,1472,34,77,87,2
6.61,157,317,4,6,0,3,1965,78,79,93,1
7.83,336,483,2,3,5,4,1487,52,10,91,1
7.4,226,50,1,0,2,4,54,44,93,82,1
6.38,448,262,0,1,3,3,518,7,37,94,2
7.94,240,278,2,3,1,1,1818,1,41,87,2
9.68,57,45,4,7,0,2,2056,19,6,64,1
6.16,471,473,2,4,1,1,1318,40,45,75,1
7.17,303,333,4,1,3,4,2696,28,44,79,2
6.83,304,105,1,6,5,1,1363,62,2,79,2
6.95,344,283,0,6,0,3,2429,1,78,76,2
9.63,129,23,1,2,0,1,1449,39,56,64,2
7.87,216,6,0,1,2,4,1905,40,29,79,2
7.87,13,367,2,3,0,3,622,43,96,64,1
9.04,358,483,1,3,3,3,889,50,100,62,1
6.62,376,486,0,0,5,4,2656,78,51,91,3
7.95,242,334,4,3,5,4,1248,52,100,84,1
7.72,480,432,0,7,4,4,2502,67,80,93,2
8.39,144,2,1,2,4,2,2801,12,53,60,2
10.0,378,495,1,2,0,4,2366,27,47,61,2
9.08,414,257,2,6,4,1,1333,39,83,69,1
7.59,393,262,4,3,5,0,955,100,32,77,1
9.31,325,120,0,4,3,2,1373,20,90,72,1
6.68,102,207,1,3,2,2,1637,78,100,81,2
6.12,216,20,0,4,1,0,1778,61,19,66,2
6.82,357,392,3,3,1,1,894,32,97,90,1
7.36,420,139,4,1,3,2,2399,52,94,91,1
8.04,63,476,4,3,2,2,2711,75,4,61,2
8.46,157,279,3,1,3,4,2034,29,81,96,2
9.64,161,288,4,4,0,3,2991,67,82,63,1
8.04,17,205,3,7,2,2,1699,38,16,90,1
8.01,215,42,0,3,5,1,1294,10,86,67,2
6.2,318,337,3,4,4,3,1601,90,1,72,1
6.14,48,117,2,6,0,0,1393,81,23,61,2
8.2,55,4,3,2,4,2,993,77,50,63,1
7.75,346,206,0,5,0,1,2097,14,47,89,2
9.36,57,122,4,7,0,0,1700,48,43,89,1
6.64,154,326,2,6,0,4,641,33,0,76,1
6.1,54,344,3,0,0,4,1876,86,51,75,2
7.8,486,141,0,4,2,3,2582,98,21,91,2
6.95,340,371,2,7,2,0,931,68,13,62,1
6.2,18,231,2,1,0,3,1420,64,76,87,2
8.9,486,163,2,0,3,0,2795,89,75,60,2
6.45,150,34,3,7,0,0,2469,9,70,84,2
8.43,358,363,0,5,0,4,2893,78,65,90,2
7.12,367,433,0,6,3,3,1794,95,66,86,2
6.69,107,471,0,3,3,4,1918,41,39,72,2
7.52,46,334,1,1,0,0,1729,87,35,86,2
9.21,206,10,4,0,1,4,316,35,76,82,1
7.57,362,407,0,6,1,3,1065,44,57,63,1
9.0,449,74,1,0,3,3,2979,79,38,67,2
6.5,482,299,1,4,0,1,1240,9,93,78,1
9.09,434,434,2,6,5,4,244,97,99,77,1
6.95,339,400,4,3,4,1,474,13,36,94,1
8.71,411,380,2,3,4,0,1803,68,13,94,1
8.26,127,197,4,3,0,4,2228,17,63,94,1
9.72,184,340,2,4,0,2,2228,53,25,70,1
7.55,57,263,3,4,0,1,2923,7,39,96,2
6.26,142,334,4,7,4,3,1342,94,6,71,1
6.08,399,373,1,3,4,1,2751,59,91,75,2
9.31,96,499,1,6,3,4,2118,81,7,71,2
8.1,46,223,4,0,2,1,552,12,78,67,1
9.1,190,121,2,5,3,3,1478,100,4,60,1
6.94,139,73,3,3,3,1,145,10,96,65,1
7.38,102,27,3,7,1,1,1687,2,42,66,1
6.12,230,462,0,4,5,2,2874,15,35,60,3
9.85,426,395,4,7,3,0,80,71,58,98,1
8.67,339,170,3,3,3,3,1587,80,99,73,1
9.73,412,465,2,4,3,0,2873,56,2,93,1
7.06,490,375,2,3,3,2,2646,12,61,87,2
8.45,48,420,1,6,2,4,1680,48,21,60,2
8.71,386,363,3,5,1,4,173,34,21,85,1
7.27,111,382,3,0,4,2,189,44,95,95,1
9.39,452,215,2,6,5,4,2828,7,37,93,1
9.79,315,318,1,0,0,4,6,82,49,84,1
9.54,321,100,3,4,4,1,614,41,86,83,1
8.96,86,245,2,4,1,1,1784,78,52,95,2
7.11,381,92,1,1,3,1,2211,62,84,66,2
7.13,473,62,1,2,4,2,1071,70,3,99,1
9.85,281,265,2,1,3,4,2645,0,78,84,2
6.04,326,205,1,4,5,0,117,58,20,90,1
8.86,251,79,1,7,2,3,2331,76,19,96,2
8.82,73,36,0,5,2,4,139,60,83,72,1
8.49,452,10,1,7,5,2,326,48,24,79,1
9.96,46,114,3,4,5,1,553,18,44,88,1
7.25,75,89,1,3,1,3,683,54,63,90,2
7.36,95,231,3,1,5,3,2076,56,60,83,2
6.32,425,18,2,2,4,3,575,62,52,62,1
7.77,30,51,1,7,2,0,1859,65,94,93,2
7.04,21,373,2,1,5,1,2537,21,67,65,2
7.37,16,273,4,6,1,1,1453,7,55,94,1
9.34,211,93,1,0,1,1,717,42,92,72,1
9.74,147,31,2,6,1,1,448,24,98,99,1
6.74,234,150,4,0,4,4,457,25,93,70,1
7.49,391,500,3,1,5,3,2019,75,57,72,2
9.71,494,139,3,5,4,3,1581,2,72,87,1
6.25,353,57,3,6,1,3,2514,20,36,63,2
6.37,304,460,3,1,0,2,1195,68,4,81,2
6.65,86,20,3,5,5,1,1525,11,17,96,2
8.38,37,148,0,4,5,4,1731,26,32,77,2
6.6,52,220,2,5,4,4,1884,0,12,61,2
9.87,27,220,4,3,4,2,1450,42,32,92,1
7.79,76,241,4,0,0,2,1833,66,39,64,2
8.01,412,218,1,7,4,3,2607,53,100,71,2
6.99,199,28,2,2,4,3,939,53,65,75,2
7.88,394,462,0,3,5,3,122,51,11,89,1
8.65,430,46,0,5,2,3,663,62,92,77,1
9.0,172,395,2,6,0,3,1098,73,92,86,1
9.02,273,57,3,1,2,1,2426,12,46,86,2
8.31,49,424,3,6,5,4,2406,18,47,70,2
9.62,344,274,2,6,0,1,1101,94,22,72,1
9.27,176,139,4,0,0,4,2831,76,39,61,2
9.03,405,22,3,7,0,0,1948,93,4,84,1
6.22,300,388,1,1,4,0,1549,77,35,92,2
6.03,444,377,0,6,1,0,1315,57,30,94,2
6.85,226,409,3,0,3,4,2178,31,22,83,2
8.65,126,372,4,2,1,2,2473,48,15,60,2
7.64,348,62,3,3,4,1,2656,100,71,84,2
7.61,20,51,3,2,4,2,478,13,8,72,1
9.54,198,265,0,7,3,4,2646,45,53,93,2
9.58,188,341,1,2,4,3,1540,100,65,74,2
9.64,331,166,1,3,0,2,949,91,17,65,1
7.26,419,150,4,5,2,4,2670,60,46,77,1
8.76,151,10,2,7,2,0,2520,19,82,87,2
7.09,159,475,2,3,0,3,1038,24,36,81,2
6.76,346,94,2,5,1,0,657,74,39,67,1
6.74,479,71,4,7,2,2,744,60,71,83,1
7.37,442,500,3,6,0,2,1065,26,80,71,1
7.72,95,383,1,2,1,1,830,28,68,83,2
9.32,351,486,1,6,5,1,820,68,71,60,1
6.48,473,47,3,1,2,4,283,86,73,99,1
8.94,74,347,1,7,0,2,2389,48,2,87,2
8.13,365,271,1,3,2,0,40,16,66,67,1
7.15,81,429,2,2,2,1,35,2,94,62,1
7.97,127,430,2,7,2,0,95,68,90,76,1
7.2,358,499,0,2,3,4,1713,55,91,68,2
8.38,132,94,0,2,1,0,11,53,37,70,1
7.74,399,232,1,6,2,0,2811,7,99,100,2
6.66,138,47,2,1,0,3,250,54,26,93,1
6.47,245,207,0,4,3,4,2640,96,15,79,2
8.19,290,452,0,4,4,1,866,77,14,78,1
9.61,111,226,2,3,4,3,381,41,71,93,1
7.38,202,500,0,6,1,2,1045,30,48,68,2
8.93,169,408,3,4,0,2,861,7,27,78,1
8.63,86,76,3,0,3,1,1867,64,78,97,2
9.73,118,348,2,7,0,4,2873,4,59,84,2
9.28,97,218,2,5,3,2,1272,4,23,87,1
8.27,239,359,0,3,5,2,1016,33,68,92,2
8.63,336,80,1,3,5,2,2949,0,69,97,2
9.59,137,36,4,2,5,4,2460,61,59,73,1
7.6,81,101,3,5,3,2,2527,9,54,85,2
7.31,235,190,3,7,4,1,626,37,4,84,1
6.04,135,28,2,0,5,1,459,77,24,90,2
9.31,281,313,1,4,1,1,251,7,39,90,1
9.2,2,252,2,3,1,3,2381,24,6,86,2
6.42,58,250,0,6,0,1,2411,92,30,85,2
8.31,115,225,1,6,3,0,1862,49,60,73,2
7.86,471,93,0,7,5,2,2971,60,2,61,2
6.47,130,414,3,5,3,1,2910,36,51,65,2
9.92,421,85,2,6,2,4,560,84,81,85,1
6.86,385,109,2,0,1,4,1491,30,63,93,2
6.27,482,216,4,1,3,4,2510,41,92,79,2
8.38,400,195,1,7,0,3,58,23,64,100,1
8.96,200,482,3,1,5,4,1161,84,55,99,1
6.13,291,296,4,6,4,3,2349,66,28,95,1
8.63,341,433,4,2,5,2,156,95,58,62,1
8.13,478,43,2,0,4,0,2222,61,39,94,2
6.41,97,392,1,3,1,4,2969,5,32,95,3
6.69,215,442,2,1,5,4,2330,70,87,86,2
8.27,123,89,1,5,1,3,2811,50,34,67,2
7.19,72,474,4,1,2,3,195,14,70,88,1
9.75,365,154,0,5,1,0,1766,33,96,91,1
9.27,377,465,3,4,3,1,930,63,67,79,1
9.93,490,477,4,4,3,3,556,45,34,69,1
7.04,129,108,2,0,3,0,1753,75,33,77,2
9.88,468,58,3,6,3,2,1426,81,73,92,1
7.72,417,109,4,4,2,4,36,24,73,62,1
7.39,26,478,1,0,1,4,2630,37,100,85,3
6.2,164,105,2,3,1,0,468,61,19,78,1
6.21,454,386,4,3,1,0,693,65,43,98,1
8.77,405,220,1,7,2,4,767,84,80,98,1
7.83,67,262,1,3,2,3,2196,22,40,61,2
6.91,13,81,1,4,3,1,1247,32,76,81,2
8.46,97,271,3,4,5,2,1492,61,6,85,1
7.01,278,48,2,2,2,1,127,26,93,82,1
8.31,427,376,1,1,2,1,1630,60,21,92,2
7.44,489,31,4,5,0,1,1283,28,10,87,1
9.29,472,485,1,3,3,4,2772,46,12,90,2
9.28,448,88,2,6,3,1,520,37,22,62,1
7.91,370,427,3,4,0,3,256,80,73,62,1
7.4,246,479,1,1,1,3,816,71,27,61,2
7.45,111,18,4,3,5,3,407,60,16,88,1
9.22,206,2,2,3,0,0,1537,20,46,90,1
7.31,351,377,1,5,0,2,2,22,93,74,1
6.84,333,59,3,1,5,3,293,57,21,69,1
6.34,232,418,0,1,5,1,2810,51,48,81,3
7.87,60,241,4,4,0,0,2099,17,39,93,1
7.93,84,28,1,1,2,4,160,43,83,96,2
9.36,182,74,1,6,0,3,2232,71,5,99,2
6.88,238,69,0,6,4,1,1842,51,81,68,2
7.52,249,82,2,1,0,1,1216,61,94,73,2
9.23,70,356,0,4,1,4,1182,87,25,79,2
9.29,227,172,2,3,1,0,166,8,46,94,1
7.54,84,410,1,5,5,1,1662,92,65,60,2
7.84,305,196,0,1,1,2,846,74,44,85,2
7.21,487,345,1,5,0,3,899,44,30,75,1
9.73,395,418,0,6,3,0,1433,35,49,75,1
6.47,462,146,1,2,1,3,2093,71,12,73,2
9.73,270,272,1,7,0,3,2183,67,37,84,1
8.74,400,34,1,0,1,4,2025,45,98,80,2
8.13,289,494,3,5,2,2,1179,87,24,74,1
6.13,235,112,0,1,2,2,1766,48,95,61,2
7.9,290,460,3,5,0,4,2071,1,28,64,1
7.63,38,205,1,7,1,3,514,75,34,78,1
6.64,485,157,4,1,1,2,1227,75,27,100,1
8.63,205,252,2,6,4,3,2722,25,82,70,2
9.88,182,121,0,0,5,0,948,82,18,87,2
8.25,186,47,0,2,5,4,2044,89,6,61,2
8.86,132,184,2,5,1,4,1135,87,48,92,1
6.27,29,490,3,3,3,2,2850,62,82,80,2
7.67,387,272,2,2,2,0,1799,41,71,87,2
6.47,254,100,4,0,1,3,266,59,13,99,1
8.45,142,500,1,7,3,2,473,58,98,76,1
9.75,102,14,2,5,5,3,642,24,7,71,1
8.65,418,127,2,1,0,0,1950,15,99,100,2
6.31,492,209,1,3,2,1,1105,64,65,90,2
7.42,73,111,0,2,0,2,1181,31,63,84,2
8.2,54,269,4,2,5,2,2258,47,92,79,2
7.61,449,141,2,3,5,4,316,56,23,82,1
9.33,235,172,2,2,1,1,2065,23,14,65,2
9.26,59,352,0,0,0,2,184,33,71,75,2
8.45,23,165,4,3,5,3,2543,49,100,62,2
7.49,475,446,1,0,2,0,2646,83,2,86,2
7.02,21,118,1,3,0,1,947,86,10,70,2
6.42,427,202,3,0,0,4,784,91,70,62,1
7.42,31,10,4,1,0,4,153,51,38,82,1
7.65,350,248,4,1,3,3,1295,81,4,98,1
8.7,338,303,2,2,3,0,1637,95,20,67,1
8.63,434,247,3,3,1,4,2127,61,21,76,1
6.28,468,153,1,5,0,4,1807,55,95,69,2
7.58,2,322,4,7,3,0,1208,45,37,85,1
6.73,69,24,4,3,2,1,2642,38,6,90,2
6.63,159,464,0,0,2,2,1573,38,89,99,2
9.31,385,444,1,5,5,2,1664,56,90,80,1
6.17,87,341,0,2,0,0,2113,27,52,85,3
7.68,364,220,3,6,1,0,2179,36,52,91,1
6.67,58,109,4,2,5,0,1329,89,42,74,2
9.52,251,409,3,7,3,3,1942,90,50,86,1
8.23,218,417,0,6,5,3,694,62,3,81,1
6.93,200,89,1,7,3,0,2197,26,17,97,2
8.01,76,264,4,5,3,3,2158,44,1,86,1
8.93,254,39,1,3,5,2,105,80,57,78,1
9.83,246,458,3,6,1,0,2436,14,32,67,1
6.88,269,262,2,1,4,2,2163,12,64,86,2
9.54,306,157,1,6,3,2,1251,85,93,96,1
9.74,138,117,1,7,0,3,2177,42,62,93,1
9.67,77,449,1,3,3,4,2820,98,88,88,2
8.54,79,255,4,6,3,4,2487,53,89,94,1
8.52,9,413,3,5,4,1,1560,22,30,100,1
7.61,467,195,3,3,5,1,1134,64,79,83,1
9.01,335,313,4,4,0,4,2717,62,67,61,1
8.13,123,310,1,0,0,0,2261,71,12,99,2
8.71,185,13,1,0,0,4,2894,68,26,75,2
7.71,33,460,2,4,3,3,2568,38,56,60,2
8.93,120,117,1,2,3,4,1850,61,13,94,2
9.3,79,216,0,7,2,0,483,98,51,64,1
6.59,205,204,1,5,4,0,2619,53,62,70,2
9.33,52,76,2,0,5,1,1533,77,79,84,2
8.16,155,420,0,2,0,1,2150,1,72,67,2
9.38,273,379,2,1,0,0,2266,2,93,74,2
7.73,409,171,2,2,2,2,1280,18,8,98,1
7.52,357,389,3,7,3,1,2714,73,38,62,1
9.66,134,25,4,0,2,3,1182,65,90,87,1
7.0,428,127,2,5,2,2,194,44,6,87,1
9.38,97,373,1,5,3,3,380,13,56,72,1
7.94,494,141,3,2,1,3,235,82,54,65,1
8.06,240,391,0,6,5,0,2101,6,6,63,2
7.23,44,23,4,7,4,2,2761,2,82,96,2
8.29,198,469,3,1,1,1,679,0,79,93,1
7.3,480,231,2,4,1,0,620,51,15,64,1
6.16,290,422,3,0,4,4,2955,60,46,99,2
7.09,435,176,1,5,1,1,1999,22,97,89,2
6.03,113,340,1,1,3,4,2700,12,62,100,3
9.91,486,234,1,3,1,0,1664,60,92,70,1
9.86,276,318,4,4,1,3,2226,37,95,90,1
7.58,240,25,3,4,5,3,2104,43,78,70,2
8.91,155,265,3,6,1,2,424,9,32,95,1
7.38,351,460,2,6,3,1,1903,98,20,71,1
8.68,43,361,0,0,2,4,177,30,94,83,2
9.22,79,116,1,1,0,4,2642,32,38,78,2
9.79,311,57,0,5,4,2,2477,23,28,94,2
7.6,137,269,0,6,4,1,213,12,15,60,1
9.13,150,328,1,5,3,3,2949,97,44,65,2
7.06,431,454,1,3,0,0,2432,18,86,61,2
9.96,435,294,2,5,1,2,172,83,100,79,1
6.1,241,121,4,1,5,0,2217,61,70,71,2
8.41,142,158,1,5,4,0,1633,66,31,69,2
8.64,310,177,0,2,1,2,2783,82,42,98,2
8.75,298,143,2,5,5,4,341,46,29,67,1
6.48,49,327,3,0,3,1,1219,30,9,93,2
9.75,261,367,2,2,5,4,970,18,14,62,1
6.72,160,306,1,5,3,3,150,41,12,78,1
8.49,61,398,1,5,5,1,401,90,57,79,1
6.89,54,88,4,7,3,2,1625,10,85,98,1
7.23,422,238,2,5,2,2,873,39,22,62,1
8.19,395,37,1,2,3,2,2012,74,52,65,2
7.67,371,360,0,5,1,0,690,80,33,93,1
6.64,483,78,0,6,2,2,1748,97,69,77,2
6.68,30,344,2,4,1,3,2014,72,44,81,2
7.67,329,326,4,5,5,3,159,38,31,90,1
9.03,436,345,2,6,3,2,2957,86,52,70,1
9.59,289,251,4,4,2,1,2099,7,75,61,1
6.34,168,327,0,2,5,3,1784,76,30,83,2
7.57,265,465,1,5,0,1,2921,33,43,66,2
6.4,307,148,3,6,3,1,20,41,78,66,1
6.07,458,15,1,1,2,1,2224,80,75,83,2
8.65,184,366,0,6,5,2,974,47,98,91,1
8.41,333,322,0,0,2,0,2940,14,64,80,2
6.65,2,320,1,5,2,2,72,30,24,76,1
6.94,440,268,1,0,4,3,2790,46,9,91,2
6.09,160,117,0,1,2,3,2012,47,32,84,3
9.34,390,191,1,2,0,3,2378,2,56,92,2
9.9,259,316,3,0,3,3,1000,44,41,76,1
6.54,422,287,3,5,3,0,1678,49,51,92,1
6.93,47,395,2,4,3,1,62,34,62,83,1
9.47,253,350,3,3,2,2,2227,35,14,97,1
9.71,73,296,0,4,3,3,1742,68,7,95,2
7.68,334,193,0,1,0,1,1734,25,37,75,2
6.2,399,488,2,6,4,2,127,89,27,84,1
6.16,165,391,4,7,0,0,2557,51,71,65,2
8.3,259,442,2,7,4,4,1884,23,87,86,1
7.57,3,280,4,3,3,0,1830,5,1,97,2
6.11,375,388,4,0,5,4,1167,70,2,70,1
8.33,118,300,1,5,1,3,2788,51,24,88,2
6.05,483,385,3,0,4,1,9,27,33,89,1
9.15,410,425,4,7,0,1,2796,44,35,95,1
7.23,469,249,1,3,0,2,2787,77,80,86,2
6.16,469,421,2,7,5,4,1339,38,51,66,1
8.35,272,230,2,0,1,4,1261,84,18,61,2
7.59,492,2,4,3,4,2,1846,10,92,68,1
9.9,225,173,1,2,4,1,145,75,61,83,1
8.18,351,239,0,1,0,1,2642,49,51,87,2
7.1,499,485,3,7,4,2,2041,33,82,78,1
8.84,69,405,4,5,1,4,1008,34,100,74,1
7.09,181,103,0,4,4,3,1620,70,99,61,2
9.62,352,288,3,3,4,2,1549,22,29,73,1
7.5,263,243,0,6,1,1,1995,0,10,77,2
8.2,369,287,1,3,3,3,627,19,8,69,1
6.2,180,366,4,2,4,3,1323,31,100,65,1
7.7,483,272,0,6,5,4,476,97,97,90,1
9.33,4,119,0,5,0,2,2312,53,19,80,2
9.22,196,337,0,5,2,3,2795,19,3,82,2
6.9,46,439,4,4,0,0,404,77,68,76,1
6.9,457,258,1,2,5,3,123,68,52,98,1
9.27,39,69,1,2,0,3,1234,87,76,93,2
9.72,121,432,0,1,3,3,199,20,67,66,1
6.38,134,182,1,0,3,2,556,75,9,65,2
7.8,139,460,3,5,0,4,1505,65,65,60,1
7.35,349,246,1,5,4,4,1203,73,54,77,1
9.48,152,117,0,4,0,0,1141,12,9,94,2
6.33,27,30,3,2,5,0,2807,94,46,62,2
6.84,426,464,4,6,4,3,1438,45,65,60,1
9.01,76,148,2,0,1,3,1891,23,79,62,2
6.21,174,15,1,6,1,3,613,25,70,77,1
7.97,48,272,3,0,3,0,402,32,72,74,1
7.77,341,351,2,0,2,4,2428,40,23,73,2
7.34,309,384,4,5,2,0,281,87,72,96,1
7.58,273,367,2,6,5,4,1639,0,45,76,1
8.12,26,101,4,6,3,0,162,8,92,87,1
6.65,327,71,0,0,1,4,44,94,7,75,2
8.29,389,192,0,1,3,0,2294,58,11,88,2
9.22,458,321,4,1,1,4,1503,87,1,78,1
9.04,220,110,2,2,4,2,2524,42,8,83,2
6.62,121,292,1,7,5,2,1626,25,70,79,2
6.6,360,407,2,0,1,1,2924,38,28,87,2
7.07,68,346,2,6,1,4,1940,53,95,80,2
7.44,70,339,1,2,1,4,1352,21,83,82,2
7.63,149,366,2,7,2,4,1794,96,22,65,1
8.72,186,317,2,3,1,1,2162,95,88,67,2
6.23,430,276,3,5,0,0,2546,96,78,70,2
6.14,372,105,4,1,4,2,1826,72,32,96,2
7.57,245,36,0,1,2,1,823,14,99,69,2
8.79,195,290,4,5,0,2,469,85,93,76,1
6.77,31,421,2,4,2,3,1992,79,15,71,2
8.57,466,180,1,3,2,1,2263,98,8,76,2
7.04,108,142,1,6,0,1,2667,88,73,97,2
9.54,352,113,0,1,3,2,2888,98,35,85,2
9.58,0,237,0,6,5,4,2117,24,54,83,2
7.19,181,425,0,0,5,3,1128,100,31,61,2
6.92,173,93,1,5,5,2,321,52,46,93,1
7.65,168,259,2,0,3,1,1918,9,13,91,2
6.96,247,106,0,5,1,4,940,79,34,83,2
8.69,107,243,0,6,0,3,2347,17,13,89,2
9.3,369,422,1,0,1,4,1474,49,0,73,2
8.69,296,334,2,5,5,2,2325,28,50,81,1
9.3,263,22,0,6,3,4,445,16,87,88,1
7.59,415,360,2,6,0,1,141,57,75,79,1
6.63,29,270,3,2,0,1,882,3,47,75,2
8.95,301,473,0,1,0,0,1526,67,57,75,2
7.44,475,139,0,2,1,3,1052,52,40,67,2
8.69,360,465,1,6,2,2,158,78,72,61,1
7.08,435,453,3,1,2,4,1130,3,12,83,1
6.32,351,383,3,4,5,1,1666,12,56,75,1
9.97,472,81,3,2,2,0,826,49,25,75,1
6.62,481,376,4,1,0,2,1235,52,14,61,1
9.95,316,497,1,4,3,1,1018,55,79,63,1
9.91,224,437,1,6,1,2,2069,69,9,69,1
9.18,396,343,0,1,1,1,1370,68,16,82,2
8.64,88,421,1,3,3,2,1198,54,9,73,2
8.31,233,155,0,5,2,1,2265,32,46,83,2
9.46,167,334,0,2,5,4,851,69,9,69,2
7.16,230,18,4,0,4,3,2585,33,60,90,2
7.87,125,68,1,4,3,1,489,68,34,85,1
8.48,60,447,1,4,2,2,2361,57,7,74,2
7.64,119,131,4,6,0,1,2708,35,9,86,2
7.71,427,255,4,6,3,0,2822,12,70,87,1
7.32,496,208,1,0,2,4,2737,91,97,80,2
8.26,189,500,1,4,1,0,978,6,64,73,1
9.4,120,9,0,0,4,2,871,56,68,66,2
6.81,427,139,2,0,4,1,162,8,80,98,1
9.74,47,452,0,1,4,1,1418,25,47,65,2
8.76,201,134,3,2,2,0,289,96,19,94,1
9.29,58,254,3,3,2,3,951,54,67,75,1
8.22,184,299,2,4,0,4,2737,22,45,85,2
9.12,222,406,4,1,4,1,1987,100,97,63,1
6.06,491,257,3,3,1,1,30,55,35,69,1
9.27,10,93,4,3,5,2,1511,25,0,100,1
6.16,280,371,4,4,4,0,211,74,49,85,1
9.56,188,240,0,4,3,2,469,48,59,72,1
9.97,301,236,4,1,3,4,2363,76,28,67,1
7.18,309,164,2,4,1,1,2806,51,19,86,2
6.84,499,324,0,3,2,0,1516,90,28,71,2
9.06,236,147,2,4,5,0,2335,65,15,91,2
7.01,33,217,4,5,4,0,277,60,79,75,1
9.46,339,427,3,5,5,4,1297,15,99,94,1
6.41,134,107,4,1,3,3,2997,92,39,81,2
6.5,480,230,2,1,1,3,435,19,87,66,1
9.92,61,69,1,1,0,3,408,95,16,91,1
8.7,312,220,1,4,3,2,2277,86,90,86,2
9.39,226,73,3,2,3,2,2658,72,72,77,2
7.3,92,178,2,1,4,4,1711,95,19,100,2
8.71,115,79,3,2,2,0,2320,3,45,70,2
8.38,331,353,0,0,3,3,826,49,23,98,2
8.41,132,158,4,1,3,1,1450,41,41,66,1
8.73,331,355,0,2,4,3,396,9,84,88,1
8.3,476,168,1,6,2,4,1596,3,80,63,1
7.72,418,313,4,7,5,3,781,55,49,76,1
7.1,467,388,0,2,0,1,1314,74,30,84,2
9.07,292,160,1,3,5,1,2493,65,13,97,2
6.91,443,426,0,7,0,1,923,91,36,96,1
8.77,192,402,4,6,0,4,2278,61,12,69,1
6.93,399,31,0,7,0,3,1109,11,92,95,1
8.5,29,120,4,2,2,4,501,39,96,75,1
8.99,456,214,0,3,0,1,1859,84,84,71,2
6.87,297,2,3,5,4,3,1643,44,42,76,1
6.24,60,384,0,5,4,2,230,97,5,68,2
6.52,457,227,0,5,4,4,246,97,78,99,1
8.42,460,424,3,2,0,2,101,35,13,91,1
9.4,303,475,1,2,4,2,2857,49,31,77,2
6.18,445,47,4,0,4,0,1694,53,62,83,1
8.94,339,166,2,2,1,1,1069,66,8,67,1
7.37,348,388,1,4,0,2,74,38,45,92,1
7.91,447,332,4,4,4,4,257,5,73,71,1
9.72,440,10,0,5,5,1,1127,64,82,93,1
7.33,323,237,1,6,2,1,1116,11,66,62,1
7.86,301,277,0,6,4,4,1261,0,31,99,2
6.05,368,240,1,4,1,3,2771,83,0,60,2
6.33,27,470,1,0,2,4,1630,35,15,88,2
7.03,484,191,2,2,2,3,84,37,31,64,1
6.11,76,11,3,0,5,1,948,47,65,97,2
8.53,120,52,1,6,5,4,532,46,99,80,1
7.71,2,54,0,2,5,2,1047,2,82,93,2
8.19,36,308,2,3,3,4,863,49,46,89,1
6.7,431,20,1,0,1,2,1632,50,78,79,2
7.18,146,18,3,5,1,2,2932,44,4,90,2
8.66,91,452,0,6,4,1,858,19,13,83,1
9.86,338,343,2,4,1,3,974,45,68,99,1
6.2,272,349,4,4,2,3,2822,71,10,96,2
9.56,465,455,3,4,2,2,2056,10,26,61,1
8.31,465,321,4,6,4,3,1660,55,38,69,1
8.26,376,314,4,2,2,4,1156,0,100,89,1
8.0,86,432,2,2,4,2,2141,29,6,98,2
6.28,39,481,2,0,5,2,930,59,1,61,2
6.36,177,58,2,5,3,0,2360,40,48,96,2
8.4,328,150,4,7,1,4,1675,51,41,62,1
7.36,284,258,0,1,1,3,2342,77,22,71,2
9.67,434,439,2,6,1,3,2781,19,20,94,1
7.63,41,371,3,2,3,0,1453,29,86,60,2
6.57,284,57,2,6,1,4,598,44,0,60,1
8.86,65,215,2,1,5,1,442,75,28,88,1
7.17,123,61,2,1,3,1,2678,11,50,95,2
8.1,144,145,4,2,3,4,1698,38,34,68,1
8.79,119,444,0,7,4,3,622,65,34,71,1
9.6,108,381,2,7,5,1,2891,86,36,71,2
9.17,414,238,4,0,0,1,1116,74,46,69,1
8.71,91,292,3,5,0,3,2423,47,17,81,2
8.72,490,181,0,7,4,4,2712,12,96,97,2
9.78,367,368,4,6,4,0,586,61,5,78,1
7.18,307,94,1,1,4,4,463,17,73,72,1
6.0,422,77,3,0,1,0,1343,18,27,98,2
7.09,59,448,3,0,2,4,621,26,57,79,2
6.87,349,141,1,5,4,1,1511,10,75,95,2
8.65,226,104,4,2,3,2,917,29,67,95,1
8.53,239,260,4,7,0,2,932,0,24,85,1
8.37,434,94,3,5,1,3,1778,76,70,83,1
6.06,211,222,4,6,5,4,2864,58,37,74,2
8.92,399,477,1,1,2,4,1876,7,83,99,2
7.29,97,483,4,0,0,3,2,62,54,94,1
8.66,13,189,3,1,0,3,1647,21,43,79,2
8.23,217,128,4,6,0,0,775,19,22,82,1
7.37,467,318,0,6,3,0,1242,77,58,80,1
6.54,169,194,1,0,3,2,990,13,71,75,2
6.38,306,19,1,2,3,1,2323,79,80,93,2
9.33,279,298,2,6,2,4,936,18,28,63,1
9.67,362,239,4,0,0,2,2069,38,47,67,1
8.6,209,234,1,2,4,2,1338,92,98,77,2
6.41,255,84,4,2,2,1,410,37,53,82,1
7.61,170,93,0,1,3,2,804,72,25,77,2
8.92,72,41,3,1,3,2,300,49,9,96,1
9.12,146,363,3,5,3,1,2045,5,74,75,1
6.47,339,349,2,1,5,2,2075,25,78,85,2
6.0,316,452,2,3,1,4,2696,48,81,85,2
8.85,105,73,1,1,5,3,1882,99,67,77,2
7.43,93,471,1,1,0,1,1409,19,90,94,2
7.02,62,364,1,5,4,3,2687,24,68,79,2
6.05,153,114,0,0,0,4,1815,7,69,79,3
8.16,254,422,2,5,2,2,73,26,9,91,1
9.4,350,189,2,7,1,2,1055,20,18,70,1
9.83,34,431,3,3,2,2,1415,74,75,72,1
8.26,322,124,2,3,3,3,199,82,58,93,1
8.06,311,5,2,6,3,0,2524,12,23,72,2
6.34,295,457,0,0,4,3,2429,46,79,87,3
8.2,252,378,1,1,0,0,2530,4,72,66,2
7.52,156,41,0,5,2,3,2485,89,76,92,2
8.43,133,57,4,6,5,4,2192,70,17,81,1
7.55,435,426,3,4,3,3,714,12,31,86,1
6.96,128,9,3,2,4,3,2222,87,18,90,2
6.38,435,88,3,3,4,1,233,23,37,99,1
7.26,279,333,1,6,2,2,1822,97,20,65,2
6.39,357,110,1,0,0,2,1459,38,55,99,2
6.71,417,38,1,6,1,2,1566,67,84,88,1
9.95,370,396,3,4,4,0,1756,83,56,89,1
7.78,251,458,3,2,2,4,2323,76,48,82,2
8.13,134,166,3,4,3,0,1436,56,5,94,1
9.49,330,10,4,1,1,1,6,54,54,91,1
9.98,10,109,4,7,1,1,603,59,1,64,1
8.33,291,496,3,0,0,3,2212,52,5,62,2
9.25,147,15,1,2,2,1,1071,93,80,98,2
7.31,318,32,1,2,0,1,23,100,29,74,1
7.22,79,232,4,7,4,4,2784,22,54,61,2
7.61,190,488,4,1,4,1,2392,43,10,90,2
8.69,452,187,3,1,5,3,1935,61,24,92,1
8.73,343,223,3,1,2,2,579,76,34,92,1
7.26,29,58,1,0,3,0,2515,37,72,73,3
6.53,413,457,2,3,5,0,1323,57,88,89,1
8.53,358,50,1,4,5,0,1395,13,7,93,1
6.51,367,270,1,0,4,3,994,35,66,88,2
8.31,494,463,3,0,4,4,172,56,89,67,1
8.77,228,42,2,4,3,3,1256,55,85,72,1
8.8,480,26,2,6,5,0,486,40,23,75,1
9.01,83,55,3,2,1,3,707,4,20,84,1
9.49,149,120,0,6,2,3,1184,74,15,99,1
8.0,360,112,3,4,1,3,43,15,45,92,1
8.92,188,315,4,1,0,2,1136,75,35,98,1
8.48,20,114,2,2,3,3,747,16,9,62,1
6.75,36,108,3,7,2,4,1482,30,65,72,1
6.1,245,479,1,6,3,2,1419,71,96,97,2
7.14,282,453,1,0,3,3,2166,11,90,72,2
7.77,101,174,1,4,1,1,1486,7,16,85,2
8.47,418,111,3,0,1,0,479,12,74,93,1
9.4,293,99,0,6,0,2,2950,22,72,70,2
6.78,231,7,4,5,2,1,241,4,56,92,1
6.5,315,446,1,0,3,0,2878,71,9,80,3
9.85,325,472,3,7,5,4,633,2,74,82,1
6.43,287,134,0,4,0,1,2998,68,78,99,3
7.91,335,250,2,5,3,4,235,41,65,80,1
8.34,475,336,2,5,0,4,2616,41,16,98,1
8.17,463,239,4,5,3,1,338,24,74,77,1
6.34,410,221,3,0,1,1,599,95,31,70,1
6.23,244,385,3,3,4,2,2462,79,68,76,2
6.42,386,144,1,3,0,4,896,74,17,60,2
8.34,176,376,0,0,0,1,491,23,45,62,2
8.18,212,3,4,2,4,4,1283,87,100,64,1
6.93,357,281,0,2,1,3,963,53,45,83,2
8.55,101,333,4,7,0,3,1311,38,1,98,1
9.28,285,327,3,2,1,3,1223,59,26,91,1
6.17,21,196,3,2,5,4,567,45,7,77,2
7.99,18,388,4,3,3,4,971,60,91,100,1
8.76,286,127,0,6,5,1,2032,45,27,99,2
7.01,275,260,2,2,3,1,2140,21,55,79,2
7.23,494,90,2,4,4,2,892,81,48,61,1
8.45,146,324,1,2,2,2,2276,80,68,67,2
9.59,385,258,1,7,1,2,2329,64,93,61,1
9.24,39,421,0,4,2,0,2001,11,90,77,2
8.33,166,93,3,3,2,3,2999,86,26,69,2
8.92,90,256,0,4,1,4,1586,7,88,62,2
7.46,71,135,4,7,2,3,2598,96,26,61,2
8.56,364,12,2,5,0,4,2876,11,11,93,2
7.86,437,467,1,4,3,0,2740,80,3,65,2
6.76,282,197,0,0,5,4,1364,93,51,80,2
8.81,334,497,0,4,4,2,1994,76,56,75,2
8.23,139,177,4,7,1,3,1222,59,33,75,1
7.43,238,111,3,5,4,3,977,20,49,61,1
9.65,77,263,3,0,5,3,1197,8,23,75,1
6.08,198,413,2,5,3,0,612,27,35,91,1
7.26,16,368,1,2,4,3,624,70,52,97,2
6.23,217,423,3,4,1,1,2067,81,16,75,2
9.07,228,78,3,6,4,2,768,41,31,67,1
8.81,339,377,3,4,2,2,1669,32,53,86,1
7.33,137,255,0,1,2,4,2285,45,59,63,3
8.7,146,73,3,2,3,0,1450,63,54,91,1
7.58,209,382,4,7,2,4,2682,22,61,80,1
9.03,157,160,2,4,4,4,93,52,58,73,1
7.82,413,200,3,4,0,2,1893,64,75,64,1
7.65,152,368,1,1,4,1,1008,54,5,83,2
9.74,343,307,0,7,0,0,1797,38,31,89,1
7.0,329,376,4,0,4,0,1830,63,1,95,2
6.48,382,32,2,2,0,0,1163,82,15,80,2
8.34,449,72,0,7,0,1,1806,18,54,89,1
9.88,357,461,4,7,1,0,1754,3,90,83,1
7.51,351,351,0,1,1,3,482,6,67,82,2
6.25,162,292,2,2,5,1,2634,28,27,91,2
7.36,306,197,2,2,4,4,761,74,79,85,1
8.02,100,324,3,0,2,3,2826,92,22,79,2
6.65,326,387,1,0,1,4,2087,7,46,93,2
8.63,326,315,3,7,0,0,2656,44,9,61,1
9.99,154,239,0,3,4,1,226,72,60,68,1
7.81,9,463,3,1,2,3,2967,4,81,74,2
7.42,352,73,2,7,4,1,2528,94,98,61,2
7.6,426,30,2,5,0,1,2454,62,52,60,2
6.46,182,478,2,1,1,1,2391,73,67,80,2
9.53,454,13,3,6,1,4,2771,42,84,68,1
7.66,133,204,4,2,3,1,2455,87,58,100,2
7.55,5,315,3,3,3,0,2838,16,89,86,2
8.64,332,67,3,3,5,3,1758,74,15,97,1
7.77,431,127,3,6,5,2,1046,33,35,79,1
8.59,332,493,3,7,5,1,639,87,18,81,1
6.25,257,25,2,2,4,3,2433,7,20,76,2
9.25,210,407,1,0,4,4,674,43,98,61,1
9.76,50,183,3,3,2,4,1916,23,38,74,1
8.6,444,136,3,1,5,1,26,1,36,68,1
9.82,146,290,1,0,1,1,1712,7,56,92,2
6.61,497,105,3,4,5,0,1581,30,20,92,1
7.91,376,462,1,3,1,2,1292,43,84,63,1
8.41,127,23,2,2,5,1,2140,34,12,60,2
8.33,485,414,4,1,3,1,1317,57,0,68,1
7.61,257,338,3,6,0,0,387,3,34,67,1
7.35,50,449,4,3,0,4,1757,75,96,75,2
6.51,153,193,3,2,5,2,980,79,49,88,2
7.57,69,168,0,7,3,4,1154,21,52,99,2
6.65,275,35,0,7,4,1,952,80,8,69,2
8.94,278,100,2,1,5,2,485,88,94,82,1
6.84,309,33,4,3,5,1,111,57,85,69,1
6.23,398,376,4,1,1,0,1938,14,56,89,2
8.21,133,38,1,4,1,0,2761,19,5,60,2
8.38,219,210,1,6,5,4,2085,30,47,75,2
9.49,162,229,3,7,1,3,566,68,58,65,1
8.31,458,278,1,6,0,4,895,93,90,78,1
7.38,135,79,1,6,4,2,1129,53,86,93,2
9.21,56,237,4,1,5,0,2387,58,93,76,2
8.16,433,171,0,6,0,4,1214,90,66,70,1
6.32,176,325,4,6,4,0,665,45,83,88,1
8.26,114,441,1,2,3,3,1716,13,21,94,2
9.63,498,58,3,3,4,4,1777,80,20,87,1
7.59,471,409,0,2,0,0,2239,93,14,72,2
7.19,148,21,1,4,1,1,2959,3,48,63,2
6.57,240,364,1,5,0,3,1838,67,78,75,2
6.61,122,366,3,0,3,1,2104,66,49,93,2
7.73,291,343,3,1,1,2,1138,6,46,80,1
8.38,326,237,1,2,0,3,110,38,78,75,1
6.32,68,295,1,5,1,0,2499,98,68,79,2
9.76,313,340,4,3,3,1,153,76,40,97,1
9.02,62,93,2,3,4,2,789,35,83,94,1
8.35,220,243,3,0,4,1,2722,50,21,95,2
9.31,15,10,3,3,2,3,1012,35,91,76,1
6.32,389,116,4,6,1,1,1525,91,90,96,1
7.91,77,264,0,4,5,1,2520,31,76,82,2
8.52,121,11,0,0,3,4,193,77,61,94,2
9.31,435,153,0,4,0,0,925,35,77,65,1
9.13,257,37,3,7,5,1,2848,34,9,60,1
7.11,216,498,2,1,0,4,768,46,73,99,2
9.76,478,130,2,7,2,0,1391,59,18,60,1
6.5,113,381,4,4,0,3,897,68,90,62,1
9.5,369,224,0,1,3,3,1187,5,87,74,2
9.88,460,142,0,4,3,4,272,11,42,68,1
6.71,379,430,1,0,4,4,544,38,64,93,2
8.89,145,388,4,1,1,3,1263,61,26,84,1
6.16,464,53,4,5,1,2,1034,48,7,76,1
7.62,236,23,3,4,0,0,328,11,53,67,1
8.07,475,394,3,4,1,0,1615,71,80,61,1
8.32,459,120,4,7,2,4,1812,81,27,65,1
9.74,418,118,2,3,1,0,345,17,43,82,1
8.69,85,160,4,7,5,2,2444,73,90,72,1
7.93,166,470,2,6,0,0,2138,69,96,92,2
9.24,128,73,3,4,1,4,2500,4,23,69,2
9.8,164,184,4,3,5,1,444,86,64,94,1
6.09,276,435,2,4,3,1,1866,88,7,100,2
9.93,256,191,1,2,3,4,573,6,1,81,1
6.34,131,426,1,7,4,1,2447,42,17,72,2
9.26,479,219,4,3,4,0,2053,44,78,64,1
7.12,57,486,0,0,4,4,672,68,60,65,2
6.53,256,120,4,0,4,4,1120,30,41,100,1
7.76,140,208,3,1,1,4,918,18,39,71,1
8.58,173,383,3,5,5,1,2838,99,3,82,2
7.52,174,299,1,7,0,3,2880,43,63,88,2
6.22,208,345,2,5,1,1,2891,34,38,90,2
8.4,203,472,1,7,0,4,747,42,78,61,1
9.61,6,163,2,0,0,0,2669,72,89,81,2
7.53,50,267,4,1,0,3,1232,87,76,77,1
6.87,258,439,0,7,0,4,528,17,9,83,1
7.77,177,2,3,0,3,1,1985,60,100,73,2
6.19,409,49,4,3,5,2,2355,43,33,97,2
9.28,30,412,1,2,0,4,2012,72,90,100,2
9.31,355,363,4,1,1,0,1568,52,26,93,1
8.35,317,471,0,2,0,2,1651,55,44,63,2
7.41,153,210,2,4,3,2,2997,33,87,69,2
9.2,450,460,0,7,1,1,2276,32,94,67,1
8.22,363,15,1,7,5,1,1253,3,9,97,1
9.3,54,167,0,4,2,3,387,83,76,86,1
8.53,155,282,3,2,1,4,2874,22,82,89,2
9.14,43,378,0,3,3,3,24,49,36,62,1
8.39,80,325,4,2,5,3,2968,35,2,98,2
7.66,165,297,2,2,3,2,2565,89,14,88,2
9.83,494,184,3,2,4,1,1617,62,61,91,1
8.16,29,137,3,1,2,2,178,42,8,83,1
8.42,321,124,3,6,0,4,460,64,66,87,1
6.88,135,421,1,1,3,3,375,38,3,90,2
8.5,13,391,1,6,4,3,2450,42,28,78,2
8.29,356,401,4,2,4,4,289,31,28,88,1
6.74,482,479,2,5,5,3,1210,91,30,75,1
6.24,105,400,0,3,0,1,2975,87,59,92,3
8.42,358,57,4,7,5,1,2551,12,21,94,1
9.05,317,361,1,4,1,3,1186,59,81,82,1
8.09,74,65,4,4,2,4,2910,96,65,77,2
6.91,446,427,2,7,0,2,2029,11,43,98,1
8.67,78,339,4,4,5,3,1482,32,34,96,1
6.32,193,201,3,7,0,0,2079,13,11,72,2
7.77,484,8,0,0,1,1,2915,12,21,76,2
6.65,362,431,1,3,1,0,1103,47,89,67,2
6.74,95,422,1,1,3,0,187,60,88,94,2
6.81,39,104,2,4,1,0,2587,62,31,76,2
7.55,255,88,2,1,1,3,385,56,8,70,1
6.2,396,88,2,1,2,3,1100,36,63,78,2
7.59,106,343,1,1,5,0,2756,90,58,97,3
8.05,16,5,3,5,5,3,2455,3,73,72,2
7.93,14,157,0,1,2,0,1790,67,63,93,2
7.53,416,378,2,2,2,0,2914,56,98,81,2
9.36,498,329,1,1,0,2,820,61,47,79,1
6.58,271,102,3,0,2,2,953,15,52,95,2
8.02,498,222,2,1,2,2,599,38,31,90,1
6.25,12,401,2,4,4,4,2003,62,53,90,2
6.28,246,170,0,1,2,1,2171,81,40,77,3
8.3,213,32,0,4,0,3,1492,15,66,87,2
8.26,150,180,4,1,5,2,255,46,54,79,1
9.51,291,183,2,3,4,1,2260,94,93,93,1
8.23,42,402,4,2,0,1,2893,89,34,81,2
9.84,433,86,1,4,0,3,284,22,57,95,1
6.19,113,68,0,0,4,4,2328,51,68,67,3
6.39,329,379,3,1,4,0,2814,57,93,88,2
6.18,80,25,2,4,4,2,2518,65,0,81,2
6.74,349,412,2,5,4,4,1928,56,8,62,2
8.17,140,407,4,6,0,3,2776,37,48,61,1
8.58,29,5,0,7,4,4,2993,74,67,68,2
6.18,440,255,4,7,1,1,616,4,45,68,1
9.78,493,181,2,2,5,4,1859,46,83,85,1
9.37,29,294,0,5,2,2,2727,13,87,60,2
7.19,454,259,2,1,2,4,1133,79,36,100,1
6.31,265,383,0,2,5,4,2878,47,76,75,3
6.68,98,313,2,0,1,1,1082,40,76,77,2
6.51,449,303,3,4,5,4,958,50,18,98,1
6.49,93,315,4,0,0,1,1222,36,80,90,2
8.07,210,233,0,2,0,2,1956,20,19,60,2
6.98,294,281,4,3,2,2,1709,7,38,60,1
7.43,36,206,0,7,3,0,640,77,14,83,2
9.96,386,76,0,3,5,0,2383,8,96,73,2
8.74,88,167,0,5,1,1,1521,11,92,82,2
9.8,417,341,2,6,1,0,783,78,71,67,1
6.57,254,378,1,4,2,0,1342,24,20,61,2
7.53,213,460,2,7,4,3,1190,20,53,64,1
8.22,421,55,1,7,5,0,1011,45,9,97,1
6.31,13,294,2,7,3,4,2624,97,48,92,2
6.02,191,80,1,1,0,2,620,25,0,63,2
8.68,294,483,0,5,0,0,1780,67,31,98,2
8.57,181,166,0,0,0,1,1368,24,87,67,2
7.64,129,175,1,3,0,3,1735,39,13,88,2
7.96,223,280,1,7,1,3,2953,31,27,88,2
7.66,42,417,4,3,1,2,715,61,39,96,1
6.1,180,382,0,1,4,2,2000,28,51,97,3
7.34,386,148,2,0,1,1,967,85,26,89,1
6.71,168,255,4,2,4,1,2638,97,14,71,2
6.39,263,280,1,5,4,1,2588,18,60,99,2
9.83,473,344,2,3,0,3,1841,49,88,67,1
8.4,95,277,3,4,0,3,2850,69,61,78,2
8.91,202,278,3,4,1,1,506,19,0,62,1
7.26,497,408,3,2,1,0,201,79,3,99,1
7.57,446,205,2,7,4,0,2032,96,38,82,1
6.95,320,461,1,1,2,1,1044,8,26,75,2
6.39,334,409,2,1,0,1,2804,85,30,87,2
6.72,387,487,4,5,3,3,1894,33,50,85,1
9.19,67,29,4,3,2,0,469,82,83,71,1
8.71,91,217,3,7,0,2,2070,40,41,83,1
8.19,265,421,1,7,0,2,1964,36,62,73,1
7.9,330,469,4,5,1,4,25,67,87,77,1
9.69,177,230,0,3,3,2,1174,68,80,99,2
6.29,150,358,0,3,5,0,1341,63,29,82,2
7.12,316,161,3,7,3,3,2016,75,6,74,1
7.4,46,216,3,2,0,0,208,96,53,62,1
9.13,2,227,3,2,5,0,1013,50,96,99,1
9.97,486,332,4,7,5,2,2068,58,58,69,1
6.96,102,220,1,3,4,1,617,72,67,91,2
9.5,272,233,3,1,3,4,358,62,71,68,1
9.32,21,72,2,0,2,2,2733,43,65,68,2
6.9,115,398,3,3,4,2,2085,92,28,81,2
7.6,346,94,4,1,1,2,143,93,58,61,1
7.64,399,427,1,1,0,4,2892,92,33,92,2
9.91,463,474,3,4,0,3,2661,44,52,91,1
6.72,103,94,0,5,2,2,2220,51,80,70,2
9.2,258,393,3,0,2,3,1679,16,39,85,1
7.34,307,242,3,3,5,3,2604,34,57,89,2
8.92,366,372,1,6,1,0,630,12,83,75,1
7.68,416,292,2,0,1,1,854,45,28,76,1
8.31,297,262,3,3,5,4,396,35,69,84,1
9.33,129,123,3,7,5,1,2971,3,83,83,1
9.22,294,287,4,6,3,3,915,60,90,69,1
9.47,301,499,1,5,4,3,2201,64,69,64,2
6.24,47,266,4,0,0,4,202,42,48,88,1
8.77,26,431,3,0,3,1,2019,26,5,98,2
6.56,14,108,3,1,1,0,761,91,6,75,2
7.66,262,347,0,6,2,1,2924,88,35,81,2
8.19,364,451,4,0,3,2,2956,87,69,100,2
7.61,440,47,1,0,2,1,765,65,97,96,1
8.08,297,300,3,5,5,3,2187,22,0,68,1
9.99,264,94,0,7,4,4,2387,50,93,93,2
6.54,360,476,0,6,2,2,2703,85,21,60,2
8.7,133,32,2,7,0,3,2708,81,80,77,2
7.58,440,117,1,3,4,1,1369,55,41,78,1
6.53,75,131,0,1,2,4,974,51,83,76,2
6.63,29,250,1,0,3,2,2290,53,31,98,3
9.8,438,302,3,1,0,1,2493,15,31,80,1
9.52,339,121,2,7,0,2,2525,95,5,75,1
9.63,125,217,1,1,1,0,2422,66,5,93,2
9.97,83,52,2,2,1,0,1585,0,71,79,1
6.83,53,125,1,3,3,4,2097,97,10,97,2
7.42,365,158,1,7,5,0,1018,25,28,62,1
8.68,282,158,4,2,1,3,1569,59,32,69,1
7.94,339,282,2,1,2,1,1623,69,0,91,2
7.67,442,88,1,5,5,2,846,43,90,68,1
7.43,262,175,4,5,1,2,2033,35,71,73,1
8.38,423,291,4,0,0,0,181,8,76,94,1
8.3,359,432,2,7,3,2,293,6,36,85,1
6.65,221,158,3,6,2,2,790,30,36,63,1
7.89,327,490,2,3,0,1,1245,32,92,61,1
8.21,1,248,1,4,0,4,1508,53,25,60,2
8.28,397,356,3,3,4,2,642,67,40,61,1
6.84,393,121,2,2,1,0,916,69,89,63,1
8.97,305,236,2,6,5,0,475,74,95,89,1
6.1,145,427,2,3,2,4,1741,76,41,63,2
7.42,17,124,2,0,3,2,1494,72,59,79,2
9.12,15,314,3,3,3,2,1229,50,87,96,1
8.26,307,278,1,4,3,2,1804,17,2,68,2
7.04,452,354,4,5,4,4,1440,25,12,82,1
8.78,435,323,2,6,2,0,442,86,10,87,1
8.27,158,91,4,7,0,2,582,86,56,91,1
9.18,484,425,4,2,5,2,2405,50,68,80,1
8.94,339,104,4,2,4,3,1158,61,64,92,1
8.44,406,41,2,7,5,1,1115,4,97,98,1
7.95,351,396,2,1,5,4,197,9,31,86,1
6.53,297,128,2,6,1,1,1273,46,12,66,1
7.05,208,459,2,2,0,4,2387,39,16,78,2
7.68,445,490,0,4,3,1,1330,82,65,64,2
8.4,204,52,1,4,1,3,1537,71,20,67,2
8.05,112,167,0,5,2,1,2734,14,84,91,2
7.15,177,89,3,7,2,2,2889,18,69,96,2
6.03,460,246,0,2,5,1,935,67,53,89,2
7.98,208,173,0,5,4,1,1162,98,93,100,2
7.14,123,493,0,3,2,0,625,36,14,91,2
8.94,14,371,1,4,3,4,1771,75,14,63,2
6.1,345,86,4,2,4,1,2353,30,8,98,2
8.34,427,368,3,2,4,2,2094,79,75,65,1
9.77,475,149,3,3,3,2,1576,63,70,62,1
6.7,297,248,1,5,2,4,2162,84,87,61,2
7.89,44,114,0,6,1,3,1171,54,20,80,2
6.37,93,179,4,2,4,4,2290,83,8,89,2
8.5,106,119,2,0,1,2,1553,59,95,86,2
8.2,418,27,1,1,1,3,1234,49,65,73,2
7.63,277,308,4,4,1,3,2990,21,70,88,2
8.09,127,116,1,3,5,0,232,43,1,75,1
9.59,457,190,1,3,1,1,1394,68,55,63,1
6.79,458,144,2,1,3,0,2505,7,11,73,2
6.09,37,319,4,0,0,1,193,7,55,75,1
9.45,96,261,0,7,2,0,70,32,78,70,1
8.31,197,141,4,1,0,3,2918,90,98,90,2
9.56,191,113,4,7,5,1,2919,29,50,95,1
8.39,356,383,0,2,0,2,2941,91,69,88,2
9.24,6,272,2,6,4,3,2193,81,58,69,2
7.72,43,37,4,5,0,4,585,9,70,97,1
9.0,331,196,0,3,0,3,125,39,10,97,1
9.65,6,12,1,5,3,2,2424,12,2,87,2
8.29,193,111,1,5,1,0,1901,100,33,94,2
6.72,315,436,0,5,0,1,741,60,94,92,2
7.08,0,136,1,6,0,0,1159,42,84,90,2
6.79,61,171,4,5,5,0,1443,54,92,67,1
6.99,342,126,0,2,4,1,172,50,18,90,1
7.23,88,361,4,6,2,0,2887,86,6,64,2
8.22,17,409,3,3,4,2,295,18,10,98,1
8.35,107,332,2,5,2,4,523,53,62,97,1
7.71,134,18,2,3,2,1,2314,22,66,80,2
8.46,370,431,2,6,2,0,2441,61,55,84,1
6.33,309,464,0,5,3,1,2406,40,42,68,2
6.35,66,207,3,2,3,0,1646,79,55,80,2
6.69,92,157,2,1,1,2,2784,11,44,61,3
8.07,137,159,4,5,2,3,2056,99,59,96,1
6.86,188,333,2,4,3,4,688,3,32,65,1
7.13,58,239,3,7,3,4,21,11,27,79,1
7.6,186,375,4,4,5,1,208,26,95,72,1
9.25,234,78,4,1,5,4,2145,13,56,73,1
6.06,68,331,0,0,5,0,857,15,51,62,2
8.6,446,356,0,6,0,2,755,92,3,100,1
8.68,97,330,1,1,2,2,2663,11,98,100,2
9.19,7,196,3,1,4,1,262,52,16,84,1
9.73,461,119,4,1,5,0,2583,14,34,74,1
6.08,487,247,3,4,0,4,612,0,41,72,1
6.62,310,138,2,7,3,0,2678,27,100,87,2
9.54,133,225,2,3,3,4,2444,7,59,63,2
7.83,384,82,1,7,3,0,739,95,25,97,1
8.26,55,409,4,0,3,4,185,88,47,85,1
8.65,480,25,4,6,4,4,669,98,63,78,1
8.72,359,127,1,0,1,2,2773,75,16,60,2
9.73,458,400,2,7,1,3,2371,59,97,88,1
9.99,113,222,4,0,2,3,765,5,71,87,1
8.88,87,338,3,2,5,1,1597,62,72,94,1
7.15,137,43,4,5,3,3,1398,94,6,72,1
9.52,107,83,2,1,2,1,216,8,64,92,1
6.2,499,406,4,3,4,2,1279,51,51,64,1
6.92,22,24,4,3,2,1,1404,88,40,73,1
9.59,143,219,0,2,1,3,542,53,15,68,1
7.02,356,292,4,4,1,4,868,83,65,63,1
6.88,143,203,1,2,5,1,1207,78,71,61,2
6.55,55,367,1,2,1,3,1317,53,85,73,2
9.44,107,192,3,1,2,3,2970,35,55,62,2
8.0,350,1,4,4,3,4,754,25,26,63,1
8.7,5,201,3,5,0,0,932,100,17,66,1
6.96,29,353,2,5,1,3,2268,40,62,74,2
9.03,446,31,2,2,2,2,933,10,79,87,1
9.04,484,88,0,5,0,4,2483,62,25,63,2
7.25,384,201,0,7,1,0,836,26,21,71,1
7.64,306,438,4,3,1,4,2397,38,57,76,1
6.84,361,177,4,1,4,1,1742,20,0,76,1
9.91,344,192,3,5,1,3,364,5,95,65,1
8.58,126,159,3,4,0,3,493,10,45,62,1
9.74,301,292,4,3,0,4,1317,45,85,71,1
7.21,120,203,4,0,3,1,627,30,26,93,1
9.13,404,240,0,1,0,4,543,55,43,60,1
9.06,98,114,0,3,2,2,1742,74,32,64,2
8.77,165,209,0,2,2,3,1177,50,93,65,2
9.86,324,221,4,2,5,3,457,7,82,74,1
7.57,318,396,3,1,5,2,1177,82,32,80,1
6.52,240,181,1,4,5,0,361,95,53,93,1
8.69,49,258,1,6,1,3,686,89,24,68,1
8.92,267,468,3,2,3,4,286,100,5,67,1
8.3,324,425,3,3,1,0,404,42,47,95,1
6.83,72,461,3,0,3,0,2327,33,92,64,2
8.02,299,39,0,4,4,4,127,46,59,85,1
7.25,51,329,2,6,3,2,385,15,61,68,1
7.71,264,321,4,1,4,0,2191,96,14,80,2
8.58,226,59,0,2,5,3,2334,34,75,82,2
8.98,192,492,1,4,4,1,255,9,58,82,1
6.93,373,484,4,7,1,0,2571,99,37,87,1
7.62,238,10,3,0,2,2,114,86,14,66,1
7.08,9,119,1,7,3,4,2697,54,30,93,2
6.79,301,384,3,7,1,3,2629,47,64,88,2
9.13,358,409,3,7,4,1,1263,3,19,83,1
9.64,227,41,3,4,4,0,1698,18,28,86,1
7.48,441,189,4,4,0,2,545,59,74,80,1
9.01,292,122,1,1,0,1,1506,82,72,93,2
9.59,51,188,1,6,3,1,65,41,15,71,1
9.38,239,251,3,0,2,3,1203,13,79,76,1
6.73,98,460,0,7,0,3,463,32,32,65,2
9.83,80,91,2,0,5,0,2463,47,54,60,2
7.51,12,483,0,4,5,0,2427,53,18,68,2
7.36,389,212,4,2,4,1,312,51,88,81,1
6.25,441,317,2,4,1,2,545,36,49,97,1
7.94,356,201,0,3,2,1,992,81,33,60,2
6.44,127,267,1,2,3,2,1587,7,63,87,2
6.99,303,493,0,1,1,3,1527,73,23,75,2
7.27,415,154,3,7,3,2,1318,30,31,69,1
9.24,10,194,4,7,1,2,1669,34,2,88,1
9.5,80,27,0,0,1,3,56,54,12,73,2
7.21,260,193,0,5,2,4,849,88,93,72,2
9.43,5,411,2,2,3,1,967,24,86,61,1
9.43,457,498,3,1,0,0,2649,2,93,79,1
9.06,372,222,2,4,1,2,1945,14,11,61,1
6.59,480,106,4,1,5,0,2499,95,61,77,2
8.76,221,148,4,7,1,0,1332,20,44,64,1
9.78,404,134,3,3,5,1,1400,57,23,85,1
8.73,297,497,2,5,0,4,2711,96,23,63,2
7.33,80,94,3,1,2,4,904,38,93,98,2
8.0,410,269,2,7,2,4,2975,26,80,90,2
8.58,2,422,1,5,2,4,2581,13,14,63,2
8.04,59,373,3,7,4,3,1635,35,99,70,1
6.48,220,125,4,5,4,0,1001,45,49,61,1
7.25,449,358,2,2,2,0,2921,9,87,68,2
9.21,348,328,1,6,2,3,1842,23,95,72,1
9.45,48,470,4,0,0,1,2973,9,87,75,2
6.55,227,317,2,7,4,2,300,94,66,77,1
9.81,289,11,1,2,5,4,217,57,44,96,1
7.32,292,476,4,7,3,4,2818,27,64,88,1
8.65,297,293,4,2,2,3,108,67,19,91,1
9.01,192,441,1,0,2,4,2409,47,20,77,2
9.25,443,439,4,3,2,3,2402,18,11,86,1
9.78,473,294,2,2,1,2,1167,15,99,73,1
7.25,256,341,2,7,4,0,743,95,84,68,1
9.43,442,3,4,0,3,4,1959,69,82,93,1
6.53,387,303,0,0,1,1,1448,50,18,70,2
8.82,102,390,1,2,1,3,1199,73,100,82,2
8.97,397,315,0,5,3,2,1228,58,1,84,1
8.71,365,167,2,0,3,1,500,15,32,77,1
7.01,145,7,4,5,3,0,308,1,36,99,1
9.49,289,123,3,4,3,1,1670,71,9,66,1
6.68,256,371,3,2,5,3,1734,38,31,92,2
6.21,308,313,0,5,3,4,1200,68,93,88,2
8.87,277,184,0,3,5,0,2149,93,80,65,2
7.9,463,34,0,4,2,3,1667,7,29,63,2
9.4,188,72,2,6,5,2,2400,92,13,76,1
7.53,405,370,2,3,5,1,2222,2,4,85,2
6.67,177,12,4,5,3,1,2194,76,35,76,1
9.35,15,38,2,6,3,0,1884,51,76,100,1
8.2,411,83,4,7,4,0,1441,26,57,87,1
6.76,475,20,4,2,2,2,145,50,79,96,1
8.88,374,252,0,1,1,2,76,75,12,61,1
8.04,85,302,3,7,2,0,869,60,92,69,1
8.42,247,466,0,0,0,3,2773,50,87,90,3
7.84,453,257,2,4,3,3,386,39,17,96,1
9.31,216,299,1,2,1,0,1178,5,7,78,1
9.32,41,487,2,0,0,1,2215,48,68,68,2
8.84,193,29,3,5,5,4,447,14,47,85,1
6.42,326,470,2,1,1,2,401,45,77,95,1
9.36,372,127,3,3,2,3,2164,46,2,93,1
8.68,464,310,1,7,5,4,1124,71,69,77,1
8.79,162,39,1,7,0,1,2082,51,16,77,2
7.45,275,460,4,2,5,2,2464,87,50,70,2
9.52,363,96,2,2,5,3,2866,31,56,72,2
8.9,129,223,4,5,5,3,598,30,42,93,1
6.45,262,91,0,1,3,1,1522,37,41,76,2
7.63,479,279,0,6,3,1,813,54,28,89,1
9.55,176,169,0,3,0,3,2791,2,85,78,2
6.19,466,283,0,2,2,3,1974,47,97,86,2
9.85,459,221,0,7,0,4,378,98,54,89,1
8.72,264,116,2,5,2,1,2130,12,69,78,1
8.53,26,247,4,7,1,1,883,57,42,86,1
7.08,461,360,4,6,2,4,1880,41,59,70,1
7.0,385,348,3,0,0,1,2817,40,40,93,2
9.77,84,353,0,5,0,0,2200,14,90,96,2
7.19,195,434,1,1,1,2,2792,25,48,75,3
9.1,315,405,3,6,5,0,2,11,77,95,1
7.57,242,88,3,2,0,1,1725,88,83,78,2
6.56,468,77,2,5,4,4,1947,91,26,62,1
6.04,367,457,3,6,5,3,1730,18,2,99,1
8.18,341,73,1,7,0,1,1954,72,80,61,1
9.9,176,391,4,3,4,3,958,98,67,96,1
7.48,129,13,3,7,0,2,1795,44,41,71,1
7.43,144,44,2,4,0,0,2615,35,76,77,2
7.38,82,37,0,2,1,2,795,31,53,68,2
8.08,359,415,1,3,5,3,1716,66,0,90,2
7.76,87,244,0,1,4,2,1530,4,20,89,2
9.52,19,61,3,3,1,3,1297,59,66,76,1
8.02,229,492,4,3,4,0,2337,81,46,72,1
8.03,459,95,2,6,4,3,311,41,88,74,1
6.55,472,322,1,1,3,0,2251,50,58,66,2
9.93,125,251,4,4,4,1,2377,78,0,75,1
7.0,470,467,1,5,1,3,2146,88,13,60,2
6.29,497,60,2,7,1,2,364,17,97,75,1
8.65,353,268,2,0,2,4,2041,70,39,95,2
8.38,415,118,3,4,5,2,1515,21,66,60,1
7.66,50,86,1,0,5,4,1936,87,8,60,2
7.69,87,82,3,0,5,2,1883,34,68,96,2
9.14,169,79,1,0,0,3,1103,21,24,81,2
6.78,62,227,1,2,3,1,320,26,63,87,2
9.28,88,482,0,7,0,3,357,1,59,94,1
8.59,188,302,3,4,1,0,168,60,32,77,1
7.68,189,110,1,3,3,1,2234,74,4,70,2
7.83,386,369,1,6,4,3,595,25,75,76,1
7.03,88,309,2,2,5,1,1013,6,51,98,2
9.01,347,70,0,6,1,0,615,82,74,96,1
8.05,331,435,2,1,1,4,2399,100,32,90,2
7.28,25,484,3,1,1,1,1543,82,15,100,2
8.38,175,327,3,0,1,1,2491,73,2,91,2
9.98,363,24,1,2,3,0,827,94,4,92,1
7.74,263,278,4,5,0,3,2819,64,61,97,1
9.68,388,201,2,6,0,4,112,80,18,75,1
7.38,394,413,3,5,5,1,2334,73,10,93,1
6.22,41,224,1,2,4,1,2812,35,84,73,3
6.82,482,266,1,1,1,1,2442,20,72,95,2
7.67,474,418,2,3,5,1,1122,16,17,74,1
6.88,118,282,1,4,1,0,2573,41,11,76,2
6.0,168,116,0,4,5,1,167,43,42,68,2
9.66,107,66,4,7,0,4,1613,42,86,73,1
9.38,485,46,2,0,5,0,2496,66,49,83,2
8.97,146,240,2,6,4,1,1305,49,39,70,1
6.67,175,177,2,0,5,4,2217,21,76,88,2
6.48,436,7,1,0,2,2,2274,93,34,84,2
6.27,438,182,1,1,3,2,1960,49,56,63,2
8.9,375,76,2,1,5,4,40,35,55,91,1
9.72,188,425,2,7,5,1,488,68,27,91,1
7.72,159,66,0,5,0,1,1442,2,61,62,2
6.48,301,147,3,7,3,0,2383,64,98,65,1
8.05,347,493,0,4,0,1,1539,80,86,78,2
7.4,419,172,2,5,4,0,436,53,14,76,1
7.5,401,34,1,5,1,1,2299,51,7,64,2
8.49,73,76,1,0,2,3,1122,21,14,69,2
8.87,351,403,2,5,3,3,325,90,64,86,1
6.44,17,279,3,2,2,4,470,32,34,95,1
6.14,139,184,4,5,1,3,2952,20,57,91,2
9.98,114,54,4,6,0,2,2564,0,75,80,1
6.93,327,392,0,3,4,2,2550,3,8,91,2
6.22,224,93,3,1,1,0,1276,40,38,93,2
6.76,45,472,4,5,2,2,2482,5,96,74,2
6.16,438,143,3,6,2,1,1431,27,20,68,1
7.57,37,246,1,0,2,0,409,75,94,61,2
9.21,205,438,1,7,0,3,1350,86,59,98,1
7.36,385,199,3,7,5,3,1122,11,93,65,1
7.78,8,235,2,6,2,2,2156,47,42,86,2
8.7,252,313,4,0,0,2,350,57,62,80,1
8.04,107,319,4,1,2,1,2171,44,41,93,2
9.45,388,219,1,4,3,3,259,32,82,99,1
9.46,97,331,0,4,5,2,1615,20,33,81,2
6.04,274,370,4,6,3,3,2453,57,16,67,2
9.11,70,215,1,4,5,3,2003,90,97,79,2
7.84,38,48,1,4,1,2,177,49,64,97,1
9.96,297,284,3,2,1,3,1838,95,24,68,1
7.93,400,462,3,0,5,2,2430,0,98,78,2
9.95,446,117,3,4,4,4,1604,31,57,91,1
9.02,89,81,0,7,2,2,287,66,9,70,1
6.99,429,262,4,6,2,3,2350,96,96,87,1
8.15,218,76,0,6,0,4,1995,0,77,95,2
9.97,106,210,0,6,5,3,940,23,5,80,1
9.43,475,495,3,4,1,3,459,18,49,61,1
6.39,403,490,1,7,5,4,945,17,19,66,1
8.83,453,121,2,7,3,1,772,95,45,84,1
7.38,391,324,1,5,0,4,1744,43,75,95,2
6.03,95,89,1,6,3,3,2489,5,90,80,2
7.61,402,257,1,7,0,3,2360,80,10,97,2
6.94,31,160,1,3,1,1,2214,11,78,100,2
9.28,125,175,0,3,2,4,2310,33,27,72,2
7.35,146,292,3,6,5,2,2549,35,1,85,2
9.31,279,88,3,0,2,3,1753,63,63,82,1
6.0,23,126,1,5,1,4,2968,65,13,72,3
7.23,439,472,2,1,5,0,2996,19,68,95,2
6.96,208,358,4,4,3,3,111,83,100,88,1
6.93,119,285,1,2,4,2,1097,55,73,68,2
6.27,273,296,1,3,4,3,2213,46,77,79,2
6.75,139,259,2,4,1,4,1634,38,81,80,2
8.22,296,338,0,1,0,1,1442,54,97,100,2
7.17,342,474,1,2,2,0,2431,56,80,67,2
7.67,431,243,2,3,3,2,1192,50,27,85,1
7.51,81,110,0,5,4,3,1662,63,37,97,2
9.5,447,422,0,1,2,2,988,95,94,86,1
9.62,399,23,1,1,1,1,1520,2,32,82,1
7.97,207,49,0,7,2,0,779,89,99,90,1
7.32,483,36,1,5,5,2,2844,40,53,73,2
6.43,406,180,1,2,4,4,2620,75,59,76,2
9.81,469,252,3,2,3,4,2816,49,3,67,1
6.24,422,24,4,3,0,2,2393,2,53,69,2
7.19,32,348,4,2,0,0,575,27,100,74,1
7.19,23,124,3,4,5,3,1014,72,86,90,1
7.28,60,30,1,2,5,4,1355,89,20,82,2
6.66,310,236,2,5,2,3,154,5,24,93,1
9.13,188,226,0,1,0,3,1687,4,50,82,2
6.49,83,347,3,2,4,2,1983,72,14,80,2
8.54,224,37,3,6,3,4,1683,54,77,69,1
6.5,478,382,3,7,0,2,1202,97,12,81,1
6.28,167,57,3,3,0,1,147,91,60,88,1
9.64,185,235,4,4,1,3,1767,25,96,76,1
6.76,374,180,1,2,0,0,2792,56,20,87,2
9.29,71,113,3,4,0,3,271,53,43,99,1
8.18,73,305,3,2,4,0,16,61,60,82,1
6.31,384,131,3,4,0,2,2964,98,23,60,2
9.82,340,347,2,6,1,4,147,64,88,61,1
6.99,152,179,2,2,1,3,2503,67,34,76,2
9.44,95,414,0,2,5,1,1712,76,22,93,2
6.68,52,470,1,0,1,3,1032,52,67,72,2
9.42,444,77,3,1,0,0,50,20,54,66,1
6.05,173,219,0,3,5,0,1725,81,20,85,2
8.05,109,141,0,3,2,0,2952,83,23,87,3
9.08,457,384,1,0,2,4,13,3,89,66,1
9.74,315,42,2,2,4,1,1226,95,60,68,1
9.64,50,479,1,1,2,1,659,26,88,84,1
9.28,376,117,0,4,4,0,434,88,7,100,1
9.55,252,58,1,0,4,1,1977,70,69,98,2
6.8,495,60,2,3,5,1,2206,44,99,67,2
7.14,72,40,0,3,1,2,990,93,61,66,2
7.16,211,273,1,5,3,1,2973,86,97,65,2
7.51,431,187,3,6,4,0,2621,28,2,69,1
7.57,211,452,3,5,0,4,1992,56,15,86,1
8.18,250,489,1,3,1,2,1392,20,5,79,2
6.64,167,334,1,2,0,1,1817,96,20,62,2
8.76,262,186,2,5,0,2,377,81,2,89,1
6.67,330,425,0,4,2,3,832,26,64,89,2
7.24,468,463,1,4,0,2,2419,77,70,91,2
8.01,229,227,0,4,5,2,2158,39,23,90,2
9.19,238,163,3,2,4,2,1829,30,19,80,1
8.96,274,423,0,6,0,1,2342,7,33,79,2
8.58,493,285,4,3,0,2,1288,66,45,71,1
6.62,142,101,2,5,2,4,2379,34,71,94,2
8.19,69,470,2,6,0,1,2472,74,88,77,2
6.35,444,266,0,6,4,0,2327,99,37,82,2
7.51,311,123,2,5,4,3,2272,97,27,87,2
7.65,393,152,0,3,0,0,2221,86,36,73,2
6.16,173,428,0,2,4,1,246,68,60,67,2
7.1,335,178,3,1,5,0,2569,29,24,75,2
9.82,108,426,0,2,5,3,2344,36,75,60,2
9.81,202,65,2,2,4,2,2204,15,42,64,2
7.41,184,98,4,3,2,0,609,13,19,64,1
6.17,290,430,1,4,1,1,352,70,81,82,1
6.72,327,23,2,6,5,4,293,96,32,77,1
7.57,91,332,4,3,1,3,716,1,32,94,1
9.79,258,248,2,5,3,0,77,45,100,63,1
6.56,321,489,4,1,1,4,1611,4,38,88,1
9.05,436,164,2,0,5,3,80,44,11,75,1
6.43,205,383,1,5,5,0,912,44,100,79,2
9.93,51,439,3,0,0,1,436,59,77,82,1
7.53,348,93,3,2,4,4,1817,14,19,64,1
9.1,180,458,1,0,1,4,35,41,17,96,1
7.37,437,342,2,6,2,0,583,1,73,88,1
8.51,302,123,4,5,3,0,212,87,16,60,1
6.77,2,301,0,4,0,1,283,28,4,60,2
6.58,448,155,2,3,1,1,2781,92,63,90,2
9.75,398,348,1,1,4,2,2186,84,27,67,2
9.67,83,248,3,1,2,0,587,24,100,92,1
9.55,213,435,3,1,5,1,2964,21,32,100,2
8.5,33,270,2,5,1,0,1697,82,37,91,2
9.23,49,428,4,5,4,1,1771,61,84,99,1
6.28,288,57,1,7,1,3,485,12,38,77,1
7.34,328,194,1,7,0,1,2806,61,91,67,2
7.25,258,200,4,3,3,1,2501,37,64,84,2
8.54,257,71,4,4,4,3,2534,56,2,99,1
7.42,387,494,2,1,3,3,835,32,76,72,1
6.59,271,246,2,0,3,2,2747,32,25,81,2
8.39,181,480,3,4,5,1,2048,55,69,66,1
9.26,32,97,3,4,2,3,1461,11,88,91,1
7.53,264,328,4,5,4,2,2470,86,34,89,1
6.53,312,500,0,5,2,2,1162,92,18,63,2
6.79,39,80,0,4,5,0,6,28,49,95,2
6.95,485,424,0,1,3,3,2978,42,100,78,2
7.2,307,64,1,4,0,4,2609,59,34,85,2
8.57,209,423,2,5,0,3,1824,64,85,73,1
8.4,271,4,4,1,1,3,285,23,100,74,1
8.78,135,477,3,0,1,2,378,68,10,67,1
7.45,86,458,0,7,4,3,2550,56,88,94,2
9.3,59,283,3,5,0,3,2497,34,25,71,2
6.82,163,293,2,0,3,2,2465,44,9,63,2
7.88,2,80,4,0,0,2,742,68,45,71,1
9.2,14,497,0,5,4,0,785,12,27,91,2
6.72,101,86,0,5,1,0,561,31,82,100,2
6.44,254,401,4,0,5,3,2183,54,18,92,2
9.53,224,292,3,4,1,3,1764,26,35,69,1
7.37,209,410,2,4,5,1,2829,87,17,84,2
8.74,22,280,2,6,2,4,1748,2,25,99,1
6.1,234,196,2,1,5,1,2436,0,48,76,2
8.76,130,251,3,6,1,1,1343,62,54,70,1
7.26,157,82,3,0,3,3,1221,92,7,90,2
6.22,172,26,0,2,4,2,976,44,4,74,2
8.44,16,332,3,7,1,2,124,85,71,73,1
6.96,369,181,1,0,1,4,2795,68,29,70,2
7.55,441,134,4,3,5,2,1868,42,7,70,1
6.32,313,89,3,2,3,3,78,84,35,75,1
6.59,479,205,2,3,1,2,1807,11,73,61,2
7.19,365,26,3,2,3,0,2949,91,26,86,2
6.36,184,377,0,5,1,4,1864,74,14,80,2
9.64,390,58,4,1,3,2,2184,14,83,99,1
6.02,422,71,4,6,1,2,371,37,37,91,1
7.94,333,414,2,4,4,0,154,61,81,77,1
6.49,441,226,4,1,2,1,1611,34,38,80,1
7.23,183,90,1,2,2,3,2886,15,75,73,2
9.7,142,67,4,0,0,2,417,100,42,69,1
6.65,43,361,2,1,2,0,1046,63,81,64,2
9.86,11,259,4,2,3,0,256,14,34,60,1
6.82,7,145,3,0,3,1,989,95,50,74,2
8.97,79,62,0,4,5,2,1605,63,37,82,2
8.19,296,342,3,2,2,1,1665,57,90,85,1
9.54,161,479,1,3,5,4,854,79,71,63,1
8.22,301,459,1,3,3,0,35,96,34,85,1
8.14,215,179,0,7,4,3,1208,39,51,82,1
6.78,247,467,0,3,3,0,1247,56,95,87,2
6.66,28,110,0,0,5,1,1150,19,8,72,2
9.67,271,190,0,7,4,3,2177,36,43,75,2
7.31,132,428,4,6,4,3,810,31,7,69,1
7.49,4,395,3,0,4,0,1253,73,71,69,2
9.04,243,391,1,7,1,3,2270,15,0,60,2
7.36,29,245,4,6,0,2,2784,4,24,81,2
9.81,116,277,0,1,5,0,864,19,70,97,2
8.95,177,346,2,0,3,1,1621,55,31,87,2
8.39,497,424,2,2,1,4,2512,90,61,65,2
9.52,260,371,3,3,5,1,1284,42,9,87,1
6.2,234,296,1,6,0,2,1531,59,99,83,2
7.03,140,336,1,4,1,4,1041,49,85,100,2
7.86,482,122,3,5,3,4,589,58,16,88,1
6.91,304,56,0,3,5,1,355,83,10,65,2
8.98,344,159,0,2,4,0,2984,12,46,60,2
9.68,49,126,1,5,1,0,1442,18,55,88,1
7.7,269,224,1,4,0,4,440,78,40,64,1
7.37,107,94,1,7,0,1,523,37,15,71,1
9.85,45,310,0,1,0,1,996,26,24,67,2
7.78,473,5,2,0,5,0,1320,80,29,66,1
7.96,81,422,3,7,1,2,653,73,75,65,1
7.41,125,264,3,2,0,0,664,35,40,67,1
9.64,83,233,4,5,2,0,1160,4,60,94,1
8.28,289,287,4,0,5,2,2258,50,48,85,2
9.05,70,419,2,6,0,0,903,47,89,60,1
9.25,174,383,1,7,0,4,318,26,89,86,1
7.37,315,15,2,1,1,4,1009,58,75,87,1
7.73,329,139,4,4,3,4,1582,53,41,90,1
9.39,462,296,4,5,1,4,1223,27,62,69,1
7.45,336,194,3,2,1,4,127,67,94,87,1
9.18,394,185,2,6,2,1,1406,70,25,71,1
9.76,353,474,0,4,3,1,2061,7,37,74,2
8.49,90,474,4,5,1,2,2434,14,27,61,1
8.97,468,392,3,5,2,3,2796,28,69,77,1
9.22,350,124,1,2,1,4,1053,72,0,82,1
9.38,433,16,2,1,2,3,859,19,65,69,1
7.58,248,365,4,1,5,3,488,64,90,65,1
6.21,131,388,0,1,4,4,1978,6,41,76,3
7.61,168,25,4,0,0,0,1979,33,7,62,2
8.7,442,212,0,6,0,2,2997,9,49,60,2
7.8,59,384,2,3,1,3,708,47,9,69,1
9.0,368,0,0,4,2,0,317,69,72,63,1
7.43,336,290,0,2,4,0,2734,24,51,96,2
8.54,240,264,3,4,0,4,612,75,10,72,1
6.75,189,342,2,3,1,2,571,40,3,87,1
9.0,495,37,4,0,5,4,304,77,29,90,1
8.18,339,232,1,0,1,2,1929,10,36,76,2
6.82,280,259,2,3,2,4,2450,11,90,94,2
7.17,231,307,2,5,3,2,1330,82,16,76,1
8.99,470,402,1,2,5,1,1878,41,8,63,1
7.93,462,484,4,3,1,0,749,91,5,73,1
6.86,288,260,3,0,4,0,416,52,92,96,1
9.87,274,475,4,5,4,0,2626,82,68,92,1
8.86,312,237,1,0,3,2,222,28,48,71,1
9.83,14,105,4,5,4,0,2200,44,0,61,1
7.71,40,246,2,4,2,1,2763,98,17,65,2
7.9,452,303,3,2,1,1,1914,22,13,93,1
9.59,207,342,0,2,2,3,731,59,11,99,1
8.1,59,446,4,0,3,0,2191,79,67,88,2
8.83,364,37,0,3,3,4,1008,100,71,70,1
7.01,239,307,3,0,2,4,2416,59,69,69,2
7.79,95,342,0,4,5,4,433,20,59,95,2
6.49,277,45,4,7,0,1,657,58,83,78,1
6.82,426,209,1,3,3,3,713,39,86,61,1
6.0,159,92,2,0,1,3,1111,0,80,61,2
6.16,396,219,2,5,5,1,2052,100,64,72,2
9.91,421,255,0,6,3,3,441,24,52,90,1
6.97,281,136,2,5,2,4,1551,15,38,99,1
8.65,499,230,2,7,2,4,1195,32,48,60,1
9.36,208,305,1,2,4,1,892,88,77,73,1
8.2,132,201,0,4,5,4,1366,21,1,75,2
6.61,380,65,1,6,0,2,1054,66,15,72,1
8.91,432,460,1,0,2,4,2874,66,47,84,2
8.4,96,37,3,0,4,0,86,74,44,97,1
8.93,218,154,0,7,4,1,1761,42,25,66,2
9.08,388,104,1,5,1,1,709,51,10,89,1
9.9,484,254,4,7,4,3,2468,62,54,76,1
8.29,70,403,2,7,0,3,302,4,96,83,1
7.37,431,487,0,6,1,3,1420,24,12,97,1
8.59,273,445,3,5,2,0,1905,37,26,76,1
6.27,350,457,1,5,5,4,2173,52,61,76,2
9.59,133,15,4,5,2,1,2058,15,11,84,1
6.48,65,78,2,1,4,4,2042,95,100,68,2
7.31,126,12,2,6,3,3,749,92,62,62,1
9.26,204,369,4,6,0,1,1396,69,2,91,1
8.39,297,101,0,3,0,3,183,85,3,62,1
7.57,116,403,2,7,4,0,689,72,14,60,1
7.89,435,151,2,1,0,1,1860,9,91,99,2
9.42,266,488,2,7,1,3,809,54,46,67,1
7.36,281,177,1,2,4,3,458,13,77,89,1
9.48,148,390,1,3,3,3,719,83,23,94,1
6.35,193,86,2,4,2,0,1605,68,40,86,2
9.11,167,87,3,3,0,4,1906,70,69,72,1
9.39,311,28,2,6,5,4,2731,53,74,65,1
6.73,373,388,0,5,2,4,1517,55,92,91,2
7.72,178,362,3,0,3,0,2513,77,15,62,2
6.66,147,492,0,0,3,4,1106,56,76,63,2
8.83,464,418,4,0,1,4,313,14,74,87,1
8.14,463,320,4,7,3,0,1840,80,97,82,1
8.54,56,99,1,3,3,1,818,83,81,72,2
6.79,489,114,1,0,0,3,2744,15,56,82,2
6.85,4,209,1,0,2,3,622,20,40,62,2
6.17,13,453,4,5,5,0,1241,74,46,97,1
7.29,279,342,0,1,0,4,116,67,45,83,2
8.24,498,73,3,0,0,2,1434,24,73,71,1
9.43,323,134,1,1,4,4,1645,65,61,68,2
8.67,435,427,4,2,5,2,87,65,35,60,1
7.74,303,455,1,3,4,3,1249,90,29,79,2
9.81,215,268,2,1,1,0,2303,94,14,76,2
8.88,174,349,3,6,5,4,2375,46,17,91,1
9.72,315,465,0,7,1,0,2272,71,28,64,2
8.11,456,77,1,5,3,4,1001,71,57,79,1
7.04,2,458,2,3,1,4,1735,4,92,85,2
6.21,374,379,2,6,1,4,136,21,21,98,1
8.9,136,489,3,6,3,2,1650,68,54,87,1
6.49,465,124,4,3,2,0,1466,39,22,66,1
7.21,99,37,4,4,3,3,362,47,92,67,1
8.13,82,268,1,1,3,1,1843,69,43,82,2
8.26,279,309,1,0,2,2,578,37,69,66,1
8.4,131,105,4,6,3,3,1212,70,59,83,1
6.67,392,43,0,7,4,0,1302,17,87,82,2
7.52,480,224,0,5,1,1,2457,24,4,77,2
8.47,0,241,2,5,3,1,2801,66,86,83,2
9.88,115,396,3,4,0,0,136,88,33,72,1
8.91,498,152,0,1,1,2,2017,20,11,67,2
9.69,418,23,1,5,4,4,1087,94,74,82,1
9.05,201,123,0,1,4,4,209,48,66,100,1
8.37,139,284,3,2,3,4,2088,41,87,99,2
6.77,145,483,1,0,2,3,1709,79,92,78,2
8.67,461,453,3,2,0,0,514,51,40,78,1
8.49,265,401,4,7,3,2,1792,63,94,69,1
8.41,201,347,3,3,2,0,1841,85,7,94,1
7.96,401,260,3,0,4,1,1264,92,1,69,1
8.11,151,145,3,7,1,3,753,75,92,67,1
7.34,384,190,1,2,4,2,2591,45,57,71,2
8.08,221,380,3,2,3,1,2628,42,36,83,2
6.79,78,164,3,6,2,4,2394,62,79,66,2
9.22,199,70,2,6,3,4,1417,0,59,81,1
6.74,249,438,1,0,4,4,991,25,40,61,2
6.34,98,200,3,1,0,0,1034,73,71,95,2
7.74,465,354,0,3,4,1,51,24,35,79,1
8.63,488,11,3,4,3,2,1196,88,77,74,1
7.75,399,51,0,5,2,1,1359,3,75,78,2
7.11,212,440,4,4,3,2,974,81,90,70,1
8.23,142,255,4,7,1,3,748,59,18,61,1
7.39,189,301,1,4,1,3,1020,42,50,100,2
9.73,388,359,1,3,2,2,1011,71,53,65,1
9.69,300,299,4,0,4,1,917,6,76,100,1
8.01,373,486,1,0,3,2,620,16,28,80,1
7.31,51,407,0,6,5,2,1627,5,66,60,2
8.95,454,8,0,0,5,4,2078,41,7,74,2
6.15,111,139,2,4,1,2,711,43,60,78,2
7.9,134,99,1,1,0,4,229,20,55,97,1
7.35,410,484,1,2,1,4,1679,1,77,76,2
9.68,472,136,2,7,4,2,2640,12,6,91,1
6.05,469,358,3,6,2,0,235,31,67,77,1
8.21,111,365,0,4,0,1,2673,76,20,85,2
8.96,12,371,3,3,3,2,870,28,44,96,1
7.94,272,21,2,0,3,3,2388,4,11,69,2
6.34,232,144,1,6,5,2,838,89,94,93,1
9.89,43,160,3,2,2,2,2924,95,72,77,2
8.07,396,248,1,0,0,3,1524,81,6,79,2
8.46,473,174,2,0,0,4,2664,16,44,76,2
6.95,72,87,4,0,0,4,660,83,34,77,1
7.93,260,398,1,5,2,0,1154,14,39,79,1
7.72,230,476,3,6,2,2,2696,59,10,62,2
6.3,32,479,3,1,3,2,2856,78,100,92,2
6.42,387,32,2,6,1,1,1914,67,41,87,1
9.35,475,476,3,2,4,4,1672,72,1,81,1
6.96,409,270,0,7,3,2,1767,43,33,99,2
6.78,67,282,1,7,5,1,1123,32,53,76,2
8.02,15,225,0,6,5,0,1054,9,98,82,2
9.07,484,444,2,7,5,1,2433,46,79,94,1
6.25,149,451,0,6,0,4,197,0,50,94,2
8.31,291,496,0,6,1,4,64,39,31,91,1
6.48,101,111,1,4,4,0,2084,72,78,84,2
6.15,185,81,1,7,0,2,2639,21,73,77,2
6.21,438,212,4,1,2,1,2039,25,11,72,2
9.34,418,303,0,5,1,2,2737,34,12,77,2
6.47,24,7,1,3,2,2,2129,32,29,69,2
6.18,71,133,0,6,4,2,2584,9,85,90,3
7.75,80,446,0,5,5,3,619,60,70,100,2
9.38,60,117,2,3,4,0,752,37,79,78,1
7.05,17,83,2,5,0,2,2799,18,44,67,2
7.69,241,257,0,4,2,0,379,67,96,67,1
6.16,57,242,2,2,3,2,1646,82,86,76,2
7.8,331,236,1,4,5,1,589,6,96,65,1
8.31,376,149,0,1,3,1,1533,11,69,74,2
8.28,56,373,2,2,2,0,1673,90,45,94,2
7.33,96,20,1,6,4,2,2842,31,31,60,2
7.26,214,133,0,6,5,0,815,26,82,96,2
6.43,318,378,0,7,1,0,1936,56,35,84,2
7.47,11,95,2,3,5,3,1258,84,29,65,2
6.4,10,453,1,2,2,2,1189,53,2,82,2
9.07,396,12,0,2,0,3,107,68,36,81,1
9.87,162,0,0,2,3,2,454,82,81,97,1
9.88,282,149,4,4,5,4,1291,6,97,92,1
9.46,216,116,0,0,0,4,1922,77,79,83,2
8.4,359,151,4,1,1,3,1659,72,3,89,1
8.8,322,63,4,2,3,4,1619,36,67,85,1
7.14,240,424,1,2,3,3,1815,49,42,60,2
8.52,344,477,3,4,3,4,2878,8,6,75,2
7.82,44,149,4,1,5,3,332,4,81,78,1
7.93,457,316,1,1,0,4,1575,53,42,95,2
9.03,80,363,2,6,4,0,2438,47,36,87,2
7.13,254,11,4,3,0,0,1003,8,98,64,1
7.27,66,89,3,1,4,0,1444,51,65,86,2
9.7,492,387,2,1,5,2,446,29,45,77,1
6.22,405,82,4,6,2,1,2364,77,68,71,1
7.94,101,463,4,2,3,3,1646,59,2,65,1
9.65,461,249,3,6,0,1,2852,2,34,60,1
8.44,90,383,0,0,1,0,1613,51,14,60,2
8.19,41,395,3,2,1,3,1352,23,79,95,2
7.0,275,32,1,7,4,3,2009,27,26,87,2
7.37,303,148,1,7,4,2,1368,38,75,68,1
9.41,273,127,3,5,3,1,1183,54,68,81,1
8.24,383,99,3,4,4,1,680,74,52,64,1
8.06,76,456,3,1,1,4,2445,80,66,73,2
6.4,233,486,3,0,0,3,480,81,74,75,1
6.06,453,361,3,2,0,0,2795,80,38,71,2
9.85,201,492,4,5,4,4,2597,24,5,98,1
7.51,484,327,2,3,4,4,1275,13,13,79,1
8.41,220,211,1,4,5,3,2109,84,86,82,2
6.32,261,73,1,5,1,4,658,10,3,77,1
8.73,38,95,2,7,2,3,986,46,15,66,1
9.73,10,91,3,7,0,3,402,26,6,64,1
8.3,111,329,2,6,4,4,1954,3,26,97,2
6.5,408,327,3,4,5,0,310,50,66,61,1
8.33,107,435,1,5,5,4,1402,33,2,60,2
9.07,491,174,0,7,5,1,1311,39,31,76,1
7.63,93,224,1,4,5,3,1615,70,47,100,2
9.52,310,314,1,2,3,0,2908,17,67,72,2
8.59,83,174,0,0,4,2,954,18,9,68,2
9.6,57,55,2,0,4,2,896,81,0,71,1
8.49,292,496,4,1,5,4,1234,14,17,67,1
6.53,15,268,3,0,0,2,2997,74,93,84,3
7.24,478,427,3,6,4,1,1623,11,27,71,1
6.81,476,34,1,3,3,4,62,34,42,71,1
9.64,325,118,0,5,3,4,263,35,79,92,1
9.04,92,370,1,7,5,0,880,11,21,77,1
8.71,479,412,1,4,3,3,1183,15,63,95,1
7.2,456,55,2,6,1,4,255,91,29,99,1
6.74,164,388,3,7,3,4,864,43,40,91,1
9.03,436,450,4,2,5,4,40,43,38,99,1
7.9,214,308,0,4,5,0,1614,35,100,63,2
6.9,143,356,4,4,5,4,2387,58,73,99,2
8.47,273,375,0,3,0,3,2128,29,24,86,2
6.16,402,315,3,5,2,3,193,15,10,88,1
7.3,427,104,2,6,4,4,25,79,86,61,1
7.87,385,389,4,6,4,0,1672,83,21,71,1
6.59,441,175,0,6,4,2,776,8,19,100,1
9.94,137,105,1,4,3,4,653,45,4,78,1
6.84,203,79,3,4,3,4,1731,4,21,78,2
6.52,301,162,2,3,3,1,1218,94,80,85,2
6.81,209,401,1,3,2,0,2925,17,17,80,2
9.08,18,266,2,0,2,3,924,43,78,81,2
7.7,293,50,0,5,2,0,2564,85,93,96,2
8.26,292,376,1,6,2,0,1303,38,75,98,1
6.08,474,278,2,6,2,4,1314,65,1,71,1
6.14,367,302,3,4,4,1,1975,57,2,79,2
7.78,461,74,4,5,4,4,2654,66,43,95,1
9.27,300,442,4,1,2,0,2377,46,77,60,1
9.54,372,440,1,1,4,4,1299,91,35,66,1
6.35,161,348,3,1,2,0,1673,74,36,94,2
8.15,129,126,3,5,2,3,1559,73,77,71,1
9.65,43,245,2,3,2,4,1739,83,22,91,2
7.55,352,311,1,4,4,4,525,94,52,84,1
9.32,82,233,3,0,1,3,1501,52,78,67,2
6.53,379,154,2,4,1,4,366,50,61,74,1
9.74,123,72,3,6,5,0,1811,44,70,100,1
9.01,26,418,1,1,5,2,1029,47,57,97,2
9.77,303,438,3,5,1,4,1008,21,32,75,1
8.71,349,136,3,2,0,3,475,81,56,66,1
7.45,6,273,3,5,1,3,1447,11,48,98,1
9.75,410,43,4,1,1,2,1934,78,37,99,1
7.1,340,246,0,5,1,0,1174,54,75,84,2
7.33,198,148,1,5,3,1,2821,97,50,92,2
8.8,111,55,4,5,2,0,446,44,57,64,1
9.06,88,175,0,3,5,4,1460,91,23,89,2
9.72,127,355,3,4,4,3,794,62,77,61,1
6.82,229,256,3,3,3,3,2165,63,41,93,2
9.19,17,410,4,5,2,0,396,43,70,73,1
8.95,288,300,2,0,1,0,1841,14,19,69,2
6.26,160,62,1,4,1,4,1676,98,92,98,2
7.55,351,313,0,4,3,0,2437,16,43,80,2
7.13,377,423,3,4,4,2,612,74,53,84,1
7.22,280,62,1,2,3,2,1628,60,46,96,2
9.93,397,293,3,4,3,1,2807,25,6,98,1
8.57,421,28,3,2,5,3,435,28,4,90,1
8.87,165,39,3,6,2,4,1260,88,99,73,1
9.91,259,146,1,4,0,4,2407,3,96,64,2
7.51,363,87,4,5,5,0,979,26,51,84,1
9.21,189,55,1,1,4,3,793,41,76,61,1
7.74,337,299,1,0,4,1,1763,85,31,94,2
9.48,265,192,2,4,3,1,2712,23,100,79,2
6.72,290,99,2,6,3,1,1208,18,100,69,1
9.79,354,214,4,3,1,3,275,40,26,99,1
6.88,359,140,2,6,3,1,2911,90,49,65,2
7.3,278,413,4,1,2,2,1619,82,65,92,1
9.02,216,48,3,3,1,0,608,12,76,73,1
7.58,320,498,3,7,0,1,2094,94,37,85,1
8.43,337,114,1,3,2,2,1682,65,55,81,2
7.78,206,228,3,6,4,2,1213,90,62,73,1
8.97,152,251,2,2,4,4,583,63,29,95,1
6.91,479,74,0,0,2,0,2776,71,45,82,2
6.23,180,190,1,6,5,4,2681,11,69,75,2
7.2,211,198,4,6,3,3,430,28,66,84,1
7.9,272,162,3,7,3,2,2377,28,50,78,1
6.67,440,138,1,3,3,4,1074,85,93,70,1
7.42,202,48,1,6,4,0,1399,29,58,89,2
7.6,204,362,1,1,2,2,651,72,82,84,2
6.23,472,366,3,7,3,1,1880,68,58,90,1
8.33,403,114,4,0,5,0,2730,99,49,76,2
9.54,383,167,1,1,1,1,606,12,79,85,1
6.61,152,495,1,3,4,3,1021,1,67,65,2
8.39,169,276,1,0,5,1,939,32,51,70,2
8.66,428,46,3,7,2,1,2083,3,44,60,1
7.68,240,258,2,4,5,3,59,55,8,72,1
8.8,286,413,4,3,2,3,2700,73,63,75,1
7.64,244,215,1,3,2,1,524,56,7,70,1
8.02,320,229,1,6,2,2,540,96,48,81,1
6.03,435,126,1,5,0,2,2781,1,54,95,2
8.77,79,322,3,5,1,4,2925,62,89,91,2
8.65,495,317,2,2,5,4,867,11,8,62,1
6.15,91,420,1,7,0,3,2845,15,11,86,2
7.47,148,224,1,1,5,0,2424,59,91,75,2
9.92,29,149,3,4,3,1,1152,98,68,96,1
7.68,122,286,4,0,5,3,2862,55,79,86,2
8.01,386,45,4,3,0,3,2241,72,18,94,1
9.64,481,459,2,3,0,3,2845,2,86,61,1
8.87,325,300,4,4,4,2,2566,91,7,77,1
8.33,426,13,1,3,2,0,2966,51,17,84,2
9.19,28,120,3,6,0,2,385,15,25,95,1
9.46,258,395,1,1,2,4,2637,82,42,78,2
7.83,185,374,1,0,1,3,1459,74,25,84,2
7.9,416,190,2,6,0,2,1260,45,78,98,1
7.54,74,474,4,4,4,3,2190,30,13,80,2
9.87,44,332,4,4,4,0,2383,0,6,97,1
8.79,68,343,4,7,3,1,767,54,88,99,1
6.33,497,165,1,5,0,2,1932,29,1,71,2
9.45,415,116,3,2,1,0,2473,84,47,88,1
7.92,366,430,3,0,2,1,708,78,69,66,1
6.28,209,123,1,4,5,3,1266,15,72,88,2
8.2,238,53,0,7,5,0,107,67,55,91,1
7.67,339,438,1,6,5,4,725,87,20,70,1
9.51,307,303,4,3,5,1,1922,39,74,96,1
6.82,191,456,1,7,0,1,2935,86,6,74,2
9.31,371,455,0,6,3,3,2036,16,95,85,1
8.23,102,356,1,5,4,4,597,98,39,61,1
6.22,240,270,4,7,5,2,446,25,26,88,1
9.89,252,198,2,0,0,0,1337,34,76,63,1
8.05,423,215,3,1,3,3,834,78,1,93,1
7.16,219,112,0,4,1,4,75,14,12,94,1
7.88,396,15,2,1,5,1,1701,26,3,69,2
9.43,473,215,3,4,2,1,2638,71,67,93,1
7.22,335,426,2,7,1,1,2479,14,25,83,2
6.77,216,134,1,7,1,4,1213,71,86,99,1
6.52,201,42,1,3,5,4,340,3,19,89,2
7.19,28,251,3,2,2,2,227,64,93,64,1
9.12,493,283,3,3,0,0,689,24,88,64,1
7.89,446,321,1,1,2,1,1478,98,56,69,2
6.91,485,97,1,7,3,2,2631,7,26,94,2
6.66,211,59,3,6,1,4,257,48,63,70,1
7.33,153,229,3,0,5,2,1805,16,19,76,2
9.76,479,383,3,6,2,1,1318,27,79,60,1
7.37,230,130,4,5,4,0,998,69,3,95,1
9.95,101,384,4,1,2,2,356,5,72,65,1
7.94,314,158,1,2,2,4,2177,54,70,89,2
6.72,176,311,4,4,3,3,897,0,46,94,1
9.56,180,470,0,7,5,3,1619,66,19,72,1
7.84,471,83,1,5,1,2,1526,51,40,60,1
8.84,414,207,0,7,3,4,2718,72,60,82,2
9.93,231,173,2,4,3,2,1485,78,95,72,1
6.2,11,287,0,1,4,2,1387,39,64,93,3
6.39,185,80,2,0,3,3,969,83,72,75,2
8.88,248,17,0,4,5,2,525,15,39,70,1
7.13,419,195,2,6,3,3,807,73,82,86,1
6.74,265,290,2,4,4,4,1556,77,39,88,2
6.16,389,359,1,5,0,4,985,15,99,60,1
6.09,134,355,3,2,3,4,2612,14,97,81,2
9.1,244,278,3,5,2,3,1906,40,53,100,1
6.54,30,462,1,2,3,1,409,89,97,84,2
7.87,346,396,2,6,1,1,2956,9,22,66,2
8.42,455,461,3,0,2,1,986,59,64,80,1
7.71,258,253,3,4,2,1,1464,11,35,85,1
6.11,103,141,0,3,0,4,1409,36,55,77,2
9.13,430,164,4,1,1,1,1608,13,86,92,1
6.04,381,4,1,5,1,2,484,24,63,83,1
9.05,468,250,4,7,1,3,2225,93,92,69,1
9.57,0,149,2,4,3,1,534,52,86,72,1
7.73,428,27,0,1,3,4,2418,29,46,90,2
8.14,437,236,3,5,2,1,2517,58,86,77,1
7.91,433,131,0,4,0,3,1621,62,41,70,2
7.56,206,305,1,2,3,0,1567,98,26,91,2
9.55,134,357,2,0,5,0,2945,78,90,80,2
9.58,446,284,0,3,5,4,1769,94,90,100,1
7.34,270,292,0,5,3,4,923,17,22,85,2
8.46,88,162,0,2,0,4,770,70,86,67,2
9.71,194,403,3,7,1,1,1401,66,84,76,1
9.85,413,418,2,0,2,3,2397,4,70,95,2
8.04,121,226,3,2,3,3,1002,88,84,81,1
7.81,461,467,0,5,0,3,1322,15,44,68,1
7.11,115,129,3,6,0,0,2440,78,83,64,2
9.84,195,371,3,1,1,3,1315,83,31,73,1
6.57,35,57,1,4,4,4,621,40,38,70,2
8.32,66,145,4,2,4,1,547,59,53,90,1
7.13,132,477,4,6,4,0,2951,85,43,66,2
7.12,280,361,1,6,4,1,1559,34,63,98,2
7.62,478,311,1,5,3,2,302,26,69,80,1
10.0,10,121,3,0,5,4,787,11,81,88,1
6.22,455,191,3,4,5,0,79,32,5,70,1
8.31,217,244,2,5,0,4,2632,23,7,97,2
6.33,321,476,4,6,5,1,609,25,65,72,1
6.62,155,102,3,1,5,3,483,97,39,99,1
7.76,239,378,2,1,2,2,1768,12,62,84,2
8.04,59,435,4,3,5,4,1458,91,83,95,1
7.04,137,249,2,4,5,2,415,19,41,96,1
7.27,49,21,2,1,5,1,1735,71,76,89,2
6.35,166,476,1,2,3,4,2900,49,71,87,3
7.21,164,59,0,1,4,3,2687,79,89,63,3
9.87,318,237,0,1,2,2,934,33,61,100,1
9.78,188,393,0,1,2,0,313,95,73,79,1
7.34,486,339,2,6,5,1,2824,29,72,71,2
8.28,468,383,3,3,5,4,2660,98,91,72,1
9.64,91,335,0,5,4,0,503,15,6,85,1
6.02,293,133,3,0,2,3,2574,47,0,97,2
9.24,375,336,4,5,3,3,1374,8,96,95,1
9.79,288,261,0,7,1,2,1203,53,42,82,1
6.37,74,341,2,1,3,1,2569,30,12,79,2
6.65,44,337,1,0,3,4,716,18,97,62,2
9.84,427,479,2,7,1,0,2242,33,10,70,1
8.15,384,411,3,4,4,4,2598,61,92,89,1
6.06,52,41,4,0,4,0,1557,79,90,69,2
7.03,174,73,2,4,1,1,1693,87,34,72,2
7.8,160,296,1,7,5,3,596,15,37,69,1
8.77,66,318,1,3,3,3,896,78,88,90,2
8.93,473,21,4,4,0,4,1202,30,44,96,1
9.98,398,219,0,4,2,4,2752,51,50,84,2
7.15,360,78,2,2,2,2,1408,55,14,88,2
8.15,269,234,2,3,2,0,2825,70,58,80,2
8.13,406,156,1,1,0,2,271,43,65,74,1
7.62,123,326,3,3,3,0,2997,14,13,70,2
6.68,181,113,2,2,4,1,737,65,13,93,2
9.91,375,289,1,6,5,4,2229,85,40,70,1
9.41,391,95,3,4,1,0,259,23,23,67,1
7.99,181,129,0,7,2,3,1879,88,4,93,2
8.41,35,409,0,5,5,1,2070,60,33,100,2
6.91,211,108,1,3,0,3,2343,11,31,85,2
8.18,383,74,1,2,5,1,1997,13,91,80,2
8.78,435,472,0,5,1,0,524,33,45,83,1
8.06,133,274,1,1,3,3,2594,19,76,91,2
9.96,352,380,4,4,0,0,1325,62,15,77,1
8.45,411,19,2,3,5,2,1377,77,84,85,1
7.48,177,160,4,3,0,1,1787,81,21,100,1
9.09,165,208,3,7,1,4,867,34,86,75,1
6.68,413,371,1,5,1,3,807,62,31,100,1
7.54,493,93,1,6,2,0,259,80,75,96,1
7.39,490,81,3,6,3,3,1199,47,40,79,1
7.73,336,351,2,4,1,0,524,44,21,74,1
9.13,328,103,0,6,2,2,1579,86,52,63,1
7.94,475,236,4,3,5,4,333,85,22,99,1
9.18,437,259,2,4,2,3,707,48,34,75,1
8.31,326,159,0,6,1,3,1810,30,88,71,2
7.37,45,402,0,2,0,0,1647,28,42,94,2
9.24,155,386,1,4,5,0,90,24,61,85,1
6.95,400,485,3,1,0,3,2826,95,44,68,2
6.9,487,347,1,4,0,2,1524,94,93,75,2
8.02,431,60,3,5,2,3,1284,5,56,74,1
7.04,427,37,1,3,0,1,268,36,93,79,1
6.04,235,117,4,5,3,1,2101,16,66,62,1
8.59,315,389,1,4,0,3,272,30,54,64,1
8.04,59,311,4,7,5,2,145,57,30,99,1
7.78,4,167,2,4,5,0,2911,20,99,98,2
9.87,452,376,2,4,0,0,2458,1,53,72,1
8.28,461,336,1,1,2,3,1794,6,35,88,2
9.45,453,361,2,5,5,4,29,90,34,66,1
6.56,390,375,0,1,4,0,1520,21,13,67,2
8.28,180,68,4,3,3,1,1711,3,21,86,1
9.47,144,82,3,5,2,1,907,90,14,68,1
8.33,314,234,4,3,3,4,1381,44,86,91,1
8.87,264,41,1,4,3,4,674,95,71,95,1
7.49,222,98,2,0,0,1,502,84,49,95,1
6.37,405,469,2,5,3,3,1255,98,23,97,1
7.83,300,471,0,2,0,3,1565,72,41,98,2
7.58,456,457,2,4,3,3,993,91,39,70,1
9.47,442,129,1,6,5,1,121,9,48,95,1
6.98,335,27,1,6,4,4,2225,86,96,66,2
9.87,483,232,3,2,3,2,347,23,70,98,1
9.83,481,228,4,1,1,1,2192,56,99,80,1
6.99,236,116,4,3,0,1,337,3,8,74,1
7.39,12,400,4,0,4,0,2958,80,97,83,2
9.58,338,325,3,6,0,3,931,47,42,100,1
9.87,267,106,3,3,4,0,2100,87,61,82,1
7.77,419,378,3,1,0,1,2585,57,19,68,2
7.28,265,324,0,4,1,1,2792,0,18,71,2
8.1,15,294,3,7,5,1,236,100,95,67,1
8.75,91,390,2,1,1,2,2429,65,20,81,2
7.09,247,159,0,0,4,0,491,39,89,93,2
8.95,18,3,2,4,2,4,2491,47,8,79,2
6.21,359,148,4,5,0,3,460,52,99,91,1
6.2,389,233,1,6,2,3,1775,5,60,72,2
7.55,387,253,4,4,3,2,2933,13,33,98,1
7.41,413,415,3,0,1,0,938,61,69,79,1
7.26,102,247,1,6,0,3,1968,35,32,67,2
7.96,94,337,4,3,1,1,1777,20,78,65,1
7.28,429,352,0,4,3,0,2166,24,81,94,2
6.77,282,397,3,3,5,3,429,53,86,92,1
7.24,428,69,4,2,4,0,72,71,58,84,1
9.9,212,202,1,0,0,2,2807,26,70,73,2
7.64,36,301,2,2,0,4,2632,77,13,92,2
7.78,392,147,4,4,0,4,2333,3,77,99,1
8.31,60,220,0,0,4,0,1539,7,52,75,2
9.93,290,185,1,4,1,2,1813,90,53,97,1
6.97,361,354,4,6,4,3,927,82,83,100,1
8.73,302,335,2,0,5,1,2271,93,97,97,2
8.86,243,47,3,3,1,0,977,91,93,62,1
8.43,404,262,3,1,5,0,1712,90,43,97,1
6.35,400,295,3,5,0,3,1888,60,28,69,1
8.71,310,314,1,1,4,1,1304,36,6,92,2
6.26,343,291,2,7,5,1,234,43,93,75,1
8.38,350,171,2,0,3,3,2714,2,93,90,2
8.96,5,363,4,6,4,0,2050,48,45,84,1
6.84,376,30,3,2,1,3,1569,27,89,73,1
9.37,418,169,1,0,0,4,34,82,68,67,1
6.12,305,43,3,3,1,3,2906,90,88,68,2
9.38,164,426,3,5,2,2,2086,86,93,72,1
7.84,12,42,4,7,0,0,2175,82,33,73,1
6.87,24,430,4,7,3,2,1742,56,45,74,1
6.54,223,133,4,2,3,0,148,12,18,64,1
9.81,122,348,0,0,2,0,2004,93,29,98,2
6.29,128,218,0,6,1,4,2209,40,7,72,2
6.8,304,490,1,5,3,3,634,71,85,62,1
7.39,121,449,1,5,1,3,496,28,93,92,1
8.48,34,85,4,6,0,4,2108,42,17,78,1
8.18,82,250,2,0,4,4,450,49,86,90,1
6.5,308,264,1,4,0,1,750,49,59,91,1
7.16,435,10,0,3,1,2,701,46,87,61,1
6.96,181,79,0,3,5,0,691,69,43,75,2
6.85,75,108,3,6,2,1,1744,55,51,64,2
7.64,103,460,4,1,5,3,1161,16,79,97,1
8.82,231,117,2,4,0,1,2315,28,7,89,2
6.87,302,251,4,6,3,3,1173,55,12,77,1
7.47,42,17,0,2,0,4,2764,51,41,95,3
7.56,403,255,2,5,0,0,2842,47,77,100,2
9.91,416,244,1,7,0,0,1171,1,19,97,1
9.82,92,152,3,1,2,0,2543,32,95,87,2
9.2,143,96,0,7,1,4,2833,58,34,92,2
6.97,253,499,3,3,2,3,684,38,71,61,1
6.27,77,457,4,0,3,4,1213,54,65,61,2
7.27,262,185,2,4,1,0,2177,34,99,91,2
7.07,69,29,4,3,3,0,2288,30,86,71,2
8.02,148,114,3,3,1,0,2426,75,48,98,2
9.11,291,240,0,4,1,3,1224,30,65,65,1
9.43,213,256,3,3,5,3,2490,25,91,74,1
9.38,359,446,0,7,0,1,2398,95,68,91,2
7.44,309,352,3,7,0,1,2169,48,88,74,1
8.75,146,112,4,1,2,2,1651,59,0,69,1
7.25,24,334,3,6,1,3,2089,49,50,74,2
6.24,322,28,1,7,3,4,152,59,85,92,1
8.81,483,321,4,4,0,3,171,2,70,98,1
6.04,108,458,3,3,5,1,2385,19,53,94,2
7.64,180,436,3,3,3,0,2142,55,86,71,2
7.32,250,225,2,4,5,1,1001,46,87,96,1
8.77,481,243,4,0,0,1,1801,1,25,94,1
9.06,202,360,2,7,1,1,1474,62,77,63,1
7.22,303,18,4,2,3,2,1242,76,94,69,1
9.25,169,321,0,4,2,2,2046,92,90,79,2
7.18,174,111,4,0,2,2,1184,62,21,90,1
7.79,346,211,4,5,2,4,1243,50,48,90,1
8.91,169,232,3,3,0,2,2473,69,45,90,2
8.77,1,435,1,1,0,4,1035,41,99,79,2
9.95,133,158,4,5,2,3,2164,7,16,68,1
6.9,126,59,2,6,3,3,741,25,93,72,1
8.65,45,372,1,3,0,2,2258,53,59,96,2
8.44,193,323,4,3,2,3,2825,73,84,100,2
9.66,361,92,1,5,0,3,514,37,7,83,1
6.63,208,247,0,0,4,0,1617,55,60,84,2
9.01,295,157,1,4,3,2,971,64,60,89,1
8.27,57,140,0,7,1,2,2700,65,1,83,2
7.1,495,398,1,2,3,1,1708,42,47,68,2
7.9,77,403,1,2,1,1,2474,63,45,88,2
7.34,201,417,2,7,2,3,867,34,60,69,1
8.32,492,219,2,4,0,1,1395,64,5,73,1
9.56,288,403,3,6,2,0,1496,67,12,81,1
8.28,489,305,1,7,5,2,2206,2,28,71,1
8.53,61,88,0,7,1,0,2100,87,62,67,2
8.07,267,154,1,4,4,2,1489,54,98,62,2
6.2,125,413,4,1,1,4,2596,80,93,85,2
6.93,479,439,0,4,0,2,582,26,45,79,1
7.97,48,232,4,6,4,0,1824,24,33,76,1
7.24,87,467,3,1,0,3,738,58,83,90,1
6.73,333,192,4,4,4,1,2860,83,14,72,2
8.02,260,98,3,6,0,1,400,38,73,91,1
7.29,178,438,3,6,1,0,1681,53,23,65,1
7.03,68,112,3,1,1,1,672,50,81,91,1
7.86,366,106,4,4,1,3,14,29,2,91,1
6.53,415,23,3,4,1,1,1434,69,27,91,1
9.71,492,280,3,2,4,4,640,70,49,60,1
9.47,432,487,2,3,3,2,2777,26,75,100,2
8.83,480,436,1,3,3,4,2828,4,96,70,2
6.42,59,203,3,1,2,2,2704,25,15,71,2
9.1,301,10,0,0,3,4,497,35,48,80,1
9.23,451,349,0,7,2,1,1844,10,41,80,1
9.07,248,315,2,5,1,1,536,55,2,69,1
6.46,477,204,4,2,0,3,1579,22,32,68,1
8.58,168,430,4,7,3,4,1659,2,87,71,1
9.34,464,408,4,4,3,2,623,78,0,91,1
8.31,450,499,3,2,1,2,1313,57,50,80,1
8.59,268,24,4,0,1,1,1521,43,77,77,1
7.83,363,400,4,2,3,1,1545,88,8,100,1
8.11,111,139,1,0,1,1,2289,79,98,98,2
6.14,99,122,3,5,3,4,35,95,15,64,1
8.56,401,498,3,0,0,2,2568,25,72,64,2
6.33,214,435,0,0,5,4,145,68,75,66,2
7.74,482,10,0,6,0,2,2640,9,30,73,2
7.17,112,265,1,0,2,2,475,74,48,100,2
8.18,96,80,2,0,3,3,334,96,5,81,1
6.53,306,443,3,4,5,1,438,91,29,92,1
8.77,117,309,0,2,0,4,881,56,44,94,2
9.18,35,108,4,3,5,4,2631,79,99,88,2
6.65,336,207,3,3,0,1,2507,43,88,74,2
6.42,358,318,3,7,4,4,1233,1,28,90,1
6.58,289,243,3,4,5,3,2637,28,51,87,2
9.51,395,275,0,1,0,4,371,1,28,77,1
8.11,388,496,1,5,2,2,81,85,85,67,1
7.87,303,260,0,6,0,1,2296,74,67,92,2
6.43,359,296,4,7,1,1,2500,34,72,74,1
8.6,346,373,4,0,4,3,720,95,84,66,1
9.47,123,62,2,2,3,4,2207,100,10,94,2
9.31,39,183,0,0,2,2,1365,63,76,95,2
8.5,140,31,0,6,5,0,2017,4,19,99,2
6.3,25,282,2,7,5,2,1165,90,73,96,2
6.45,141,323,2,0,0,2,2813,50,56,72,3
6.2,351,360,3,7,3,4,2698,75,86,100,2
7.03,394,431,3,3,0,0,417,7,95,100,1
6.54,421,6,4,0,4,3,911,2,87,70,1
7.04,335,173,1,7,3,4,1147,95,43,95,1
7.54,56,461,4,6,1,1,1387,21,10,82,1
9.77,149,358,0,2,5,0,2555,62,32,82,2
8.44,366,471,1,2,1,1,512,27,90,95,1
9.34,399,367,3,3,5,0,1571,89,58,63,1
8.84,204,145,2,4,3,1,2870,44,86,93,2
6.45,75,251,2,3,1,4,917,20,67,66,2
8.94,465,165,4,3,2,0,1182,74,48,96,1
7.1,284,102,0,6,5,3,1710,26,14,79,2
8.56,209,498,0,0,4,4,1771,6,2,94,2
7.36,493,487,2,1,2,0,1517,72,66,88,1
9.99,385,192,4,5,3,1,1223,46,88,92,1
7.05,437,16,4,4,2,2,2225,47,85,95,1
7.12,257,89,3,4,5,0,2968,97,10,66,2
9.72,258,370,3,6,4,4,2256,42,74,91,1
6.1,476,85,3,4,4,1,134,25,54,64,1
8.79,183,102,1,0,5,4,1922,69,7,74,2
8.9,327,81,4,7,3,1,1913,75,36,98,1
9.35,10,125,4,3,5,4,2563,36,27,61,2
9.9,459,37,3,5,2,0,309,49,19,99,1
9.9,159,347,2,6,5,0,522,43,21,95,1
6.26,259,212,3,6,4,0,536,0,57,60,1
9.29,392,318,1,0,3,1,417,34,45,75,1
8.59,87,485,2,2,5,3,1364,67,74,65,2
8.59,368,224,4,1,4,4,2037,39,22,67,1
6.51,183,221,1,7,5,3,2326,49,97,75,2
8.6,15,425,1,1,0,3,2877,71,33,99,3
9.93,464,246,2,5,0,3,2528,65,49,71,1
9.65,494,135,3,0,4,2,1246,11,46,65,1
7.76,243,285,3,3,3,4,1859,71,87,96,1
6.16,85,230,0,4,0,2,1284,40,48,61,2
7.45,198,319,2,5,4,4,1203,59,2,99,1
9.31,9,8,3,5,5,2,1540,30,29,70,1
8.81,476,224,1,2,1,4,807,84,22,70,1
7.84,163,312,3,2,5,0,1055,94,64,69,1
6.22,23,106,3,6,2,3,1465,31,17,93,2
7.71,63,186,1,6,4,1,201,19,100,70,1
7.88,311,220,2,5,0,3,2078,82,51,93,1
9.71,237,94,0,6,4,4,1269,46,66,70,1
8.56,461,194,3,7,5,1,861,93,87,94,1
7.25,461,241,3,1,3,3,1014,72,24,67,1
8.1,344,229,3,5,0,4,2548,83,1,69,1
6.26,237,330,2,3,3,3,611,17,57,91,1
9.89,21,4,1,4,3,4,25,76,85,90,1
7.44,179,350,1,6,5,2,1188,59,72,63,1
7.91,305,467,1,1,3,2,2443,29,53,62,2
7.42,46,3,1,3,4,0,474,28,15,89,2
8.73,278,263,1,4,0,1,2666,51,62,70,2
8.65,223,425,1,0,3,2,2350,50,42,93,2
8.86,217,252,3,3,1,4,857,29,43,62,1
7.07,498,162,3,5,2,3,2837,68,15,80,2
7.26,474,140,1,5,4,0,497,67,78,100,1
6.5,236,496,1,2,1,3,386,49,6,70,2
8.62,203,388,2,6,0,3,2250,58,26,70,1
6.16,338,295,2,3,2,1,1831,30,17,83,2
8.39,18,18,4,3,3,3,99,41,6,94,1
9.48,179,81,3,5,1,1,2465,32,85,99,1
9.56,161,480,1,5,1,4,745,64,61,72,1
7.8,479,380,3,7,3,3,1412,18,60,84,1
7.84,284,3,4,3,5,3,453,14,61,64,1
6.31,60,127,2,4,5,3,465,65,61,69,1
8.68,84,186,4,4,3,4,1933,67,12,97,1
9.29,34,145,0,0,1,2,2625,2,58,93,3
6.98,489,493,2,0,0,2,2221,86,82,63,2
7.69,4,151,3,4,4,4,1191,59,25,84,1
9.36,75,362,2,7,0,0,2647,42,16,94,2
9.51,252,92,4,6,0,0,1897,52,16,81,1
6.97,6,30,1,7,4,1,2037,69,15,82,2
8.2,168,313,4,4,0,4,2802,93,56,83,2
6.77,129,27,4,7,2,0,1524,22,12,69,1
6.41,472,136,1,1,3,1,2997,48,68,62,2
9.64,137,428,3,3,1,3,1165,14,97,70,1
9.28,357,89,3,3,4,3,897,46,18,93,1
9.04,299,48,2,2,0,0,610,80,92,75,1
6.2,325,366,4,4,1,1,157,8,92,85,1
9.37,90,257,2,4,5,1,829,65,90,78,1
7.75,162,5,1,7,2,2,1375,49,75,87,1
7.37,317,28,0,7,0,0,584,52,53,97,1
8.19,457,409,3,0,0,2,2434,92,68,80,2
6.37,252,155,1,5,0,4,1848,41,60,76,2
9.03,200,262,3,0,2,1,737,45,93,76,1
8.33,19,33,2,5,3,2,1886,94,48,67,2
6.75,228,439,0,3,1,1,633,95,28,82,2
6.75,162,236,4,3,0,4,411,57,58,86,1
6.74,164,137,3,5,5,2,1497,0,22,85,1
6.23,231,367,4,4,0,4,2470,93,60,78,2
8.35,327,488,2,3,2,1,1505,91,0,93,1
9.36,237,487,3,4,2,1,436,89,68,74,1
6.07,119,56,2,7,1,3,1360,81,47,63,2
6.2,437,174,4,6,1,1,2811,0,3,60,1
8.29,350,213,2,2,5,3,160,40,10,87,1
9.28,382,26,2,2,0,4,472,47,42,99,1
7.31,368,294,2,1,5,0,2882,82,13,69,2
7.4,106,405,1,0,5,4,2196,98,31,87,2
8.39,249,118,1,6,5,3,57,32,99,95,1
7.1,335,146,3,1,0,0,1511,71,55,77,1
6.11,283,355,2,2,0,3,512,90,76,99,1
8.94,197,264,2,3,0,1,2736,100,95,62,2
8.5,415,402,2,6,0,3,2259,41,49,75,1
8.32,219,257,1,0,5,0,647,7,61,87,2
8.97,394,347,4,0,2,3,2115,57,8,60,1
8.7,425,188,2,1,3,2,2866,95,30,74,2
6.82,150,314,0,0,1,2,2812,82,50,71,3
7.41,285,230,3,2,2,4,2850,29,49,91,2
6.5,264,469,1,7,4,4,105,59,80,84,1
6.52,219,498,4,3,4,0,2903,99,76,75,2
8.7,215,197,0,1,4,3,1387,9,29,95,2
9.43,314,238,2,3,1,1,2371,63,25,98,2
9.85,155,326,1,5,0,0,600,35,10,96,1
8.51,215,69,2,1,4,0,1186,15,2,80,1
6.74,334,416,3,5,4,0,627,2,53,69,1
6.42,358,251,1,4,3,4,1323,85,82,71,2
9.25,113,461,0,6,2,0,1548,85,21,73,2
8.32,160,192,4,0,5,3,32,84,48,86,1
8.47,302,24,4,7,1,0,1393,93,54,77,1
9.13,97,69,3,4,1,1,1378,26,85,93,1
8.81,405,155,4,5,3,0,2647,65,62,70,1
9.34,156,145,4,0,4,4,2359,71,95,74,2
6.22,161,318,3,4,5,4,449,42,70,64,1
8.99,41,218,0,3,5,1,1809,22,63,96,2
9.4,179,48,1,2,3,0,359,38,87,98,1
7.14,302,378,1,1,0,0,2917,37,72,93,2
8.56,329,379,3,0,4,0,2920,35,46,84,2
7.26,50,193,2,7,5,4,2240,13,88,92,2
9.83,251,39,3,7,1,0,476,94,85,92,1
6.13,428,84,3,1,5,4,138,56,23,74,1
8.32,349,342,3,7,2,4,1892,46,43,60,1
6.67,119,449,3,2,3,3,1966,50,6,97,2
8.85,74,335,4,7,5,2,2559,18,52,66,1
6.7,161,3,4,4,5,4,474,29,22,71,1
6.94,148,289,0,6,5,2,497,15,64,63,2
7.98,122,246,3,6,3,3,110,75,36,85,1
9.66,140,4,1,3,1,2,802,63,99,69,1
6.85,181,496,2,5,5,2,910,59,68,67,1
6.58,408,225,4,1,5,1,1498,87,22,84,1
9.04,377,149,1,5,4,1,1381,41,41,91,1
8.0,276,237,4,4,4,2,1503,37,84,97,1
9.65,256,147,0,7,4,4,2031,60,14,86,2
6.59,441,102,2,5,5,0,1318,95,65,75,1
8.58,324,174,4,0,5,0,2608,49,84,87,2
6.93,244,497,2,6,5,3,28,18,17,81,1
6.63,85,460,2,1,2,4,376,39,39,62,2
8.73,70,235,1,6,2,2,937,46,17,97,1
8.37,268,33,4,1,4,1,1260,61,17,96,1
9.02,492,171,2,7,2,0,488,68,78,77,1
7.24,179,5,3,6,3,2,1402,45,58,73,1
7.79,278,439,2,7,5,0,2636,62,74,90,2
7.62,148,284,2,0,4,1,2011,46,75,87,2
9.94,5,224,4,2,2,1,2024,1,64,64,1
7.17,147,52,3,4,5,4,225,50,98,67,1
7.18,331,256,2,5,5,2,1477,95,31,77,1
7.42,167,494,4,5,3,2,52,90,62,82,1
8.26,8,58,4,1,3,3,1384,1,9,91,1
7.01,177,431,2,4,2,3,2859,36,11,95,2
9.66,283,245,0,5,4,1,732,36,86,71,1
7.06,394,6,0,3,4,4,2298,56,90,83,2
9.58,115,213,1,4,2,2,2008,21,0,62,2
6.41,95,415,0,4,2,4,1748,97,96,81,2
8.63,330,77,0,6,0,1,2472,63,18,61,2
9.63,343,188,4,5,3,1,2090,90,22,83,1
6.67,55,440,4,6,4,3,1445,80,10,67,1
9.87,206,306,2,0,1,3,980,38,48,96,1
7.81,104,215,2,6,3,2,1431,86,67,60,1
9.78,34,402,4,7,5,4,323,73,66,96,1
8.71,208,282,2,5,4,1,325,21,74,63,1
7.21,280,318,4,4,5,3,2383,14,47,67,1
6.75,368,443,0,6,0,4,622,60,8,84,1
7.21,354,60,2,5,3,1,117,59,23,91,1
6.37,146,60,0,7,3,4,581,49,38,75,2
6.58,488,214,1,5,5,0,2146,60,8,90,2
6.42,286,381,2,2,4,0,2298,61,14,64,2
7.69,80,44,4,7,1,3,1511,39,0,72,1
9.18,49,404,4,4,2,0,891,35,74,67,1
6.57,86,171,1,3,1,1,186,38,22,70,2
6.52,190,220,4,5,5,3,1767,15,8,62,1
8.57,302,384,0,4,0,4,1838,55,5,92,2
6.79,0,94,4,5,3,2,431,27,11,63,1
6.39,380,346,1,0,5,0,1809,34,53,81,2
6.67,441,43,3,3,5,0,1417,31,14,93,1
9.69,137,227,3,0,4,3,836,51,2,98,1
9.29,135,61,0,5,3,1,2782,46,0,94,2
7.42,361,316,3,2,2,0,1776,87,12,76,1
8.62,380,218,4,6,1,4,1310,62,96,91,1
8.15,153,334,1,2,1,1,1887,20,74,85,2
8.71,161,88,0,0,0,0,193,82,61,74,2
8.73,18,111,3,6,4,0,1435,31,79,91,1
8.51,461,206,4,2,2,4,2242,33,2,63,1
7.06,327,487,4,5,5,0,1064,51,15,89,1
6.16,242,466,2,7,2,1,317,81,31,78,1
7.82,128,366,2,0,4,2,377,10,89,76,1
9.56,175,305,1,6,0,2,2345,74,27,76,2
8.28,408,202,0,1,5,0,1624,81,90,71,2
9.33,279,296,3,4,2,3,2516,0,80,74,1
9.97,430,32,3,1,0,1,1194,39,47,88,1
6.65,83,488,4,7,4,2,190,0,47,70,1
8.77,375,214,3,2,4,3,1143,23,26,86,1
8.7,221,11,1,0,4,2,2640,40,11,73,2
9.92,324,1,2,0,2,3,2665,85,34,74,2
9.94,450,362,4,6,4,0,2598,70,18,72,1
8.75,415,148,0,5,2,3,2225,80,96,93,2
6.97,144,141,4,7,0,0,1770,48,16,64,1
9.19,444,289,3,0,3,3,747,11,8,65,1
6.43,105,206,1,0,0,3,1769,64,45,88,2
9.12,324,340,0,7,2,3,2962,66,11,92,2
9.64,10,191,4,4,1,1,2782,93,32,83,2
7.53,165,406,3,3,1,2,485,86,78,88,1
8.52,195,340,4,6,5,3,1381,58,28,92,1
7.72,230,305,0,7,3,0,651,71,12,61,1
7.75,146,397,3,7,4,3,2052,16,66,93,1
7.24,358,468,2,1,0,1,2405,5,98,89,2
9.05,237,251,0,7,0,1,2109,59,57,77,2
9.74,496,203,2,2,2,1,124,55,84,81,1
9.76,470,361,2,0,5,3,1907,11,98,62,1
6.7,400,45,3,1,3,3,1841,20,98,75,2
9.5,12,373,4,3,4,3,623,74,99,69,1
8.95,218,494,4,1,3,2,1308,65,94,74,1
7.01,256,260,1,2,1,3,1242,19,76,71,2
6.27,1,65,0,6,5,4,193,63,95,71,2
7.07,209,149,0,0,3,1,1798,19,62,98,2
9.65,483,69,3,6,4,3,2977,94,81,74,1
8.53,364,363,3,6,5,2,2479,35,17,86,1
8.88,224,1,1,7,4,0,2200,61,9,79,2
7.03,483,28,1,2,0,1,1058,23,79,66,1
8.88,193,255,2,6,0,3,2120,85,86,85,1
6.11,195,60,1,6,4,3,16,8,30,86,1
7.5,399,99,4,0,0,0,1104,57,52,73,1
8.51,259,383,2,7,0,2,1296,48,97,72,1
6.58,56,454,1,3,0,4,2932,80,43,73,3
9.29,456,143,4,5,4,0,2931,97,28,79,1
6.94,112,191,4,2,0,2,1506,52,48,91,1
8.61,212,352,2,1,1,2,1166,10,79,98,1
7.62,278,352,2,5,5,3,634,5,56,61,1
8.38,243,269,4,6,4,3,1851,58,93,75,1
6.43,379,298,3,3,3,1,2750,50,88,77,2
6.07,116,459,2,2,5,3,2778,48,100,92,3
9.64,385,426,0,5,2,3,2498,86,36,92,2
7.08,450,325,3,0,5,2,2451,46,47,88,2
9.28,86,310,0,5,2,3,962,44,82,84,1
10.0,409,203,1,3,1,3,2265,48,95,91,1
6.85,380,244,2,0,4,3,1457,39,100,69,2
7.06,366,30,2,5,3,4,2944,89,58,72,2
8.65,262,331,4,6,4,4,1329,8,11,62,1
9.86,483,457,2,7,3,1,1267,7,14,82,1
9.66,299,423,0,4,3,0,721,48,55,85,1
8.01,416,410,3,7,4,2,2590,51,78,64,1
9.18,112,51,1,1,5,1,1996,25,83,76,2
6.54,447,383,3,7,0,2,1593,11,59,88,1
9.91,163,242,0,0,2,0,2133,96,69,91,2
9.86,3,262,1,2,0,0,1316,63,18,99,2
6.65,117,173,4,4,2,1,2728,70,52,93,2
7.2,22,99,2,3,0,4,796,79,28,98,2
6.4,408,416,2,2,4,4,97,25,61,90,1
7.09,232,474,4,6,4,4,686,88,26,71,1
9.26,89,391,0,3,3,3,457,34,98,97,1
7.51,475,388,4,4,1,3,1234,92,96,80,1
6.35,254,60,0,6,4,1,2776,49,82,81,2
7.37,91,455,1,2,2,3,544,91,39,89,2
9.93,468,359,3,7,3,2,87,15,35,79,1
8.52,457,187,3,6,2,1,2490,82,68,81,1
7.66,154,468,4,0,0,1,1356,39,19,61,1
6.67,306,407,2,6,1,0,2786,5,97,66,2
9.94,114,6,4,5,4,0,2042,90,47,97,1
9.28,206,188,2,2,0,1,1690,66,70,92,1
7.13,80,82,4,1,3,4,1350,97,97,87,2
6.28,102,350,4,0,2,0,1221,16,54,87,2
6.23,482,419,3,1,5,3,2135,31,57,65,2
6.48,452,282,2,2,1,1,2226,23,91,90,2
8.32,79,123,3,2,4,2,878,98,38,95,1
9.72,406,156,2,3,2,1,1615,34,85,69,1
7.99,102,86,1,7,4,2,1568,95,40,78,2
9.37,239,147,1,2,4,0,186,52,49,65,1
7.78,264,69,1,6,2,4,576,14,58,93,1
8.83,32,459,0,6,4,2,333,36,55,67,1
8.93,34,369,3,6,3,4,2943,24,52,65,2
6.7,248,75,3,0,1,2,233,84,62,100,1
7.44,487,113,1,6,0,4,156,77,40,84,1
8.55,49,2,4,1,1,2,1395,22,29,74,1
6.28,279,233,3,7,0,1,2913,54,54,81,2
7.45,471,166,2,5,3,1,1992,6,84,63,1
8.14,241,98,3,5,1,0,2935,4,60,68,2
9.98,151,123,3,4,3,1,295,77,39,81,1
7.9,146,466,2,1,2,3,2528,82,72,77,2
9.26,38,44,1,5,0,0,2768,70,35,83,2
7.73,188,381,1,5,2,1,813,71,12,94,1
9.19,24,323,2,3,2,1,141,67,45,62,1
8.38,243,286,3,4,1,3,1940,5,96,77,1
9.55,222,105,3,5,4,4,915,100,89,84,1
7.64,229,293,1,5,4,1,2251,9,0,79,2
8.42,152,480,0,4,3,2,859,49,59,98,2
8.52,410,133,1,2,1,4,720,13,1,84,1
7.67,287,7,2,5,2,2,1929,12,35,72,2
6.58,394,27,0,3,5,4,333,70,44,73,1
6.37,452,270,0,3,3,2,147,20,93,89,1
6.07,107,222,2,2,2,1,2014,96,79,99,2
9.49,32,7,4,5,3,2,1335,10,8,87,1
6.95,402,309,1,0,5,1,2811,5,14,89,2
6.85,362,133,3,2,0,3,1898,35,38,92,2
8.94,110,28,1,3,3,2,2087,74,54,77,2
7.28,120,114,2,7,3,0,1681,54,58,87,2
8.02,15,493,3,4,2,0,958,33,85,96,1
6.65,226,33,4,6,4,2,2876,93,78,68,2
9.84,10,6,2,0,2,1,2858,72,3,73,2
9.41,202,39,1,6,1,4,898,70,15,64,1
9.46,201,329,0,6,2,3,2098,45,10,94,2
7.63,97,396,2,6,5,2,67,36,95,66,1
9.05,115,61,2,5,4,3,1940,59,21,60,1
6.58,452,85,1,3,1,1,1025,17,64,94,1
6.03,470,212,4,7,5,0,2181,48,53,97,1
6.08,438,115,1,3,4,1,2430,92,89,61,2
8.35,280,64,1,6,1,1,2983,84,2,63,2
7.82,348,296,4,2,2,2,1623,13,95,69,1
8.07,231,378,4,1,4,3,2706,15,96,94,2
6.03,460,169,2,3,5,4,1023,25,96,93,1
7.69,110,115,0,7,5,3,68,94,65,98,1
8.87,351,321,1,1,4,4,873,50,85,91,1
7.77,417,115,0,7,5,0,97,74,56,80,1
8.93,11,220,4,0,5,3,474,95,11,80,1
6.93,471,394,4,4,0,4,2838,89,65,82,1
9.25,487,356,1,1,0,3,2846,62,100,95,2
8.35,20,49,2,7,3,1,2817,32,7,74,2
6.84,126,326,1,1,0,0,2118,59,80,60,2
6.95,284,418,2,1,4,3,593,36,3,88,1
8.51,434,477,3,1,3,1,2783,10,43,89,2
9.32,120,335,2,7,2,1,2032,19,64,78,1
7.66,123,78,1,1,3,0,1331,76,5,92,2
7.03,406,487,1,7,5,3,836,33,61,83,1
9.47,32,19,2,0,1,2,586,59,39,65,1
8.68,391,411,0,5,3,2,2357,96,85,69,2
7.79,169,378,2,5,0,2,2407,57,34,77,2
7.95,76,36,3,3,2,1,2850,42,49,66,2
6.82,452,258,3,4,1,3,214,67,39,69,1
8.51,296,92,0,7,3,4,1524,53,10,87,1
7.43,329,186,3,6,2,3,854,71,65,98,1
9.98,62,356,1,3,0,0,135,59,17,93,1
7.92,269,200,0,0,2,4,2087,10,72,93,2
7.94,215,410,0,0,2,0,805,65,69,86,2
8.26,189,287,0,1,1,3,2111,21,33,62,2
9.67,74,47,2,7,4,0,2319,3,11,66,1
9.2,173,252,2,7,0,1,723,41,20,74,1
7.8,66,45,0,6,1,2,384,88,59,98,1
8.87,92,369,3,0,1,3,613,51,89,94,1
8.34,52,230,1,7,1,4,702,43,9,60,1
7.97,495,94,1,6,4,4,626,14,15,73,1
6.77,435,302,2,7,4,0,1348,75,78,100,1
7.86,93,217,4,0,3,2,1817,96,22,85,2
6.98,112,39,0,1,3,3,156,31,20,81,2
9.66,228,386,4,7,0,1,2289,69,60,79,1
7.34,249,202,1,0,5,0,492,0,42,95,2
9.81,390,115,2,0,0,3,722,19,15,95,1
8.13,208,412,2,0,4,3,752,68,57,94,1
8.53,467,90,2,2,4,2,1016,36,10,75,1
8.17,181,57,2,6,4,4,291,50,83,65,1
6.52,266,433,2,5,1,2,1875,1,20,81,2
7.5,491,494,0,3,4,0,2004,77,15,66,2
6.4,280,9,4,2,1,0,167,16,74,90,1
8.49,442,255,1,6,1,2,1339,49,32,76,1
7.79,471,316,1,6,0,3,2113,81,85,75,1
9.11,449,248,2,3,2,4,1391,16,88,99,1
6.88,154,482,2,1,3,0,2689,30,32,73,2
6.66,82,366,2,1,3,2,120,55,100,68,2
7.63,185,376,3,5,0,0,2793,30,97,75,2
9.71,348,316,1,3,0,4,813,35,14,67,1
8.84,484,406,2,3,4,1,2067,18,64,86,1
7.68,138,5,4,5,4,1,688,60,3,73,1
8.07,54,330,3,4,4,3,1457,31,80,61,1
6.34,18,187,0,3,1,3,2249,80,91,99,3
9.94,347,234,3,3,1,1,2830,87,31,83,1
8.67,422,370,3,1,4,4,1091,3,7,67,1
7.14,468,410,3,1,1,2,2281,68,35,66,2
8.34,345,182,4,0,0,2,116,46,99,74,1
6.44,469,286,1,0,4,4,2043,40,82,82,2
9.86,453,122,2,6,3,2,705,0,55,88,1
6.7,266,157,4,6,3,3,325,89,87,86,1
8.59,141,322,4,1,5,2,2775,41,2,70,2
6.98,315,12,2,6,1,2,6,66,13,68,1
8.87,163,314,3,7,3,3,2132,22,95,93,1
9.11,251,53,0,0,4,0,1070,12,75,92,2
8.69,231,359,3,2,3,1,712,85,94,88,1
8.46,296,276,3,2,0,2,189,94,33,73,1
9.57,385,42,1,5,1,1,1055,60,94,90,1
6.31,440,266,3,0,3,1,1946,71,35,97,2
7.32,362,108,0,0,1,4,1466,29,95,98,2
6.99,59,322,4,6,0,4,289,45,34,86,1
9.95,403,165,3,3,3,4,2919,75,31,77,1
7.56,21,350,4,7,5,0,1665,85,79,70,1
8.93,383,407,1,3,4,0,406,42,0,94,1
8.74,125,105,0,7,2,1,1913,14,51,77,2
6.85,102,50,2,7,3,1,2037,29,12,66,2
6.96,387,203,2,2,0,1,645,59,74,78,1
7.13,439,444,1,7,5,1,2568,23,74,87,2
7.64,220,301,0,6,5,3,70,24,24,66,1
6.94,109,42,4,5,2,1,831,52,63,61,1
6.08,57,282,1,2,5,4,2570,57,4,91,3
9.52,471,84,3,3,3,1,1774,1,62,81,1
9.86,64,216,4,6,1,4,1726,64,84,89,1
7.37,471,157,3,3,0,4,1832,83,98,73,1
7.35,57,349,3,5,3,1,431,44,75,62,1
6.03,157,126,4,3,0,1,2384,43,51,68,2
8.72,75,190,3,0,4,2,1336,25,45,74,2
9.3,18,265,2,1,2,4,1820,7,76,65,2
6.59,383,386,4,6,2,1,56,82,66,84,1
6.64,484,460,1,2,4,1,2557,30,75,99,2
9.16,189,59,2,7,2,2,1025,78,46,63,1
8.47,249,282,1,4,2,3,2286,51,33,80,2
6.18,359,465,0,5,5,4,1844,1,19,62,2
8.49,362,378,1,6,4,4,1234,65,38,62,1
7.24,373,428,4,3,1,2,62,49,51,98,1
7.47,451,61,1,0,5,3,108,92,49,89,1
9.08,78,407,0,2,2,0,170,96,67,62,1
9.24,83,301,3,3,1,2,175,9,40,85,1
7.6,171,125,4,7,0,1,1142,45,42,69,1
9.79,211,461,2,0,0,1,139,57,48,64,1
7.63,373,486,2,2,2,1,2755,84,70,73,2
9.09,444,171,1,7,0,0,772,84,46,69,1
7.94,148,62,2,2,4,1,479,12,56,68,1
9.59,9,259,0,4,2,0,1675,50,66,97,2
9.63,29,15,2,4,4,2,591,79,45,62,1
6.35,279,178,1,2,1,0,2639,82,40,70,2
9.75,431,329,2,0,3,1,2746,87,76,62,2
9.3,54,367,3,3,3,4,672,57,28,97,1
9.17,359,100,3,6,5,1,2717,61,40,97,1
6.8,126,474,2,7,2,0,2161,22,84,98,2
9.22,179,175,4,6,4,0,1835,3,45,100,1
9.4,231,192,2,5,3,3,2133,30,24,73,1
7.16,380,452,3,7,2,3,230,7,2,62,1
9.81,421,460,3,3,5,3,2599,24,29,65,1
6.2,450,300,0,2,3,1,1931,53,85,73,2
6.6,92,386,1,6,5,0,2912,86,1,75,2
8.15,7,272,0,3,3,3,1179,10,8,84,2
8.3,412,466,4,4,0,4,280,91,57,86,1
8.58,246,420,1,3,2,2,1829,44,3,81,2
6.07,393,260,2,1,5,2,2881,86,71,70,2
9.84,452,174,2,4,5,3,800,44,18,96,1
6.18,330,233,4,4,3,3,2613,59,84,78,2
6.57,195,299,3,2,5,3,1153,63,13,78,2
6.06,432,215,2,2,2,2,2157,42,0,75,2
8.27,441,490,0,3,0,3,2744,63,19,89,2
9.73,162,416,3,3,2,4,2978,46,82,67,2
8.66,433,246,2,2,0,4,1746,99,79,89,1
9.29,39,20,3,7,3,4,1693,60,73,67,1
6.05,253,450,1,0,5,4,518,97,65,96,2
8.17,395,323,2,3,5,0,2233,47,64,88,2
7.84,84,242,2,0,3,3,2655,74,7,73,2
8.0,271,287,3,6,3,1,2062,7,8,95,1
6.29,77,279,1,7,0,0,971,33,38,95,2
8.74,212,243,0,4,1,1,2117,7,63,98,2
8.01,303,162,1,5,0,1,1622,51,56,71,2
9.06,254,145,0,5,0,0,1587,80,81,72,2
7.94,90,66,4,1,5,3,525,85,14,71,1
6.6,483,102,1,0,4,0,332,7,79,73,1
8.59,384,309,0,3,3,2,1641,61,84,69,2
6.69,192,409,3,5,3,4,644,64,24,67,1
9.49,252,443,0,6,4,0,1062,13,87,83,1
8.45,277,124,4,2,5,0,1534,68,15,96,1
6.63,142,116,0,2,1,2,1668,90,48,84,2
9.85,243,471,1,1,2,4,2718,47,72,67,2
8.07,211,250,0,1,3,1,2358,86,78,72,2
6.29,194,320,1,7,3,2,2993,11,47,62,2
8.51,269,434,4,4,0,3,415,63,76,68,1
7.01,328,369,0,6,1,0,434,29,59,99,1
9.21,18,225,0,7,1,0,974,7,60,69,1
9.27,39,187,4,0,5,2,227,65,43,78,1
9.92,97,186,0,1,1,0,2257,68,23,87,2
8.01,3,75,1,4,1,4,1852,76,50,77,2
7.82,32,272,2,6,4,4,1440,80,32,77,2
9.01,298,468,2,4,0,2,2488,34,11,67,2
6.53,164,148,1,4,5,2,56,78,9,100,1
8.19,449,194,0,5,4,2,1623,11,30,99,2
8.18,26,363,1,5,4,3,290,98,55,67,1
6.36,172,283,4,3,2,0,1705,66,3,95,2
7.67,336,472,1,1,0,1,2262,9,35,91,2
9.41,112,43,2,5,1,1,2858,1,9,80,2
9.42,433,453,3,6,5,1,834,14,66,62,1
6.4,372,445,4,2,0,2,510,62,21,83,1
6.36,379,169,0,4,1,3,2708,6,84,75,2
7.05,94,93,1,2,2,3,270,19,37,78,2
9.5,318,223,4,7,3,1,1190,59,45,81,1
6.52,232,277,2,3,4,1,1829,7,66,81,2
8.88,133,37,0,0,2,3,372,89,28,72,2
6.4,123,269,1,3,4,2,2060,57,100,71,2
8.49,371,481,1,3,5,2,988,7,50,87,1
7.42,350,234,0,1,1,1,1464,29,59,67,2
9.16,322,110,3,4,5,4,2992,83,58,68,2
6.93,487,377,3,3,1,2,575,53,4,79,1
8.56,450,409,4,4,2,4,2506,53,2,74,1
6.94,352,167,1,7,3,0,905,94,63,63,1
8.85,115,53,4,2,3,2,1879,28,93,83,1
9.49,442,396,0,0,4,4,1054,52,46,65,1
6.51,12,126,4,6,1,0,342,93,39,82,1
9.47,404,477,1,0,1,0,2103,30,7,99,2
8.37,319,274,3,2,3,1,198,3,55,74,1
6.51,164,41,3,1,1,4,1330,28,76,89,2
7.71,207,40,0,2,5,1,2245,43,53,79,2
6.64,84,49,2,7,1,0,1326,93,83,86,2
8.8,247,486,4,5,2,2,978,21,76,86,1
9.04,431,386,0,2,3,2,1571,95,5,93,2
6.42,55,158,3,5,3,2,199,11,73,92,1
8.02,171,331,1,1,5,4,1122,29,52,69,2
9.26,140,398,1,7,5,3,870,4,25,68,1
9.74,131,181,2,6,0,1,2067,65,69,67,1
8.05,478,180,2,1,5,3,173,69,25,73,1
9.8,200,428,3,3,3,3,2358,34,27,60,1
8.14,367,165,2,4,3,0,704,73,75,69,1
7.58,288,231,2,0,5,1,459,79,52,63,1
9.39,420,205,1,1,0,0,1961,47,60,77,2
7.97,308,354,4,5,1,3,1425,85,39,89,1
7.89,356,463,1,1,1,0,779,50,67,100,1
7.96,407,49,1,3,4,0,1663,77,87,85,2
9.39,344,407,3,3,1,4,2908,15,14,73,2
9.33,178,400,3,6,3,1,1667,47,87,88,1
7.61,424,145,4,4,4,1,2954,38,12,68,1
7.33,28,297,0,1,4,3,792,0,66,96,2
7.97,442,144,2,1,5,2,1787,15,90,81,2
8.29,423,15,2,7,5,0,2872,19,44,83,1
6.95,306,84,1,3,1,1,1403,31,78,94,2
9.18,305,215,1,2,4,2,2330,1,25,95,2
7.95,366,481,4,4,0,1,2373,58,55,90,1
7.34,35,51,2,1,4,3,664,58,22,74,2
6.43,462,35,1,7,2,0,1690,85,38,66,1
6.96,108,106,1,0,0,4,2887,4,96,94,3
9.8,315,218,3,6,3,3,1772,65,20,86,1
7.22,145,422,0,0,1,3,292,38,13,93,2
6.68,275,336,4,5,1,3,720,43,12,84,1
7.84,388,408,0,3,5,2,991,40,31,65,2
7.23,145,370,0,5,2,3,1810,95,11,63,2
6.14,379,485,4,0,1,4,608,61,62,61,1
7.29,167,297,2,3,3,0,322,74,51,98,1
8.18,256,253,1,6,4,1,1649,25,73,73,1
8.21,274,404,4,6,1,2,1162,50,21,63,1
7.43,86,67,1,7,3,3,496,94,46,94,1
7.79,153,472,3,2,5,1,2855,78,24,72,2
9.86,496,186,0,6,0,3,1422,11,92,88,1
7.51,284,123,3,3,3,0,1908,89,70,93,1
7.03,314,29,0,1,5,4,1199,46,34,85,2
6.97,318,184,2,0,2,4,2698,48,92,98,2
7.83,97,288,4,1,3,2,823,74,79,85,1
9.04,210,358,2,0,1,1,220,85,71,63,1
6.82,445,473,0,0,4,1,1176,91,50,73,2
8.84,47,472,3,3,3,4,2686,21,58,70,2
6.08,317,52,0,6,2,0,758,84,72,62,2
7.68,273,399,2,6,0,2,1576,53,19,82,1
9.1,193,176,2,4,2,3,191,73,18,67,1
7.35,251,471,3,0,5,2,1698,52,15,85,2
8.25,282,132,3,7,0,4,2684,37,61,73,1
6.82,261,361,2,0,3,3,2737,24,28,64,2
8.97,486,486,0,5,4,2,1343,13,97,81,1
6.21,453,76,0,4,2,0,873,34,91,73,2
9.41,442,349,4,1,4,1,2825,72,33,71,1
6.79,261,59,2,7,5,3,687,37,80,62,1
9.5,30,454,4,0,3,2,733,61,3,89,1
7.41,104,366,2,6,4,0,173,100,54,79,1
8.89,487,464,4,3,4,2,2281,3,51,62,1
7.28,349,310,1,4,2,3,2980,78,97,92,2
9.62,311,90,0,4,3,0,751,28,29,72,1
6.51,437,418,0,5,4,1,651,73,58,77,1
6.71,468,452,1,0,0,0,85,32,63,70,1
7.97,168,297,3,1,1,2,2929,6,37,85,2
6.33,235,324,1,1,0,2,24,80,29,66,2
6.78,273,279,0,6,5,2,2817,3,94,85,2
9.78,342,198,2,2,4,2,1763,73,42,62,1
9.91,229,454,4,2,3,2,1507,64,95,60,1
7.51,22,117,0,3,0,4,2365,83,55,76,3
9.69,475,182,1,6,3,0,2901,70,97,71,1
8.18,163,397,2,5,5,0,1263,8,81,97,1
7.08,280,54,0,0,0,0,789,31,5,68,2
8.81,6,270,1,1,3,0,260,27,2,76,2
8.64,209,4,0,2,4,3,612,91,39,98,2
9.96,252,100,1,0,2,2,1245,61,77,77,2
7.06,403,387,1,5,0,4,245,1,37,82,1
8.69,132,285,0,0,5,3,2439,3,16,86,2
6.21,273,467,2,1,3,0,385,80,50,61,1
6.45,105,52,0,0,0,0,453,69,26,86,2
6.02,231,217,0,4,3,4,1101,7,36,100,2
10.0,32,328,2,2,3,0,508,45,25,74,1
9.21,78,285,0,3,2,0,1228,11,77,96,2
9.15,34,491,4,2,3,0,2939,18,59,64,2
8.04,494,239,4,0,0,0,2696,92,99,90,1
7.2,109,213,4,4,5,3,1653,95,87,100,1
6.61,320,103,1,2,4,3,2108,27,20,96,2
7.14,62,360,3,1,5,3,497,4,64,94,1
7.5,468,363,0,4,1,0,1535,42,61,78,2
9.03,327,221,3,5,3,1,254,11,41,87,1
8.16,454,339,4,2,1,3,2978,68,95,61,1
6.31,296,347,2,7,4,2,882,32,62,95,1
6.07,177,188,4,7,5,2,1033,52,74,79,1
6.41,383,326,0,0,1,1,2944,30,57,62,3
7.64,363,500,3,1,3,4,429,24,80,67,1
9.73,231,323,3,6,0,2,1874,6,61,99,1
8.55,103,475,1,0,5,4,2577,24,66,89,2
9.21,413,310,2,7,5,2,2567,28,100,71,1
7.87,293,98,4,7,2,1,2151,74,28,98,1
7.45,34,96,2,5,5,3,1936,20,18,76,2
6.43,193,326,0,0,3,4,441,55,96,61,2
9.5,173,72,1,5,3,4,860,22,4,96,1
9.13,391,481,4,1,2,1,2329,5,65,82,1
6.67,101,255,0,4,2,4,1814,86,8,98,2
8.05,323,230,2,2,5,2,439,73,40,86,1
7.95,292,169,1,7,2,3,1826,34,24,78,1
8.5,84,481,4,4,2,0,2959,4,83,61,2
9.78,396,332,2,7,2,1,2320,61,74,91,1
8.32,200,156,4,6,3,4,2342,81,11,92,1
8.16,172,418,1,7,1,4,2390,84,64,99,2
6.2,28,428,1,7,0,4,1696,78,87,82,2
6.25,296,457,2,5,3,4,1451,75,80,73,2
6.75,55,221,4,1,4,1,2648,39,15,75,2
6.13,471,363,3,5,5,2,1495,70,54,93,1
8.97,15,345,0,2,3,2,2071,91,37,99,2
8.89,139,98,1,1,5,3,2649,98,42,79,2
6.54,65,219,4,3,3,3,986,6,7,95,1
9.34,445,412,2,3,1,0,1060,17,52,88,1
6.62,146,243,2,7,5,2,434,47,60,68,1
7.2,157,453,1,4,2,1,2658,83,87,68,2
7.0,399,258,1,7,5,2,2957,89,69,84,2
7.49,471,476,3,1,4,2,1641,97,45,76,1
7.02,396,440,2,6,1,3,2042,100,8,66,1
7.96,68,193,4,2,0,4,1390,77,66,75,1
7.63,22,374,0,7,4,4,900,78,99,96,2
9.95,189,149,0,7,4,2,2495,79,22,77,2
6.22,247,493,3,4,1,2,1748,22,30,98,2
6.57,485,366,4,3,4,2,975,97,33,73,1
6.21,414,497,0,3,3,2,894,83,34,77,2
8.5,308,154,0,3,3,3,2358,18,47,67,2
6.22,375,498,4,4,2,2,79,9,80,84,1
9.35,144,21,4,2,1,2,1485,49,20,79,1
8.05,383,457,1,3,3,0,60,33,66,60,1
8.11,304,115,0,6,4,0,2702,50,37,83,2
8.25,176,112,0,4,4,2,2431,71,52,72,2
6.68,194,432,3,4,3,4,2620,50,34,70,2
6.79,409,210,1,7,1,1,1558,84,97,97,1
7.28,12,23,1,0,1,0,2497,64,13,92,3
8.37,363,282,0,0,0,2,1601,44,79,89,2
6.84,165,291,2,6,1,0,887,41,57,76,1
6.47,149,362,2,5,5,2,993,81,67,64,1
9.88,340,400,4,2,5,4,1729,58,72,98,1
6.09,412,55,1,3,5,4,1752,48,37,81,2
9.21,44,265,0,0,3,0,2279,22,14,74,2
9.15,173,53,0,7,0,1,1149,15,53,69,1
7.19,166,336,0,2,4,1,2505,46,64,97,3
6.54,196,107,3,0,3,1,2052,41,9,60,2
6.58,205,201,2,7,2,1,217,24,10,74,1
8.79,81,201,3,7,2,3,1231,68,94,88,1
8.57,67,421,0,6,1,2,472,74,35,80,1
9.13,96,336,0,3,0,4,1755,42,97,74,2
9.75,166,382,1,4,0,1,1965,5,56,94,2
8.77,403,473,1,3,4,3,2749,13,37,64,2
6.62,76,217,2,0,1,2,2406,25,80,78,2
6.97,483,242,4,3,0,3,1246,90,67,73,1
9.37,236,353,0,6,3,0,2727,13,36,74,2
6.84,195,387,1,4,4,0,2397,55,17,78,2
6.29,290,177,2,7,0,1,1790,28,38,86,2
8.81,135,474,3,1,2,0,2309,81,35,75,2
7.61,307,60,0,4,2,2,338,81,39,78,1
9.68,295,404,4,0,0,1,463,77,6,82,1
8.6,376,35,2,4,5,3,1626,56,75,95,1
6.36,368,357,4,5,5,4,1787,70,18,77,1
9.79,366,45,0,2,2,4,770,91,36,83,1
7.03,35,94,2,3,3,4,1113,4,7,66,2
7.35,389,326,1,5,4,2,2208,48,73,84,2
7.61,247,43,4,7,3,1,442,60,35,66,1
6.2,253,319,3,1,2,0,2740,48,70,64,2
7.99,213,225,3,1,0,1,2493,78,91,100,2
6.49,251,145,4,3,0,3,1508,48,40,83,1
7.6,69,471,0,7,4,4,2252,97,42,79,2
7.4,233,268,0,3,2,1,2581,68,81,80,2
9.09,483,12,0,2,2,1,1726,67,36,79,2
9.21,328,24,3,4,2,0,1039,16,64,69,1
6.61,15,260,3,1,1,3,2571,0,53,82,2
7.47,486,127,1,0,0,4,1095,60,92,92,2
7.49,173,38,0,3,2,0,383,9,85,74,2
6.61,186,156,3,3,4,4,1274,33,21,93,1
9.19,293,363,3,5,5,0,1064,60,46,74,1
8.83,224,184,0,5,1,0,238,49,44,64,1
6.76,273,173,0,5,2,4,2423,32,87,68,2
7.47,11,416,3,1,0,3,838,41,24,86,2
6.42,309,471,4,5,5,2,46,90,19,87,1
8.51,218,393,3,3,1,2,72,87,29,68,1
6.49,430,185,1,1,3,1,804,55,50,95,2
9.94,0,280,2,6,4,1,2360,91,70,68,2
9.12,398,488,0,0,0,3,965,82,2,90,2
7.56,110,73,1,0,3,2,589,53,69,73,2
8.31,474,294,4,6,0,1,1686,65,79,74,1
9.65,463,15,2,1,4,2,12,58,76,100,1
8.22,276,187,3,3,2,2,288,0,6,61,1
6.7,128,411,0,7,3,2,550,44,28,91,2
7.51,92,459,3,2,3,1,445,24,54,86,1
9.37,450,171,1,6,1,1,2257,2,74,66,1
8.58,395,185,0,2,2,3,2558,70,1,73,2
8.6,379,31,3,4,4,0,848,88,87,88,1
9.47,411,62,0,2,5,1,2405,78,25,99,2
9.58,38,498,1,7,1,4,1605,56,44,79,1
9.68,420,348,3,5,3,0,1992,67,53,98,1
6.38,478,300,2,3,0,2,1607,1,37,64,2
8.18,315,308,4,2,4,3,1785,5,8,77,1
8.96,158,188,3,7,1,4,2267,98,99,67,1
9.03,185,305,0,4,5,4,2125,33,69,66,2
8.43,480,410,3,7,2,0,1251,84,53,83,1
6.67,352,25,0,0,5,3,913,58,46,81,2
9.19,255,386,1,1,0,0,382,21,93,79,1
8.88,238,345,4,2,1,1,2666,51,77,86,2
6.34,103,38,0,1,4,2,1994,92,47,79,3
7.86,394,192,3,6,0,3,64,13,77,65,1
6.7,365,162,1,1,1,1,125,41,77,67,1
7.35,28,52,2,5,1,2,887,70,23,74,1
6.07,88,474,3,5,5,2,762,68,81,81,1
7.6,374,173,4,0,4,1,1510,14,1,94,1
8.2,396,195,1,4,2,3,142,51,95,72,1
8.48,50,210,3,3,0,4,37,77,89,87,1
8.65,363,277,0,3,5,0,2573,100,30,79,2
9.35,437,187,0,3,1,3,584,34,20,88,1
6.86,146,389,0,6,5,4,820,60,92,64,2
6.48,313,307,3,4,5,4,1994,91,77,62,2
9.41,35,456,4,5,5,4,1697,100,63,86,1
6.63,283,330,0,7,4,0,357,89,48,64,1
9.9,451,213,3,4,1,0,916,69,46,79,1
9.37,386,494,3,4,4,0,2884,47,0,82,1
8.0,485,328,4,2,4,4,2547,46,33,91,1
9.93,100,28,1,1,1,1,2259,71,31,71,2
6.39,106,170,1,4,5,0,2520,73,62,91,2
7.21,344,121,3,4,5,4,189,45,62,75,1
8.55,424,457,1,7,4,3,2230,21,51,86,1
7.4,290,417,2,6,0,4,2927,73,38,60,2
9.71,348,158,4,2,5,0,504,82,75,71,1
6.26,104,85,3,1,4,0,1731,31,47,72,2
8.2,220,301,1,6,2,0,240,13,2,67,1
8.36,75,3,1,5,2,1,1018,23,13,98,1
8.61,226,1,4,5,4,2,2964,17,85,88,1
7.02,83,132,0,7,0,1,1059,26,25,98,2
7.46,464,301,1,3,5,3,236,17,34,75,1
9.37,500,78,4,0,3,0,2984,67,86,64,1
6.78,75,146,0,7,3,2,2763,28,3,92,2
9.31,248,165,3,4,0,3,2189,30,44,79,1
8.25,254,314,0,4,2,4,2138,2,25,97,2
9.05,49,462,1,0,4,2,151,80,100,95,1
8.85,355,237,3,4,1,1,1512,66,52,91,1
6.83,457,327,3,5,4,0,1072,70,63,61,1
8.28,209,275,0,4,4,2,2610,30,25,71,2
9.47,157,203,3,4,3,3,2512,90,89,98,1
7.73,327,451,0,0,4,1,1133,2,93,71,2
9.87,232,52,0,5,3,3,2126,76,28,93,2
7.81,370,485,0,2,1,3,2024,17,95,100,2
6.57,76,106,4,2,4,0,2045,85,60,93,2
7.56,222,54,1,0,0,2,564,44,13,71,2
9.81,120,245,3,2,4,3,354,11,92,76,1
7.28,453,422,2,3,5,1,744,38,52,65,1
9.47,309,376,1,3,5,3,2268,49,58,89,2
9.53,326,163,2,7,0,3,1563,61,68,81,1
7.4,340,441,0,7,3,1,2637,54,29,96,2
6.33,357,14,3,5,4,4,1859,18,21,82,1
8.9,106,0,1,0,3,3,2151,45,95,75,2
7.25,240,350,2,1,0,1,2406,93,80,85,2
9.13,434,136,2,5,3,0,709,52,93,99,1
7.77,27,150,2,4,2,2,827,94,5,90,1
7.94,191,179,1,1,5,1,848,80,4,61,2
9.11,248,409,4,4,0,1,671,91,40,62,1
7.53,363,231,0,5,3,2,1622,67,99,83,2
7.77,212,491,3,6,4,1,899,4,85,86,1
7.5,20,486,2,2,3,4,2885,34,46,96,2
7.47,471,187,1,7,1,0,1762,6,22,95,1
8.1,154,17,2,2,0,4,589,15,76,76,1
9.24,26,224,1,7,3,3,1022,89,52,99,1
7.45,76,104,4,7,5,0,994,19,39,89,1
8.1,305,486,2,3,2,3,2058,3,60,63,2
8.68,412,205,2,1,5,2,452,95,79,100,1
7.08,422,185,3,0,1,1,2718,72,13,77,2
7.11,56,64,1,6,0,1,2484,2,21,99,2
9.73,118,332,1,4,1,0,1022,60,67,86,1
8.89,475,371,4,2,4,1,1247,95,80,90,1
8.31,164,206,2,6,2,1,686,49,2,97,1
8.59,476,228,3,5,4,3,2051,53,66,99,1
6.12,63,68,0,6,5,4,831,55,72,71,2
8.47,47,141,3,4,5,1,940,1,37,90,1
8.04,149,205,3,0,3,3,1605,91,6,87,2
8.18,483,173,3,6,1,4,893,68,12,95,1
7.44,157,196,3,4,4,1,311,13,95,85,1
6.33,155,330,2,3,3,0,2106,44,54,72,2
6.77,150,415,3,0,2,0,62,73,1,77,1
9.8,224,306,1,7,5,0,997,43,36,76,1
7.63,259,196,1,7,4,2,1031,31,76,100,1
7.87,386,227,3,0,1,0,2934,46,92,91,2
6.21,255,270,1,7,4,1,275,91,76,96,1
6.15,60,436,2,4,2,1,81,0,49,81,1
8.87,351,198,0,4,3,0,432,61,19,94,1
8.15,259,324,3,2,4,0,1485,2,48,75,1
8.03,320,477,1,4,4,3,2233,24,10,62,2
6.97,395,14,1,0,5,4,1793,29,49,81,2
8.98,396,285,2,6,0,0,2898,99,40,90,1
6.67,161,333,2,5,3,3,280,57,72,75,1
6.76,379,407,0,4,5,1,670,29,3,61,2
7.84,442,215,4,5,0,0,2971,14,42,99,1
7.15,348,34,4,5,0,3,1307,94,78,81,1
6.99,456,68,4,2,5,3,835,42,99,73,1
8.58,30,395,0,1,2,4,1524,88,30,73,2
8.6,70,211,3,5,2,1,2677,22,1,64,2
9.3,396,45,4,3,1,4,1744,89,11,86,1
7.67,437,381,4,5,5,4,4,63,84,75,1
6.29,1,452,1,6,3,4,697,58,29,63,2
7.09,416,247,1,0,3,1,896,49,43,82,2
9.92,49,419,3,7,2,0,1409,21,86,69,1
8.39,134,84,2,6,2,4,225,15,74,90,1
8.84,145,47,0,2,0,2,2092,80,35,76,2
6.03,178,230,4,3,2,1,621,26,24,98,1
8.07,263,66,0,7,4,3,1882,16,70,86,2
6.15,310,476,1,6,3,3,871,80,49,99,1
8.28,203,437,0,4,1,1,2052,83,71,74,2
9.68,298,88,1,5,0,3,1953,1,21,83,1
9.87,186,218,0,4,4,1,434,35,35,94,1
8.16,29,419,1,1,2,0,1917,22,2,72,2
7.83,58,51,0,4,1,1,2781,91,77,73,3
9.78,8,21,4,7,2,0,523,89,26,65,1
8.69,475,421,4,3,5,1,1810,44,99,65,1
6.26,323,98,3,7,4,4,465,50,89,91,1
7.86,166,445,0,2,5,2,1710,75,6,80,2
6.96,336,448,2,6,5,0,1758,80,36,80,1
7.88,394,130,3,1,1,2,481,40,54,89,1
7.82,378,87,0,3,5,3,167,91,43,81,1
8.33,385,135,2,2,2,0,1104,10,71,78,1
7.43,278,495,4,6,4,3,289,10,59,61,1
6.66,190,373,4,3,4,4,879,78,58,92,1
8.01,241,38,4,4,1,4,1474,25,51,60,1
9.32,277,17,2,3,5,0,1669,28,3,83,1
8.66,444,104,1,1,5,0,160,25,1,80,1
7.35,153,386,0,3,4,2,2190,22,16,99,2
9.74,395,145,3,0,2,3,1402,74,84,69,1
9.65,159,335,3,4,1,2,1446,3,99,71,1
6.84,264,223,4,3,5,0,1783,73,83,82,1
6.16,234,116,1,2,5,2,2693,60,29,71,3
8.97,452,0,0,4,0,0,1710,32,47,75,1
9.31,345,116,0,5,4,1,2232,54,1,62,2
9.87,198,383,3,2,2,3,2001,67,78,61,1
9.56,476,25,3,1,1,4,2123,99,65,65,1
8.4,32,435,3,5,5,4,775,7,26,81,1
8.12,407,495,0,5,0,2,397,85,20,62,1
6.11,88,11,3,5,0,4,627,20,88,68,1
6.99,94,293,0,0,3,1,665,93,92,80,2
7.84,220,340,4,6,5,1,1010,59,4,96,1
8.51,68,168,1,3,3,2,1136,93,64,92,2
8.23,293,52,3,4,5,4,2188,15,24,60,1
8.97,236,268,0,6,1,4,2591,45,24,60,2
7.12,394,247,4,3,4,0,2780,65,47,66,2
8.26,159,127,2,3,5,2,1295,22,10,96,1
6.35,319,75,4,4,2,0,2571,33,96,99,2
7.65,327,268,1,6,4,1,615,63,18,100,1
9.0,275,145,4,5,2,2,416,93,17,71,1
8.77,289,402,3,5,2,0,976,63,6,91,1
9.96,366,402,3,7,3,1,1076,27,86,86,1
7.11,41,498,2,0,3,4,169,4,3,88,2
7.99,391,453,0,0,4,2,2643,34,20,61,2
7.32,65,47,4,1,1,0,1292,8,40,78,1
7.76,20,198,2,4,2,3,1984,37,76,84,2
9.43,334,70,3,4,3,4,2005,82,90,94,1
8.74,69,411,0,2,1,0,2188,40,5,60,2
9.53,260,91,0,2,3,0,621,59,76,87,1
6.81,245,402,1,7,2,2,1061,6,62,77,1
9.49,322,463,3,2,0,3,9,61,17,77,1
6.24,234,208,0,0,3,4,185,25,26,83,2
9.55,426,341,1,1,1,4,2803,77,86,88,2
7.32,271,338,1,1,4,2,1094,95,45,78,2
7.26,98,47,3,5,4,2,2280,38,45,90,2
8.05,328,28,0,3,2,2,1906,29,94,90,2
9.76,34,175,0,1,5,3,1918,73,84,81,2
6.19,338,18,4,6,0,2,848,1,88,88,1
7.41,170,494,0,2,3,3,2516,37,44,79,3
9.43,109,354,1,4,5,3,1669,68,42,61,2
7.58,481,46,2,3,3,1,2678,69,79,63,2
6.8,294,344,3,5,0,2,337,27,49,78,1
7.7,9,59,2,0,2,2,1718,14,79,66,2
7.54,201,175,0,1,2,4,2745,28,20,75,3
9.66,403,254,1,5,1,2,139,29,32,92,1
9.05,256,403,2,4,1,3,200,43,91,98,1
8.02,261,228,3,2,1,2,2355,94,29,79,2
9.95,180,146,4,0,2,0,2789,94,0,63,2
7.86,429,297,2,7,3,4,2079,34,68,74,1
6.23,65,332,4,0,4,0,1648,25,32,89,2
7.05,293,238,0,1,2,3,1113,72,74,98,2
7.74,160,331,0,6,0,0,2908,52,71,73,2
6.63,66,432,3,4,4,3,2775,52,94,65,2
9.79,99,398,4,2,2,4,2867,6,84,81,2
9.07,76,187,4,2,5,1,1373,12,88,77,1
7.07,34,323,3,2,2,0,406,83,17,74,1
8.36,462,334,2,2,1,4,2250,60,11,80,2
8.89,44,208,3,1,3,1,2606,91,11,95,2
9.77,149,410,0,5,5,3,269,93,98,71,1
9.53,490,74,4,5,3,3,336,40,63,86,1
8.06,67,182,1,5,4,1,2939,90,28,70,2
9.1,253,86,1,1,2,4,2419,48,77,90,2
8.25,16,270,0,7,1,1,588,93,76,60,1
8.21,260,179,4,7,5,0,240,40,18,84,1
6.46,212,414,4,4,0,1,2673,23,83,84,2
6.5,312,244,3,6,2,2,807,29,1,76,1
8.12,255,345,2,3,1,0,2323,0,11,66,2
7.08,215,6,3,1,0,4,829,23,43,91,1
6.08,350,268,1,2,0,0,1120,19,73,84,2
8.89,423,437,4,5,4,3,1593,53,35,77,1
6.13,500,12,2,5,3,3,1071,7,16,94,1
8.38,285,499,3,4,3,3,2895,80,6,85,2
8.16,425,403,2,2,4,0,1743,94,100,71,1
9.88,6,225,1,1,2,3,2083,67,99,98,2
7.94,496,265,2,5,5,4,724,97,17,73,1
6.25,379,241,4,4,1,4,671,32,12,67,1
8.21,198,379,2,6,5,0,2964,92,76,81,2
9.36,90,179,2,7,5,1,2072,59,59,71,1
9.99,471,420,3,2,3,1,2548,82,11,91,1
7.72,146,179,2,5,5,4,330,77,78,72,1
7.28,424,125,2,3,4,0,505,88,47,92,1
9.63,417,498,1,0,3,4,2809,0,50,60,2
6.76,149,282,2,0,3,3,2430,21,100,87,2
8.46,51,417,3,5,3,3,704,3,66,62,1
7.62,242,355,3,2,2,4,2141,51,59,75,2
6.16,218,189,4,5,4,3,1225,98,9,91,1
7.39,5,15,1,6,3,2,650,49,22,69,1
7.06,457,314,0,0,3,2,957,96,3,60,2
8.74,108,20,4,5,4,2,850,15,24,66,1
9.8,350,15,2,5,0,1,954,57,64,66,1
7.07,408,464,1,3,5,1,395,34,60,63,1
9.25,65,462,4,5,2,0,2405,75,68,63,1
6.22,9,268,3,6,2,1,1917,99,68,84,2
8.15,201,32,1,3,5,4,932,45,46,64,1
6.28,281,181,1,2,1,0,1599,53,26,66,2
9.74,388,68,2,3,1,0,1060,70,61,62,1
9.07,213,410,1,0,5,4,1977,3,70,94,2
8.63,67,51,1,2,0,2,472,75,48,70,1
9.3,246,64,0,6,1,1,2905,70,60,71,2
8.59,353,299,2,5,3,0,2327,45,87,98,1
9.88,326,413,1,0,3,2,438,78,86,75,1
8.86,49,406,1,3,5,3,1599,69,71,100,2
9.7,16,334,0,3,1,2,33,16,29,66,1
8.07,10,227,0,4,5,2,687,80,30,80,2
6.47,308,466,3,1,2,1,1555,3,15,69,2
8.11,305,221,2,6,0,3,930,6,91,77,1
6.51,391,271,0,6,3,0,2839,99,64,88,2
8.37,475,438,1,5,0,4,2158,70,10,85,1
7.93,123,17,0,7,1,0,1498,37,61,89,2
8.49,491,217,4,1,4,1,2052,35,37,60,1
6.04,224,272,3,2,5,0,1121,55,86,97,2
6.78,243,458,3,0,5,1,2507,96,95,74,2
7.97,317,307,2,7,0,1,2144,22,95,84,1
9.8,472,172,3,1,0,0,693,91,92,78,1
7.53,468,55,2,2,1,4,1136,27,94,87,1
7.7,331,348,4,3,1,4,1497,32,58,92,1
8.86,378,437,1,1,3,0,1657,85,18,74,2
8.42,345,8,4,0,4,3,918,38,8,73,1
7.2,28,496,2,7,4,2,418,21,95,97,1
7.64,357,400,2,4,0,4,417,60,94,94,1
6.87,482,282,2,6,4,1,2585,67,68,91,2
9.86,356,292,1,7,1,4,1550,87,22,73,1
6.52,365,21,2,4,5,3,306,58,54,72,1
7.49,427,71,4,1,1,0,1054,79,84,100,1
6.1,364,450,1,4,1,3,1494,60,19,80,2
6.89,428,421,4,2,0,2,2387,12,12,71,1
9.12,284,354,1,5,2,4,1796,78,56,74,1
6.8,496,479,2,0,1,1,72,96,19,83,1
6.32,471,327,1,3,4,1,1837,93,46,79,2
7.9,58,171,0,0,4,3,1280,55,76,60,2
6.04,142,122,4,3,1,0,2535,86,6,73,2
6.34,325,90,0,7,5,2,2890,58,33,61,2
9.23,351,223,0,4,2,0,540,49,55,67,1
9.09,299,291,2,2,0,4,1718,68,52,70,1
9.66,225,353,2,3,1,3,853,38,52,79,1
9.42,163,251,0,6,0,3,1857,97,80,76,2
8.73,83,408,1,7,2,1,763,40,62,71,1
6.21,376,478,2,7,1,4,933,68,29,79,1
9.13,312,297,4,4,5,1,1206,58,67,69,1
9.38,116,366,0,3,1,0,1378,60,3,80,2
9.2,319,255,4,1,1,3,2955,49,36,62,2
8.03,203,12,4,0,3,3,1511,54,38,63,1
6.93,354,439,4,5,1,2,2254,3,35,83,1
9.38,496,334,0,5,1,0,252,15,14,96,1
8.91,293,117,3,7,5,4,2497,74,85,86,1
9.92,144,434,2,2,2,2,863,26,74,90,1
6.62,26,177,4,4,2,3,172,22,35,69,1
6.9,16,460,0,2,3,4,2731,96,95,63,3
6.85,62,307,3,0,1,1,241,86,18,71,1
9.17,266,499,0,5,4,0,337,12,15,74,1
6.75,63,160,2,3,0,1,754,68,73,85,2
6.27,38,94,0,7,5,3,80,95,80,93,2
9.99,129,408,1,3,1,2,2817,54,42,60,2
6.1,114,367,1,2,5,1,2590,73,5,77,3
9.34,449,313,4,3,3,3,2171,78,96,68,1
7.46,437,167,0,3,4,1,2752,78,83,93,2
9.37,412,86,0,6,2,0,1957,59,13,89,1
8.22,44,421,4,6,0,1,407,86,27,63,1
9.61,215,2,4,3,3,0,1893,44,5,83,1
9.7,87,371,3,7,2,0,1692,57,18,85,1
6.04,335,15,0,1,1,4,2974,63,5,66,3
6.3,414,129,2,7,3,2,2522,33,4,80,2
7.0,176,22,2,6,1,1,600,3,65,73,1
8.68,490,97,2,4,3,3,863,76,47,93,1
9.55,264,157,4,7,3,4,2777,92,69,69,1
7.84,410,238,4,4,1,2,179,72,13,70,1
8.43,439,9,4,7,3,4,130,68,77,99,1
6.75,104,320,2,7,5,1,1277,11,93,66,1
9.22,380,21,3,5,2,1,1095,97,44,94,1
9.87,333,307,1,7,5,1,1111,51,39,99,1
7.07,300,366,0,6,5,2,861,7,87,87,1
7.98,472,183,1,7,2,4,413,83,29,74,1
6.34,170,416,0,0,0,3,927,15,74,97,2
8.24,107,216,4,3,0,4,1906,87,77,100,1
8.01,405,213,2,2,3,2,2754,19,21,60,2
6.58,354,335,1,3,2,0,947,71,2,73,2
7.77,160,157,4,0,5,0,335,28,28,72,1
7.34,282,209,0,3,1,0,2045,18,47,81,2
8.09,39,407,1,1,3,3,1552,51,7,80,2
8.34,25,132,1,7,5,2,2056,41,48,100,2
6.03,82,52,1,0,1,2,209,88,6,96,2
9.04,172,228,1,4,4,0,2233,36,23,77,2
8.85,486,182,1,4,0,2,1781,66,4,100,1
7.47,172,22,4,1,3,2,206,18,83,68,1
6.21,281,105,0,7,3,1,2645,51,63,98,2
9.02,69,90,0,4,1,3,1458,62,4,90,2
9.82,322,118,3,5,0,2,283,97,48,95,1
6.96,5,459,2,1,1,0,1696,6,69,64,2
7.29,283,137,1,4,1,4,1488,54,91,90,2
6.74,194,481,0,6,0,4,924,8,14,60,2
8.31,12,119,2,7,4,3,1916,7,58,81,2
6.62,62,160,2,4,2,2,2278,82,89,74,2
7.42,12,207,4,7,5,1,2167,100,20,85,1
8.79,248,348,1,5,2,2,2333,71,84,88,2
8.24,204,317,3,3,4,0,1969,46,8,100,1
7.55,384,337,2,6,0,2,755,23,46,86,1
7.68,252,154,4,7,3,4,2429,65,40,93,1
8.25,39,262,1,0,0,4,2167,28,55,80,2
6.02,164,355,0,4,5,3,536,11,73,71,2
6.31,30,154,3,0,1,0,341,48,47,94,2
9.53,499,329,1,7,5,3,2727,68,61,93,1
6.31,16,393,4,0,0,2,904,64,88,92,2
8.83,136,458,4,7,2,1,1491,76,84,82,1
9.68,364,312,4,7,3,3,147,7,97,67,1
7.08,319,285,4,4,5,4,428,53,30,97,1
7.48,312,258,4,6,4,0,1306,18,65,78,1
8.28,396,156,3,0,0,2,2330,27,15,94,2
9.53,164,13,2,5,3,0,2140,9,34,86,1
9.77,397,76,2,1,5,0,418,48,48,89,1
8.96,458,338,0,6,3,0,1197,49,30,79,1
6.35,280,408,2,5,2,4,293,97,75,87,1
8.68,222,393,4,2,1,1,1625,73,53,69,1
7.64,121,334,2,7,3,3,2774,17,22,84,2
7.88,77,219,2,1,3,4,1887,9,16,73,2
6.2,312,231,4,6,0,1,2310,84,13,60,1
6.76,326,432,3,4,4,2,671,65,96,89,1
9.16,87,293,4,1,0,3,1601,8,47,72,1
7.82,112,454,2,5,2,1,104,37,47,84,1
7.21,99,141,2,6,3,2,905,6,5,71,1
7.54,425,250,0,7,1,3,2044,2,22,83,2
9.42,425,413,4,2,3,2,917,25,47,65,1
9.0,302,295,0,6,1,4,1258,6,48,68,1
7.09,371,139,0,1,1,2,579,39,60,97,2
6.47,427,475,1,6,5,0,2986,88,30,82,2
7.01,424,497,0,0,5,4,2085,100,4,65,2
9.68,386,141,2,6,1,2,1869,98,66,94,1
8.33,238,128,2,4,4,4,561,45,37,87,1
8.13,491,323,1,0,0,3,665,26,27,64,1
8.39,345,304,1,6,5,0,138,98,30,79,1
7.46,110,17,4,7,2,0,1122,70,57,75,1
9.23,89,242,1,0,5,2,2974,37,53,79,2
8.09,384,163,3,4,4,3,2253,19,16,81,1
6.47,462,319,2,4,4,4,2235,86,21,82,2
6.52,138,95,2,3,1,2,241,92,63,71,1
8.15,484,27,1,2,4,1,823,52,12,92,1
9.75,134,475,1,7,2,2,2250,53,43,98,2
7.23,11,229,2,6,2,1,994,85,84,87,1
9.48,243,415,1,0,3,0,2015,20,46,63,2
9.06,421,455,4,5,4,2,2035,68,84,98,1
6.99,181,24,1,0,5,2,2822,39,5,67,3
6.15,194,174,1,6,3,0,2957,52,9,80,2
6.41,361,403,4,7,5,4,2472,46,57,71,1
8.91,121,160,4,4,2,2,2491,53,39,94,1
6.8,52,29,4,4,4,3,2829,73,13,75,2
7.49,473,164,2,6,1,0,1838,32,22,67,1
8.01,477,207,1,6,1,4,2913,64,70,64,2
8.9,415,436,4,1,4,0,229,99,87,71,1
6.45,355,472,4,0,5,0,128,79,14,85,1
7.63,172,101,2,0,3,4,1687,82,86,96,2
7.94,178,372,3,4,3,4,149,68,4,100,1
8.16,292,105,1,5,1,4,2015,22,40,68,2
9.27,374,329,3,5,3,3,1055,53,19,100,1
6.69,58,68,3,0,1,1,1876,2,51,87,2
9.23,53,7,4,2,0,0,2275,45,9,99,2
8.77,401,122,2,3,1,2,1730,49,86,67,1
8.22,256,352,1,4,0,1,2904,17,26,61,2
8.8,244,100,1,4,4,2,383,2,50,81,1
7.65,148,0,1,0,0,2,2379,2,59,89,2
6.55,283,350,3,6,2,2,1476,13,94,75,1
8.66,367,6,0,5,5,3,410,7,5,83,1
8.1,15,317,2,3,3,3,654,31,76,86,1
8.56,175,110,0,3,0,1,1534,93,27,92,2
7.35,27,342,3,5,2,4,1006,18,15,65,1
9.63,405,185,4,4,2,3,2282,5,16,89,1
8.35,466,215,0,4,3,0,2148,72,45,85,2
6.34,367,461,0,7,1,1,1177,47,94,73,2
7.8,128,342,2,7,2,0,1383,93,9,90,1
9.03,222,122,3,4,5,2,2378,55,30,75,1
9.18,371,200,2,2,0,0,2531,69,58,80,2
7.98,243,7,4,0,3,3,1860,60,38,61,1
9.58,425,63,1,2,0,0,1137,47,5,67,1
7.07,353,135,3,4,1,2,2430,30,83,66,2
7.64,237,386,4,3,3,2,43,41,48,85,1
9.59,231,382,4,0,2,3,389,84,20,80,1
9.59,325,185,0,0,0,1,1373,39,15,77,2
8.74,91,126,2,5,5,4,110,54,24,77,1
9.44,2,415,0,4,0,1,928,78,38,60,2
6.36,478,371,0,4,5,4,854,20,35,86,2
9.46,463,451,1,4,2,3,1837,42,33,67,1
7.28,80,48,2,7,2,3,427,77,71,87,1
6.71,43,165,1,4,1,3,364,57,13,97,2
6.96,154,385,4,6,1,2,71,37,56,61,1
7.67,434,126,1,6,2,1,993,75,48,81,1
7.0,23,392,4,4,3,4,1942,14,86,79,2
7.28,403,301,0,7,2,1,2601,60,75,73,2
6.54,415,320,1,6,2,4,1211,36,83,94,1
7.18,98,176,2,4,4,0,540,10,59,90,1
8.29,396,202,1,0,3,1,2867,93,87,100,2
7.77,367,156,4,2,3,0,1798,98,76,62,1
7.39,170,345,3,7,5,3,1331,34,32,67,1
8.99,147,218,2,3,1,2,1914,41,33,85,2
9.57,122,485,4,6,1,2,2101,41,31,83,1
9.03,111,284,3,4,1,1,2738,51,54,74,2
7.33,499,288,2,3,0,0,1937,100,28,96,1
8.98,129,27,3,5,3,0,2606,27,26,97,2
6.61,67,350,0,0,4,4,2130,9,76,74,3
6.52,346,82,0,3,1,1,1198,74,85,94,2
7.38,315,111,1,0,1,1,1869,1,70,97,2
9.23,216,153,1,1,1,0,2089,1,70,76,2
6.99,387,369,1,2,1,0,2355,80,92,90,2
6.25,379,28,1,1,1,2,2827,62,13,61,2
6.53,95,394,3,0,0,1,1023,76,1,64,2
9.43,144,488,2,6,4,2,1843,37,6,61,1
8.54,384,479,2,5,3,3,2609,65,80,61,2
7.01,32,212,1,7,4,3,1330,56,32,85,2
8.22,285,101,0,1,2,0,911,51,21,97,2
8.11,4,417,4,0,5,4,1462,89,13,96,2
8.62,117,359,1,7,3,0,2318,26,53,69,2
6.93,139,213,1,1,1,1,1487,52,0,86,2
9.46,229,303,0,0,2,0,1534,38,71,67,2
7.24,159,154,4,2,5,2,2770,36,40,69,2
8.78,293,379,3,5,2,0,794,96,7,94,1
6.06,248,199,3,2,2,2,1258,56,28,83,2
7.49,272,167,4,7,2,3,2294,81,80,83,1
7.41,185,237,4,2,1,2,1554,28,90,90,1
8.17,364,158,3,0,5,1,922,67,44,63,1
6.29,39,192,1,3,2,0,502,93,7,99,2
9.16,223,166,1,1,4,1,914,37,5,73,1
6.87,151,225,0,6,1,2,2817,80,50,95,2
8.71,139,366,4,7,2,2,2064,47,93,85,1
9.21,366,250,1,7,2,2,2197,12,22,71,1
8.25,127,279,1,1,4,2,500,83,78,86,2
8.96,350,475,0,1,5,2,1986,56,59,65,2
8.65,146,497,4,5,0,0,2679,99,40,86,1
7.42,284,451,0,1,0,4,2526,4,13,73,2
9.24,468,465,0,2,4,1,1276,26,26,81,1
7.18,217,220,3,3,5,3,1635,86,66,79,2
8.28,435,22,0,1,0,3,1626,10,11,62,2
8.98,219,484,4,3,3,1,1561,34,66,68,1
7.52,144,188,1,7,5,0,1480,81,39,75,2
7.21,328,410,1,0,3,1,2458,52,64,68,2
7.84,276,271,3,0,5,2,11,66,16,91,1
9.27,241,428,4,5,3,4,260,30,17,93,1
9.72,59,26,1,1,0,1,1637,14,9,84,2
8.18,97,456,0,4,3,0,2956,98,58,86,2
8.65,330,388,2,7,3,2,2795,5,11,86,1
9.61,374,442,2,5,0,1,2528,92,16,61,1
6.39,403,455,2,2,4,1,1029,90,21,81,1
6.93,368,209,2,5,5,2,23,91,13,61,1
8.84,180,34,0,1,1,0,2606,2,40,60,2
9.29,113,197,1,2,3,4,1406,22,7,99,2
9.43,494,490,3,1,5,4,350,89,16,98,1
7.66,102,470,0,7,0,2,586,26,78,69,1
6.36,335,173,1,2,1,3,1,5,5,71,1
7.75,318,217,4,6,1,0,2852,32,70,96,1
6.92,56,55,1,4,5,3,1086,77,49,76,2
7.16,284,382,1,7,2,3,2371,2,95,62,2
9.09,128,498,1,4,1,3,2668,18,42,80,2
6.3,379,486,0,7,3,0,2796,18,8,71,2
9.31,465,151,1,5,4,3,16,26,83,86,1
7.71,314,393,1,0,5,2,2510,49,41,74,2
8.38,447,462,4,5,3,1,424,36,44,96,1
6.36,85,37,4,1,2,2,1328,57,38,100,2
7.35,199,467,2,4,1,1,1710,41,65,62,2
6.36,70,476,0,4,5,4,2565,47,63,64,3
9.85,344,197,1,5,2,3,2457,50,81,93,1
9.23,477,431,2,1,3,4,2854,65,60,93,2
7.84,97,8,2,7,3,4,1718,44,37,80,1
6.89,299,498,0,5,3,0,477,13,65,72,1
9.73,175,177,2,6,4,3,1873,48,78,84,1
7.38,232,324,2,5,3,4,1993,55,10,73,2
6.64,371,175,0,5,3,1,1618,27,2,77,2
8.25,74,422,3,1,1,1,1484,57,8,62,2
9.78,142,466,2,0,5,0,429,9,42,62,1
6.02,418,260,4,4,5,4,2161,37,86,91,1
6.95,22,83,2,2,5,4,2215,27,62,77,2
9.75,180,138,0,1,4,4,1692,12,9,91,2
6.68,44,241,0,7,5,0,1846,91,100,91,2
6.45,468,315,3,7,1,3,96,16,87,95,1
8.28,91,154,3,1,2,4,276,68,31,88,1
9.45,268,220,4,1,0,4,2536,46,67,98,1
7.91,33,134,4,5,5,2,1847,68,6,96,1
9.98,165,187,2,5,1,1,1228,18,92,94,1
8.72,69,177,3,1,5,3,1843,97,44,86,2
6.3,363,66,4,4,4,3,140,38,45,99,1
9.97,195,68,2,2,1,3,1254,63,59,83,1
7.63,132,438,1,0,0,4,1211,94,28,95,2
7.15,246,76,2,3,1,2,566,24,63,94,1
8.23,381,399,4,4,5,3,2136,50,72,99,1
7.22,167,373,2,4,5,0,2663,64,45,65,2
6.35,453,11,1,6,0,0,1513,85,1,66,1
6.01,276,486,4,3,4,1,1372,37,2,73,1
7.8,155,282,2,3,1,2,2188,92,91,76,2
9.35,386,245,4,1,4,3,2911,65,83,86,1
8.29,22,236,2,2,4,2,1254,93,41,65,2
10.0,199,251,0,4,2,0,998,16,67,62,1
7.15,274,416,4,4,2,3,348,35,61,98,1
7.12,500,206,4,0,1,4,969,51,29,94,1
6.64,458,340,4,3,1,0,2646,13,30,61,2
6.66,49,107,4,3,5,1,1287,16,40,78,1
7.14,457,208,2,4,5,3,324,27,21,82,1
9.17,185,310,3,3,4,1,2717,5,72,76,2
9.62,475,307,2,1,2,2,1405,8,8,68,1
9.9,19,292,1,0,1,1,1013,10,30,99,2
6.93,491,112,0,4,1,1,1144,71,15,68,2
9.53,115,375,2,5,1,4,2349,46,34,94,2
7.31,91,14,2,7,2,1,1418,51,21,68,1
6.45,348,339,4,0,1,4,1898,22,51,71,2
9.48,455,82,1,5,4,1,2005,69,58,62,1
8.54,338,64,4,6,1,4,644,84,94,96,1
6.66,52,451,4,1,3,0,2840,80,12,80,2
7.72,495,2,3,0,5,4,1109,38,91,87,1
7.15,122,455,0,5,0,0,1434,74,50,92,2
8.95,340,360,3,3,4,0,840,4,38,93,1
7.81,337,235,4,4,1,3,1775,94,58,81,1
9.96,264,388,0,0,3,0,2313,79,38,96,2
6.22,3,392,2,7,2,3,2276,75,70,89,2
7.42,168,128,1,7,4,4,288,29,88,90,1
7.93,280,246,3,7,4,2,2695,24,47,75,1
8.01,289,234,1,2,1,3,699,75,64,94,1
7.26,72,29,4,4,2,2,2527,66,49,60,2
8.92,136,70,0,0,1,4,1854,80,45,68,2
9.5,337,469,2,4,3,3,401,52,34,60,1
9.75,255,147,0,5,0,4,1878,67,62,82,2
9.22,458,92,1,0,5,2,314,69,74,96,1
9.4,140,282,1,0,5,4,2589,49,97,77,2
8.2,485,216,2,3,2,2,824,14,81,63,1
9.3,392,237,2,7,0,0,627,31,30,69,1
7.21,207,226,0,7,3,2,831,84,59,86,1
7.59,259,218,3,0,4,2,1234,55,15,61,1
7.27,417,318,0,7,3,0,2095,55,50,63,2
7.87,262,458,1,2,5,3,2378,65,93,99,2
7.14,270,336,0,3,0,1,1295,66,54,92,2
9.85,37,30,4,2,2,3,120,24,36,100,1
7.25,202,465,0,5,1,1,2361,26,24,67,2
6.39,223,402,0,2,0,0,1671,90,27,74,2
8.11,346,113,4,6,2,3,102,86,23,66,1
6.23,477,101,1,1,0,4,2254,8,97,89,2
6.44,51,92,2,2,5,4,1362,60,20,83,2
6.88,80,206,0,0,4,3,774,35,10,79,2
7.86,355,445,3,4,5,4,2859,10,52,64,2
7.73,210,390,2,7,4,0,985,38,90,66,1
9.2,6,228,3,3,1,4,1612,6,72,96,1
8.96,362,420,0,3,4,4,1075,12,15,61,1
7.71,44,70,3,3,3,1,1118,70,10,69,1
7.33,314,341,2,4,5,1,19,46,13,72,1
7.27,377,459,3,7,5,2,592,76,42,80,1
9.1,276,135,3,2,5,0,2631,5,78,62,2
6.21,411,440,2,5,1,4,2922,3,85,73,2
6.05,258,465,2,6,5,0,1562,42,41,75,2
9.18,141,283,2,1,0,0,681,24,85,67,1
7.91,257,337,2,0,5,1,2444,83,88,83,2
6.52,284,350,4,5,3,4,2074,72,85,73,1
6.94,401,16,0,3,2,2,1281,24,66,65,2
9.73,36,214,2,0,0,3,587,100,29,83,1
9.44,428,394,1,7,5,2,2394,72,64,88,1
8.84,44,398,3,2,5,1,1447,40,44,85,1
7.93,407,413,2,6,5,2,2130,82,2,93,1
8.08,119,243,2,7,4,1,484,11,46,64,1
9.9,45,94,0,5,0,1,1882,34,80,93,2
9.86,139,120,2,6,4,0,1249,67,96,93,1
6.86,52,5,4,1,3,4,1281,55,76,72,2
9.24,300,267,1,6,5,3,1755,82,60,62,1
6.79,287,86,1,7,3,1,1317,49,55,64,1
6.85,273,188,2,3,3,1,214,43,7,81,1
8.7,268,102,0,6,5,0,1299,5,31,80,1
7.62,387,103,2,2,1,3,1535,30,56,86,1
9.73,278,419,3,5,4,1,1485,95,25,83,1
6.36,61,290,1,1,0,4,626,72,69,98,2
8.05,53,66,3,5,5,4,568,47,75,67,1
9.67,457,105,4,3,0,0,835,89,7,63,1
9.62,438,247,1,2,0,1,1755,5,92,95,1
6.63,68,347,1,0,1,3,803,36,19,65,2
7.47,241,206,4,5,1,0,969,97,12,90,1
8.48,423,204,3,4,4,0,84,20,44,64,1
6.64,269,318,2,3,1,2,1306,90,7,65,2
9.87,251,82,0,1,5,0,2222,51,17,61,2
9.66,353,423,3,1,3,2,2005,82,25,60,1
6.67,283,81,4,4,0,2,480,90,83,88,1
6.48,455,286,4,4,3,1,1437,66,32,82,1
6.34,463,36,4,2,1,4,1210,88,7,77,1
9.64,350,212,1,4,0,3,2207,33,75,62,2
6.77,70,486,2,3,2,0,1809,50,65,75,2
7.67,322,132,1,5,3,1,1687,20,15,95,2
7.8,412,114,1,4,2,3,571,74,42,90,1
8.4,99,376,1,3,4,0,420,26,100,81,1
6.29,60,464,4,0,5,4,2649,27,10,67,2
6.91,102,210,3,4,3,4,1490,3,80,81,2
9.73,451,131,0,0,0,2,2875,40,93,72,2
9.63,392,373,0,6,0,2,848,52,43,97,1
9.13,118,153,2,5,5,3,1154,47,7,88,1
6.08,16,407,2,1,2,0,2018,89,86,75,2
7.31,304,422,4,5,0,2,1402,84,73,69,1
8.51,190,439,0,6,5,1,268,38,69,93,1
7.1,211,437,3,4,3,2,2800,67,64,92,2
9.64,77,293,4,1,1,3,778,100,74,73,1
8.54,45,365,2,5,1,1,733,48,86,91,1
6.29,92,181,4,0,5,4,2680,63,66,82,2
9.64,376,146,2,1,0,1,2818,54,77,74,2
9.83,12,221,0,0,4,3,2576,67,76,84,3
6.31,227,281,4,2,3,4,2737,49,19,85,2
8.13,300,126,1,5,4,0,1828,22,98,71,2
7.21,436,307,2,5,2,3,2262,55,48,78,2
7.57,16,202,1,0,5,2,2950,8,14,99,3
6.72,302,117,2,7,0,3,1507,23,4,78,1
8.31,61,60,1,2,5,3,1532,28,52,91,2
9.83,433,230,0,1,2,3,1641,6,40,69,2
8.01,42,450,0,0,4,4,607,17,84,86,2
6.33,67,499,3,2,3,3,1692,65,48,82,2
8.48,379,149,3,0,4,0,2183,27,100,100,2
7.36,211,144,3,3,1,3,789,42,74,77,1
9.42,202,394,4,5,4,2,958,40,70,94,1
7.74,489,110,2,3,4,1,620,62,75,72,1
6.77,213,166,4,1,4,4,2265,28,67,61,2
6.76,108,188,3,3,4,2,237,44,22,95,1
9.08,455,494,2,5,3,0,2637,16,25,81,1
7.06,283,474,4,4,0,3,2952,94,47,79,2
9.07,428,48,0,2,3,4,1519,16,59,66,2
6.82,424,106,2,5,5,4,2702,30,65,71,2
7.29,93,92,3,5,2,4,2637,86,15,74,2
7.86,224,123,0,4,1,2,2571,9,97,88,2
9.77,224,316,2,3,0,1,2058,69,74,67,1
9.73,238,139,4,1,5,1,2028,26,86,82,1
6.83,117,396,3,7,5,0,1335,74,50,72,1
7.43,419,313,4,4,1,2,2562,19,22,92,1
6.6,90,10,0,5,1,2,559,45,50,64,2
8.04,339,447,0,6,0,2,2322,68,54,78,2
7.84,288,414,0,1,5,3,1315,31,93,66,2
9.6,280,394,2,0,5,2,1737,68,44,63,2
9.72,491,377,3,7,0,2,2585,61,83,96,1
7.53,490,360,0,5,5,4,973,85,79,68,1
7.97,18,170,4,4,2,4,1643,64,10,78,1
9.58,174,35,3,0,3,4,157,19,45,84,1
9.23,468,129,4,4,0,2,470,50,94,60,1
6.01,105,342,4,7,5,2,1531,78,87,63,1
7.28,288,60,0,7,2,4,2707,74,57,77,2
7.69,247,419,3,6,4,0,712,31,25,66,1
6.92,322,333,1,2,0,0,716,58,65,78,2
6.8,141,484,2,1,3,1,1349,54,56,82,2
6.15,462,48,1,0,4,3,1742,91,78,87,2
8.57,416,410,2,6,4,3,208,27,44,88,1
7.05,297,395,3,3,4,1,2803,16,100,65,2
6.21,469,185,0,4,4,4,1122,33,21,86,2
6.92,192,220,3,5,1,4,746,59,25,63,1
9.21,350,5,1,0,3,2,1736,58,48,82,2
9.41,302,299,4,6,2,3,1817,59,67,89,1
7.93,290,174,2,6,0,2,1139,87,5,83,1
7.66,372,278,2,4,2,2,2493,65,21,91,2
9.91,467,370,1,7,1,3,1546,59,37,70,1
6.8,415,457,0,4,4,4,932,90,22,89,2
6.86,438,353,3,4,5,0,2831,8,63,85,2
7.17,437,363,1,0,0,4,2701,51,88,75,2
6.69,331,203,3,0,3,4,2593,82,66,65,2
7.52,434,95,0,4,0,2,962,35,19,84,1
9.64,207,281,4,3,0,2,2152,56,32,79,1
8.46,442,134,3,5,2,2,974,92,19,69,1
7.65,455,415,0,1,5,3,2604,10,69,98,2
9.74,247,32,1,6,4,3,2630,31,75,60,2
6.19,141,81,4,7,3,1,2980,90,43,70,2
6.84,401,482,4,4,0,2,2426,51,82,71,1
8.26,383,147,4,3,1,3,446,38,24,79,1
8.46,310,94,2,1,1,1,2289,87,48,71,2
6.16,221,452,0,4,5,2,1194,90,81,75,2
7.61,224,479,3,7,4,2,2945,63,14,74,2
8.6,353,435,1,6,5,0,2462,26,26,85,2
8.79,183,494,4,1,0,3,1153,39,87,70,1
8.55,363,169,4,4,4,1,2480,95,20,62,1
7.28,304,210,4,0,0,2,2446,85,100,61,2
6.37,481,384,0,4,3,3,732,48,78,78,1
7.71,187,190,1,4,1,1,2975,95,25,91,2
6.52,112,6,0,4,5,0,2750,47,9,82,3
9.79,180,379,1,4,2,1,87,98,66,83,1
7.9,198,313,3,3,5,2,2975,64,92,72,2
7.27,389,341,2,2,4,4,2425,33,37,60,2
9.07,69,433,1,3,3,4,2695,0,54,98,2
7.99,85,33,0,3,1,0,2132,41,68,64,2
7.24,391,50,0,0,3,2,1439,59,87,72,2
9.25,484,119,0,4,5,2,777,98,68,96,1
9.47,398,137,2,3,5,3,2315,92,31,67,1
8.69,409,366,1,1,2,4,1030,17,89,99,1
6.19,38,105,1,4,0,3,1451,69,47,89,2
8.27,130,281,1,0,0,2,18,5,26,87,1
9.05,440,31,1,5,3,0,2943,90,75,88,2
6.55,9,123,4,7,3,4,1821,38,31,95,1
6.91,2,169,4,5,4,3,897,54,35,79,1
9.53,477,474,0,0,3,0,2422,18,54,64,2
6.08,301,445,4,6,0,2,44,37,69,66,1
9.01,149,11,1,1,5,1,1185,2,12,89,2
7.9,66,167,1,5,3,1,323,19,49,97,1
7.79,192,342,4,0,1,4,38,65,94,66,1
6.03,96,77,3,5,1,0,237,70,17,70,1
9.28,18,33,0,4,0,3,2661,4,28,70,2
7.44,483,208,2,2,3,0,681,24,9,79,1
8.16,317,325,0,2,5,4,1296,52,38,92,2
8.71,97,410,0,3,3,2,2111,76,2,74,2
8.81,56,7,0,0,3,0,1251,11,81,63,2
9.82,350,224,4,6,1,4,346,68,47,69,1
8.13,106,226,0,4,0,4,740,11,92,97,2
7.6,87,174,1,1,4,3,1877,81,41,99,2
9.81,459,80,0,1,5,2,2020,66,46,62,2
8.57,140,281,1,4,1,0,979,53,25,83,1
7.19,143,56,4,4,0,4,1289,3,31,61,1
6.51,399,134,4,1,0,2,411,18,26,82,1
9.37,370,237,0,0,4,3,415,84,74,78,1
7.45,374,471,1,5,2,4,925,88,69,67,1
8.64,51,216,1,3,4,3,1801,66,94,85,2
7.88,500,226,1,3,4,2,812,6,7,77,1
6.8,211,25,1,3,0,3,2149,8,87,68,2
8.41,40,186,2,4,2,0,2257,3,17,99,2
6.24,303,369,4,1,2,3,241,54,72,95,1
7.65,90,117,1,6,3,1,1358,22,21,68,2
8.19,38,196,2,6,4,1,1063,74,62,92,1
7.74,12,115,2,1,4,1,691,82,49,70,2
8.99,387,302,4,1,2,1,758,64,73,100,1
9.31,95,101,3,5,2,0,1670,3,0,83,1
9.08,108,379,0,1,5,4,1062,8,2,83,2
6.16,103,162,4,1,2,1,416,41,89,91,1
6.78,353,413,3,2,0,1,1286,70,55,92,1
8.15,230,177,0,7,0,4,115,25,6,99,1
9.74,42,472,0,5,0,1,310,20,26,76,1
9.34,208,279,0,4,5,4,736,9,14,85,1
9.37,87,285,2,7,4,1,2033,9,86,92,1
7.21,92,211,1,6,5,4,1186,61,84,61,2
7.72,173,53,0,5,5,4,332,64,76,61,1
7.88,475,66,1,4,2,2,393,99,31,73,1
6.63,125,31,0,2,0,3,1925,66,48,80,2
6.12,108,250,2,7,3,4,2897,98,83,82,2
9.79,46,7,0,3,2,1,2418,11,68,81,2
6.96,213,498,4,0,5,0,573,90,31,95,1
6.96,91,433,3,5,2,4,1238,80,52,60,1
6.33,180,430,0,4,5,1,902,18,27,91,2
9.71,408,214,3,4,2,4,690,73,91,88,1
8.32,40,45,3,2,0,2,1056,42,75,64,1
8.67,258,79,2,4,1,0,2451,89,69,95,2
9.65,120,34,3,4,3,0,1594,7,89,84,1
7.38,76,188,2,3,3,1,1072,51,80,81,2
8.49,94,88,0,2,1,3,1645,1,35,64,2
6.16,268,334,1,5,3,2,2321,75,61,62,2
6.75,360,434,2,7,0,3,316,38,9,83,1
9.32,17,446,3,4,2,0,1019,53,89,92,1
9.07,292,135,3,1,1,0,2767,39,79,87,2
7.4,170,33,0,2,2,3,1074,94,95,80,2
7.51,161,280,2,3,5,4,624,28,79,75,1
8.13,464,112,0,5,3,3,981,71,13,70,1
6.0,310,171,2,0,4,3,1704,14,24,65,2
6.96,51,338,1,4,3,4,1667,25,64,78,2
6.83,468,42,4,1,3,4,2782,47,38,97,2
7.0,35,381,0,7,1,4,347,99,42,77,2
9.22,437,433,3,1,2,2,784,40,79,69,1
7.12,186,12,0,0,1,0,1052,67,96,71,2
6.77,369,173,2,2,0,0,429,32,85,92,1
8.02,247,124,0,3,2,4,1896,11,91,74,2
9.46,51,331,1,4,0,4,1189,49,49,71,1
6.97,487,206,2,4,0,2,1451,74,22,64,1
6.31,18,342,3,5,1,2,1353,93,1,60,2
7.43,395,436,3,4,3,1,1097,52,14,97,1
8.99,91,446,2,7,5,3,924,89,43,93,1
8.2,138,103,1,1,4,0,839,49,43,71,2
9.27,303,129,0,2,5,0,2364,29,62,89,2
9.84,356,39,4,0,3,2,832,99,36,70,1
9.17,219,22,3,7,3,3,828,96,4,68,1
8.42,98,251,1,7,2,2,99,30,31,66,1
7.97,235,442,1,2,1,1,1060,1,86,76,2
6.16,206,324,1,3,2,1,1967,78,22,85,2
9.94,143,289,0,3,4,1,678,65,96,86,1
7.53,492,201,1,6,1,2,193,52,69,92,1
6.61,198,154,1,0,5,3,662,75,47,98,2
8.67,302,54,2,7,5,4,94,81,32,64,1
7.14,322,105,2,1,5,0,1017,71,19,96,1
8.34,286,259,1,7,3,4,2004,66,1,68,1
8.35,331,451,1,5,0,3,2739,98,83,82,2
7.78,263,199,2,7,3,2,1837,55,86,89,1
9.34,216,325,0,0,3,2,327,32,89,95,1
7.06,188,216,2,7,1,2,770,30,53,60,1
7.79,43,410,2,5,3,1,1978,67,25,67,2
8.15,433,46,2,3,4,1,2444,22,1,60,2
8.65,290,369,2,1,3,1,2026,100,65,69,2
9.14,459,116,4,2,0,4,870,44,96,66,1
7.58,188,373,3,7,1,0,1122,34,73,97,1
8.58,468,423,0,3,5,2,2982,64,27,62,2
6.6,473,211,0,1,4,2,2526,2,14,66,2
9.73,438,154,1,1,5,4,1963,9,81,67,2
7.53,193,262,4,4,1,0,1754,93,90,93,1
8.92,269,150,1,2,0,0,1175,27,100,99,1
6.08,365,211,0,1,2,4,1112,79,51,91,2
6.82,259,191,0,0,4,2,1026,3,38,91,2
7.95,400,368,1,5,0,3,2110,56,75,64,2
9.51,238,242,3,6,5,3,1769,67,13,86,1
8.11,111,97,1,2,2,0,736,22,30,72,2
9.72,68,28,3,2,5,0,632,22,72,71,1
7.94,407,188,3,6,0,2,2613,49,45,69,1
7.96,48,171,2,3,2,0,1081,78,39,60,2
6.48,310,370,0,2,2,4,560,76,58,80,2
9.21,454,196,2,2,1,3,1231,0,25,66,1
6.99,150,154,0,4,3,3,2694,100,90,69,3
9.6,238,139,2,2,3,0,912,23,15,76,1
9.64,336,400,3,5,0,4,621,43,1,96,1
9.77,395,292,2,5,2,0,2350,64,80,60,1
8.08,394,289,4,5,3,0,57,44,92,72,1
8.71,114,255,2,7,0,4,1987,76,95,82,1
9.11,74,477,2,1,0,4,2311,37,62,87,2
6.52,97,163,2,6,4,1,1460,80,24,78,2
8.4,382,133,4,7,1,3,1591,55,66,91,1
6.14,110,351,0,6,1,0,150,50,40,69,2
7.99,356,415,2,0,5,2,1796,29,54,77,2
6.62,369,328,0,6,2,0,324,83,98,67,1
6.73,284,377,1,5,3,0,2557,4,2,75,2
7.46,255,405,3,4,2,2,2408,68,26,94,2
7.73,317,265,1,4,3,3,2731,36,13,97,2
8.49,308,28,4,4,3,1,2575,79,32,76,1
6.3,116,138,4,4,3,4,1404,20,84,82,1
8.01,175,347,0,3,5,1,1424,97,9,85,2
6.73,227,449,0,6,3,0,2746,69,52,99,2
8.3,346,311,2,4,3,0,458,69,80,82,1
8.55,105,84,1,7,4,2,289,73,70,82,1
8.23,341,248,0,3,4,2,2655,94,90,66,2
8.95,383,350,0,3,3,0,2278,5,94,71,2
7.34,449,313,0,2,5,1,236,66,39,81,1
9.06,238,232,3,0,0,1,256,43,97,76,1
7.73,99,307,0,2,0,3,281,54,23,72,2
7.94,175,60,3,7,1,0,1317,51,9,97,1
8.59,349,272,4,3,3,4,1042,88,48,73,1
6.07,442,218,2,2,0,4,2424,83,27,66,2
8.62,454,285,1,7,1,1,399,98,32,78,1
8.47,440,488,0,7,0,2,547,64,46,98,1
7.24,248,248,3,1,1,2,836,51,12,66,1
6.34,75,71,0,7,2,1,1149,30,43,86,2
6.36,2,292,0,6,0,3,256,77,92,76,2
9.69,80,388,3,4,3,0,1876,66,26,93,1
8.76,360,409,0,4,3,4,2654,79,74,70,2
6.51,287,197,1,6,4,1,1897,77,73,68,2
7.43,7,79,4,6,2,2,1174,66,28,98,1
8.37,86,384,2,3,2,0,2468,5,77,62,2
9.34,485,136,0,2,0,4,418,8,84,82,1
6.17,285,212,3,6,1,3,2523,96,39,99,2
6.95,398,326,1,7,5,1,1945,11,88,63,2
9.56,73,106,0,1,4,0,2471,65,6,75,2
6.04,438,447,4,1,2,4,1996,63,78,80,2
6.81,122,206,4,7,2,3,434,42,71,84,1
9.84,376,151,3,5,5,2,61,59,100,64,1
8.45,293,132,0,1,3,0,2209,66,85,60,2
7.05,142,434,0,3,5,1,2439,76,76,91,2
6.27,157,165,0,5,3,4,1005,30,38,96,2
6.11,429,412,4,2,1,2,2181,72,24,79,2
6.98,447,429,0,1,0,2,1246,39,27,70,2
9.53,409,179,0,1,1,4,627,71,50,92,1
7.66,370,120,0,2,0,4,721,21,79,95,2
8.88,108,173,0,2,4,4,1781,89,70,91,2
9.67,333,330,3,4,5,0,1122,79,48,78,1
7.63,194,67,4,7,2,1,2183,95,56,98,1
6.77,35,186,2,0,1,2,459,34,69,77,2
8.07,89,137,3,0,0,3,2014,99,14,95,2
9.63,461,353,0,1,5,4,2900,64,98,83,2
9.22,414,387,2,2,4,1,2624,70,1,91,2
6.26,461,307,1,4,1,3,775,49,11,68,1
8.77,295,329,2,3,2,0,91,39,77,83,1
8.29,329,480,3,0,4,2,339,74,52,74,1
9.63,200,237,4,5,3,1,1058,10,59,81,1
6.49,45,17,3,0,2,1,1730,76,65,93,2
8.14,487,75,4,2,3,2,2315,40,42,69,1
9.52,106,434,4,6,4,2,198,3,33,61,1
7.64,169,150,4,3,4,4,1976,88,27,98,1
7.93,145,107,1,0,3,2,1518,2,4,66,2
6.28,355,152,2,6,0,1,1546,73,34,60,1
7.11,419,315,3,4,5,4,2492,68,15,68,2
7.3,459,36,3,0,4,2,1628,75,37,85,1
9.78,177,451,4,2,1,3,2669,33,98,74,1
7.13,60,332,1,2,5,3,12,75,45,81,2
7.84,423,145,1,5,1,2,732,52,43,82,1
8.69,2,125,0,5,4,1,1911,37,43,62,2
6.65,81,284,1,7,5,4,2565,78,4,70,2
7.95,262,107,4,7,3,4,787,84,45,81,1
8.95,286,285,4,3,3,4,2376,3,45,99,1
9.47,320,239,2,0,2,0,2284,74,76,73,2
8.51,94,374,4,3,3,2,2597,73,64,75,2
8.68,63,101,2,6,0,0,28,70,28,93,1
6.51,245,219,1,7,0,0,2348,72,1,64,2
9.78,76,6,0,0,1,3,1195,17,62,67,2
6.53,476,215,3,1,4,4,197,46,80,61,1
9.1,258,168,4,0,1,0,2888,26,35,70,2
7.06,92,73,1,2,4,1,2800,27,37,100,3
9.73,290,292,4,7,1,2,1752,56,87,100,1
8.88,270,26,2,7,4,1,2680,95,17,100,1
9.02,20,276,1,2,4,4,134,73,7,82,1
6.88,61,483,3,7,1,3,2373,97,27,60,2
7.77,338,42,2,1,2,1,2933,4,3,69,2
8.47,411,306,1,0,0,1,2176,19,37,65,2
9.08,259,92,3,0,3,0,2828,54,81,62,2
6.42,236,70,2,2,0,1,1423,93,63,78,2
9.85,140,268,3,1,3,3,2499,32,71,88,2
9.56,462,108,1,2,4,1,1623,63,57,74,1
7.08,434,180,2,6,5,1,885,18,62,82,1
9.29,431,214,0,1,1,4,500,1,19,67,1
8.07,166,446,4,2,1,3,2980,81,59,84,2
7.85,479,113,0,4,3,1,1031,77,34,83,1
7.26,66,184,3,7,1,4,1281,68,80,97,1
8.32,349,408,1,0,1,2,219,60,36,71,1
8.92,57,124,4,3,1,1,945,57,74,60,1
7.64,211,104,1,7,0,1,662,17,62,63,1
8.52,129,236,3,4,1,4,1332,44,34,98,1
8.8,497,140,1,2,2,4,1887,78,51,89,1
8.84,24,292,2,1,3,4,555,22,17,93,1
6.21,10,157,2,3,0,1,2343,49,56,100,2
9.44,256,473,3,1,0,0,2763,3,19,92,2
7.83,303,395,1,5,4,0,171,97,58,89,1
7.05,368,448,3,7,4,4,1462,23,67,99,1
6.97,431,273,4,1,1,0,1884,11,25,72,1
7.93,393,377,1,5,0,2,1403,28,12,89,1
9.55,80,340,2,6,5,0,2327,5,20,78,2
7.51,285,116,0,5,0,0,603,23,87,79,1
9.0,418,373,2,0,1,1,211,85,94,97,1
6.39,369,61,1,7,3,0,749,16,99,63,1
7.9,18,23,1,2,0,4,1228,56,54,82,2
9.97,109,59,1,0,4,1,791,31,41,84,1
9.08,436,400,1,5,1,0,179,88,82,70,1
6.84,33,361,4,1,0,2,1394,52,96,90,2
8.01,287,315,0,0,5,1,1070,25,98,71,2
6.93,331,264,2,4,5,1,1785,90,22,100,2
7.64,490,179,4,6,4,1,750,70,69,93,1
9.12,254,231,3,5,2,0,246,34,43,89,1
9.08,125,475,1,1,0,4,2142,97,25,75,2
6.91,208,142,2,1,5,3,2877,26,64,91,2
9.69,133,332,3,4,1,3,2448,7,75,95,1
8.37,498,411,0,1,4,3,1394,34,50,77,2
7.52,396,244,2,3,0,0,416,17,73,67,1
8.01,486,80,4,3,4,2,1468,22,89,90,1
8.42,85,125,3,2,1,1,1429,93,26,95,1
8.24,74,136,2,2,0,1,254,15,36,72,1
7.95,447,55,4,0,5,4,2500,30,39,77,1
8.02,134,212,1,7,1,1,519,60,26,94,1
6.71,300,93,2,0,3,4,747,33,64,86,2
9.25,172,382,1,6,0,0,2374,0,59,65,2
8.17,212,458,3,4,0,3,276,72,55,69,1
6.52,320,477,3,4,5,4,172,99,77,96,1
9.06,349,291,3,5,4,4,2348,67,51,66,1
9.73,18,127,1,6,0,1,1164,44,100,75,1
9.79,498,439,1,1,3,0,2722,57,52,61,2
7.48,118,216,4,2,4,3,244,19,13,84,1
6.54,302,198,2,5,4,0,1836,80,31,85,2
8.07,301,19,4,2,2,3,1617,43,95,85,1
6.45,284,54,1,2,0,2,1320,9,82,77,2
9.74,226,245,2,7,2,0,2690,45,71,97,1
6.73,500,250,3,2,5,2,701,76,34,79,1
7.01,211,59,4,0,3,3,533,56,48,87,1
7.63,355,162,4,3,0,4,652,37,13,62,1
7.53,188,201,4,5,2,2,510,15,58,95,1
9.18,486,226,1,4,2,3,2300,38,4,99,1
7.83,320,128,2,4,4,3,1473,96,94,60,1
6.68,150,461,3,2,2,2,1490,26,31,69,2
7.07,222,44,1,2,2,0,2271,100,87,90,2
8.04,127,196,3,0,5,4,1112,79,21,79,2
6.59,247,423,0,7,0,3,2356,78,60,67,2
8.45,50,491,0,0,0,0,1753,79,20,66,2
8.26,190,165,3,4,4,3,526,5,32,94,1
8.86,482,246,0,2,0,3,2962,28,78,99,2
9.75,499,225,2,2,3,3,2712,39,50,79,1
9.65,494,279,2,6,4,0,2714,16,47,62,1
9.78,236,259,1,5,3,1,1502,39,14,70,1
6.98,21,346,3,4,0,4,708,70,2,71,1
6.53,109,196,1,0,0,4,168,97,93,71,2
7.21,326,106,2,5,4,1,2717,54,56,67,2
9.58,32,268,2,4,2,3,2194,99,55,81,2
9.89,126,231,2,0,1,1,708,25,61,79,1
9.44,364,404,4,0,1,2,1339,25,17,74,1
6.44,355,100,0,7,0,2,635,10,71,90,1
9.79,43,159,1,5,3,0,1121,24,82,89,1
7.69,6,421,1,5,4,0,2488,99,55,99,2
6.04,127,94,2,0,2,2,1389,41,47,90,2
7.77,90,415,4,2,5,1,2626,47,90,79,2
6.18,129,206,1,4,0,0,1804,1,4,61,2
8.18,16,312,1,0,3,1,1814,91,89,65,2
7.35,320,431,4,7,0,0,446,0,13,73,1
7.89,185,413,2,3,5,4,1434,5,40,85,2
8.45,109,234,4,6,1,1,2702,39,59,92,1
9.48,285,326,0,7,0,2,1801,35,49,82,1
8.65,469,421,1,0,3,2,714,0,62,84,1
7.74,347,478,0,0,1,0,263,14,64,97,2
9.28,500,427,1,7,5,1,1455,64,31,96,1
9.62,480,153,0,7,5,3,698,82,90,87,1
6.48,409,99,1,5,0,2,2836,24,17,94,2
8.13,162,237,2,0,1,2,1615,77,17,66,2
7.14,446,106,3,6,5,1,1451,85,40,61,1
6.19,74,345,4,7,4,1,370,86,74,76,1
8.67,198,363,1,7,3,0,1890,61,69,86,1
9.45,411,129,4,1,3,3,956,70,50,61,1
6.65,408,298,1,5,4,2,2228,33,92,71,2
9.25,444,492,3,3,5,1,2163,10,35,75,1
9.41,360,42,2,2,5,2,1752,79,4,91,1
9.66,286,62,2,6,3,3,706,37,33,77,1
7.06,181,72,4,7,3,4,1933,8,14,75,1
9.62,450,185,3,5,0,4,793,3,8,64,1
7.28,96,116,4,4,2,3,140,44,96,83,1
8.21,50,303,2,4,0,1,700,55,80,70,1
6.2,313,4,0,5,4,4,2273,34,100,83,2
6.18,33,474,4,4,4,1,796,22,10,73,1
8.88,442,75,1,5,2,0,1611,23,41,95,1
7.78,20,290,2,2,0,2,1617,3,62,60,2
7.03,183,348,1,0,0,0,744,93,40,85,2
6.76,292,399,3,7,0,4,2079,39,60,85,1
8.68,63,82,2,3,1,4,1273,95,29,63,2
6.0,496,432,2,4,5,1,1017,51,12,85,1
9.22,402,59,4,7,1,4,1221,97,74,63,1
6.32,123,106,4,1,0,1,1135,59,6,91,2
6.77,100,116,1,1,1,3,1730,33,57,75,2
7.54,118,306,4,3,0,4,316,30,41,96,1
7.94,340,382,0,4,4,3,1895,30,63,75,2
7.42,77,346,2,0,0,3,2125,31,44,99,2
7.28,457,81,3,4,1,2,1556,35,84,79,1
9.86,180,314,2,6,2,1,523,85,70,76,1
8.57,198,319,1,0,4,3,644,18,21,79,2
6.09,476,360,4,4,3,2,2740,44,95,91,2
7.72,446,140,2,1,2,4,2607,34,3,70,2
9.5,359,221,4,2,2,4,634,37,78,88,1
7.21,189,409,1,5,5,3,2699,41,38,86,2
6.38,327,69,4,7,3,4,884,59,84,80,1
9.03,102,386,3,3,4,1,2610,14,100,98,2
8.42,332,470,1,0,5,4,407,55,40,88,1
8.28,365,11,2,2,3,0,721,59,40,96,1
6.21,274,296,2,7,4,4,1077,7,40,91,1
6.56,458,104,3,0,4,3,2399,95,27,100,2
8.49,129,206,0,6,5,2,654,99,42,100,1
6.83,240,64,4,3,4,1,1554,100,63,71,1
8.02,133,62,2,7,2,1,1347,93,5,83,1
8.18,156,177,3,6,4,2,1133,22,65,85,1
7.13,424,430,4,6,5,1,739,70,30,80,1
9.79,434,7,1,2,3,3,253,21,90,90,1
9.37,388,158,3,6,2,3,1639,35,8,66,1
8.89,424,10,1,7,4,2,979,38,0,92,1
6.31,317,272,1,2,1,3,919,91,14,76,2
6.42,157,410,1,5,1,0,1368,75,22,99,2
7.97,358,379,4,5,4,3,2610,66,16,77,1
6.64,189,94,0,3,1,1,2237,37,57,60,2
9.91,99,154,1,3,0,2,657,43,70,79,1
6.63,410,205,2,0,5,0,2172,35,66,80,2
7.95,433,114,4,7,2,3,1590,20,97,97,1
7.46,465,378,4,6,0,0,1801,21,52,91,1
8.56,51,86,1,2,2,4,160,22,82,81,1
6.52,48,311,2,3,3,4,2344,6,29,84,2
7.72,445,196,3,5,1,0,1381,6,9,91,1
7.1,99,349,4,0,1,4,1272,20,54,90,2
9.55,443,97,1,7,5,4,308,43,41,94,1
6.16,381,430,1,7,1,4,1486,77,47,72,1
9.65,250,18,0,4,4,2,2204,41,81,75,2
9.33,373,312,0,5,2,2,2476,6,22,96,2
7.19,463,414,3,3,4,4,950,68,86,100,1
9.16,53,15,3,5,1,1,2920,100,3,78,2
6.12,374,44,3,6,3,4,2785,18,98,100,2
9.87,388,154,3,5,1,4,1328,88,72,74,1
8.11,136,444,1,2,5,4,22,11,74,92,1
7.21,161,409,1,4,4,1,2920,8,64,60,2
7.45,353,230,1,3,1,1,2277,0,9,72,2
6.27,291,156,2,6,0,4,1699,51,94,83,2
9.96,478,112,3,1,0,3,813,42,13,82,1
6.16,499,498,2,7,4,0,284,92,91,97,1
8.62,403,376,4,2,0,2,67,82,35,88,1
7.77,80,358,4,6,2,0,1622,14,87,75,1
9.8,467,382,1,5,5,2,494,99,27,91,1
6.98,219,43,4,2,2,0,2741,81,58,96,2
8.13,84,364,1,0,5,1,1639,62,3,75,2
7.93,82,412,3,6,5,4,6,21,77,98,1
8.81,318,364,2,1,4,2,1678,21,68,83,2
6.27,66,109,1,3,0,4,2006,93,95,99,2
6.78,413,110,0,1,2,4,2596,70,16,80,2
6.86,452,222,0,5,0,1,1492,60,97,92,2
8.95,233,385,3,3,1,2,855,61,36,86,1
6.76,197,389,2,6,5,3,2125,5,61,88,2
8.29,258,264,1,0,0,1,556,12,89,92,1
6.86,176,270,3,5,0,4,2798,55,30,95,2
9.45,297,211,2,5,4,2,1069,77,91,97,1
9.77,279,495,0,4,1,1,457,65,27,91,1
8.07,299,313,1,1,2,1,1648,79,92,87,2
7.41,128,257,2,7,5,3,2985,38,52,97,2
6.94,497,386,4,2,5,0,1798,32,35,85,1
6.2,370,246,1,3,5,2,348,0,25,65,1
7.07,437,435,4,1,2,2,1415,93,85,78,1
8.62,179,54,3,3,5,2,2259,74,98,74,2
8.13,291,308,2,1,0,2,2399,13,27,76,2
9.78,206,349,2,2,3,0,2397,36,60,93,2
7.59,488,71,2,3,3,1,1071,36,21,60,1
8.78,293,295,2,3,5,1,1516,98,49,78,1
7.96,427,212,1,4,2,0,417,13,34,62,1
8.05,337,294,4,0,0,1,534,21,81,76,1
7.07,470,170,4,1,0,0,2627,30,68,98,2
7.82,174,245,3,7,1,0,753,81,92,73,1
7.88,28,140,3,2,4,1,1741,73,10,70,2
8.83,178,103,2,6,3,1,1021,23,87,75,1
9.76,40,104,0,4,5,0,1128,23,37,89,2
7.32,469,239,0,4,0,3,1549,31,58,98,2
6.17,191,420,2,0,2,4,488,100,44,86,2
7.99,343,310,4,6,3,2,2536,53,43,77,1
8.18,236,415,3,2,4,0,1336,33,24,82,1
6.67,303,397,1,6,0,1,77,73,15,86,1
9.04,460,320,0,5,3,0,2053,45,19,70,2
9.94,224,410,3,7,0,1,2765,77,53,72,1
9.78,113,279,0,1,5,0,2487,86,12,82,2
6.79,277,370,4,3,4,1,2687,31,34,85,2
9.5,354,368,4,7,1,3,1868,59,11,93,1
8.82,16,21,2,7,3,4,2547,46,62,94,2
7.82,85,77,2,0,4,1,2890,75,3,97,2
8.16,388,300,0,3,1,3,1551,40,35,79,2
9.4,316,391,0,4,1,4,1602,87,93,83,2
7.92,344,474,3,3,4,1,2342,33,92,91,2
7.49,389,194,2,1,2,2,2273,46,81,85,2
7.97,180,319,4,5,4,0,98,19,92,61,1
8.32,336,352,3,7,0,0,1753,92,8,72,1
6.76,350,370,3,1,2,0,1975,15,73,62,2
9.6,144,430,1,5,1,1,1327,49,9,98,1
8.7,314,20,4,3,3,2,1754,8,52,95,1
8.53,224,159,3,3,1,2,752,49,7,71,1
6.4,422,231,1,0,3,2,270,51,58,86,1
8.42,53,360,2,5,3,4,2040,2,18,73,2
6.48,381,300,4,1,4,1,2538,73,43,69,2
6.31,431,43,2,3,4,3,1679,39,43,100,2
8.11,420,296,1,2,1,4,1187,0,33,97,1
7.61,303,351,4,0,4,1,2466,54,52,71,2
8.36,67,179,0,0,1,2,1737,6,2,99,2
6.36,106,471,0,6,4,1,1287,94,86,70,2
7.72,333,394,0,0,4,2,1830,12,1,61,2
6.7,76,100,3,0,3,3,2042,55,59,90,2
9.95,26,114,0,5,2,2,2431,21,45,69,2
8.24,343,212,3,5,4,4,215,15,14,65,1
8.75,154,17,3,3,5,1,2574,21,98,81,2
7.3,71,394,1,7,5,0,793,5,6,78,1
6.38,500,26,0,4,5,2,117,0,60,69,1
9.9,446,426,4,6,4,2,424,1,34,86,1
7.15,179,357,3,7,1,0,774,90,34,87,1
7.7,46,448,1,7,3,4,2895,75,68,69,2
8.6,241,437,3,2,5,3,2580,69,48,76,2
6.1,358,284,4,4,3,3,81,65,82,74,1
9.24,276,148,4,4,2,4,2656,36,94,71,1
8.15,370,284,0,3,2,1,1211,73,1,79,2
7.11,312,136,3,0,2,3,134,16,33,75,1
6.25,104,188,4,0,4,4,988,16,12,79,2
6.65,458,189,2,3,1,2,1161,5,63,86,1
9.58,94,198,4,3,5,0,2789,0,34,81,2
8.74,218,101,4,5,0,1,587,83,97,86,1
7.0,169,478,3,1,5,1,2910,17,77,72,2
6.26,365,90,4,0,5,2,2012,8,34,64,2
8.76,431,489,1,2,1,3,215,31,100,76,1
8.29,282,223,4,1,3,1,2363,16,25,93,2
7.62,127,4,2,4,2,0,2767,18,43,81,2
7.45,199,352,4,6,0,2,2165,48,6,89,1
6.87,416,14,0,5,3,1,318,12,99,62,1
8.68,331,440,3,5,2,2,2930,0,38,66,1
9.88,34,4,2,0,5,3,71,37,84,74,1
6.7,353,403,1,3,0,4,607,37,78,66,1
8.39,143,229,4,3,1,2,1046,35,12,62,1
7.7,291,356,4,6,5,3,2086,73,83,88,1
7.79,65,336,1,3,3,1,654,98,97,65,2
7.02,459,113,4,0,4,1,1798,25,89,86,1
9.3,218,3,0,5,5,3,238,47,3,60,1
7.94,55,183,2,2,0,1,1075,96,97,93,2
8.17,144,212,4,3,0,1,1411,39,83,67,1
7.22,403,246,1,5,5,1,1159,71,18,84,1
6.73,212,33,1,0,5,3,1850,54,100,74,2
6.34,93,295,2,4,1,3,2026,19,30,97,2
8.86,105,452,0,1,1,2,1778,1,82,70,2
6.78,83,195,2,0,3,0,667,38,42,68,2
8.76,135,405,4,0,4,4,1549,91,63,86,1
7.56,145,126,0,5,2,1,517,92,1,72,2
7.66,248,141,0,3,5,0,65,88,89,71,1
7.88,17,451,1,6,0,0,657,89,21,70,1
7.47,401,135,0,1,0,3,2213,71,80,94,2
6.4,124,127,4,1,3,3,1682,93,87,82,2
7.24,1,322,4,3,2,0,2396,60,75,80,2
8.65,331,173,4,2,2,3,1938,57,21,87,1
8.66,479,412,3,0,5,2,937,56,83,66,1
7.14,489,217,0,3,2,2,1023,64,66,72,2
7.84,199,113,0,6,3,4,2293,27,14,90,2
6.77,434,374,4,5,0,4,2688,93,42,94,1
6.84,137,349,1,2,1,4,2270,12,13,76,2
6.09,202,11,0,3,0,1,2638,48,73,83,3
9.59,397,462,3,4,1,2,1041,20,19,81,1
6.84,281,243,0,2,1,1,580,60,22,69,2
6.91,302,51,2,6,3,2,2968,84,53,75,2
7.12,29,185,3,5,5,0,1885,39,72,96,2
6.51,55,232,1,2,2,1,2479,10,61,65,3
8.56,118,1,3,1,5,4,2033,90,61,71,2
6.3,425,0,3,7,3,2,1848,68,63,60,1
6.54,131,238,0,0,5,4,505,12,73,75,2
8.58,230,54,3,3,5,3,383,75,52,93,1
7.36,394,494,4,6,1,2,332,39,60,96,1
8.83,151,219,3,6,0,2,839,32,52,86,1
8.23,469,103,0,5,1,4,2627,57,2,64,2
7.02,450,354,4,5,3,4,1248,93,11,78,1
8.6,420,417,1,3,5,4,1163,66,19,70,1
6.47,385,447,2,7,5,2,770,47,24,96,1
8.15,395,323,3,7,0,0,1297,86,88,70,1
7.75,20,337,4,0,2,3,2730,94,27,67,2
7.07,452,395,4,5,3,4,2874,5,15,75,1
8.42,454,305,1,7,5,0,125,74,50,90,1
9.49,447,276,1,5,5,4,2081,36,39,70,1
10.0,67,9,2,7,4,2,301,38,20,60,1
8.43,125,340,2,0,5,0,78,46,70,76,1
7.62,42,103,0,5,1,2,2353,36,75,84,2
6.9,181,344,2,5,2,1,1130,38,98,85,1
7.03,488,369,2,5,2,4,2580,5,81,93,2
7.92,99,464,4,1,5,3,111,17,81,61,1
7.47,378,370,3,0,0,0,181,64,10,75,1
9.66,445,197,3,7,3,1,2705,81,31,90,1
7.47,469,13,2,4,5,4,2413,51,96,81,2
7.49,348,484,0,1,5,1,1672,10,46,81,2
7.53,456,167,0,2,1,0,2801,5,44,91,2
9.35,473,359,3,0,5,3,165,68,96,65,1
8.6,395,337,1,2,4,0,484,23,78,61,1
8.46,239,29,4,1,1,3,305,65,17,66,1
7.34,384,456,2,5,5,2,452,34,85,70,1
9.27,199,13,4,4,5,4,1844,97,5,69,1
6.15,416,237,2,6,3,1,822,1,58,75,1
9.48,447,435,2,4,2,2,1588,11,85,60,1
8.05,115,365,3,0,4,4,2133,1,5,94,2
7.59,114,400,4,4,0,1,875,49,14,97,1
7.99,451,61,4,5,3,2,1194,34,93,98,1
8.67,141,481,1,7,1,4,1691,92,60,69,1
6.05,118,109,1,6,3,4,2399,96,29,94,2
9.49,92,405,4,3,0,2,528,4,45,72,1
7.79,397,308,1,7,1,0,1741,58,95,73,1
7.37,8,159,1,5,4,3,2119,32,83,71,2
6.55,72,331,2,1,1,3,971,53,16,62,2
7.76,25,54,3,5,1,0,1267,76,92,97,1
7.99,432,248,2,4,0,4,1995,30,74,70,1
7.61,238,463,1,1,1,1,634,99,83,93,2
8.71,361,255,2,1,3,0,1760,18,83,84,1
7.68,144,21,2,5,2,4,1313,24,7,82,1
9.85,488,421,0,5,0,2,2077,62,49,67,1
8.4,67,433,2,3,0,2,863,34,16,86,1
9.23,187,102,2,7,0,4,2395,52,56,63,1
6.44,365,449,3,5,3,2,2919,36,57,83,2
7.59,130,300,4,7,3,3,1767,96,75,72,1
7.35,220,374,0,5,3,0,1544,42,95,100,2
8.28,280,263,0,6,5,3,1579,2,85,90,2
9.44,276,235,0,0,3,4,2479,50,26,73,2
6.31,139,320,0,1,1,0,2828,46,57,79,3
6.29,53,232,3,3,0,2,340,57,100,96,1
9.4,0,167,4,4,5,0,40,87,50,81,1
6.85,127,232,3,7,0,0,2488,2,46,71,2
8.68,0,4,0,6,4,2,973,70,56,62,2
8.17,172,44,4,2,2,1,2414,76,49,91,2
9.33,429,45,3,0,1,2,1281,56,89,64,1
6.5,431,163,4,6,2,3,673,23,30,91,1
6.52,390,400,3,5,1,1,2236,93,28,71,1
8.23,265,168,4,2,1,3,34,68,94,87,1
9.79,398,413,3,3,1,4,1096,22,23,86,1
7.66,295,435,0,1,0,3,1825,43,62,82,2
7.31,255,334,0,3,2,0,1255,53,67,63,2
8.43,394,403,0,0,2,4,1685,26,77,64,2
9.72,439,163,3,0,3,1,2529,62,76,97,1
9.35,173,255,4,4,2,3,2539,17,22,68,1
9.98,44,65,4,7,3,4,2796,39,7,68,1
6.09,342,428,1,3,4,3,177,83,12,88,1
6.45,140,259,2,0,3,0,1035,69,0,76,2
8.44,26,433,0,3,5,0,635,93,62,78,2
9.28,232,87,0,4,1,1,2266,69,26,61,2
7.14,208,239,0,4,0,2,1157,16,80,91,2
6.96,49,310,1,3,5,2,1596,52,40,74,2
9.15,60,58,1,5,1,0,1182,35,8,100,1
6.23,242,169,1,0,4,4,2626,63,26,61,3
7.48,268,257,0,6,5,1,1496,78,89,73,2
8.02,139,45,4,1,0,3,2192,51,20,91,2
8.24,156,1,0,5,4,3,210,80,45,98,1
8.91,84,433,1,1,5,4,2138,24,47,85,2
7.42,83,128,1,5,1,2,1036,43,67,71,2
8.45,275,268,2,4,0,0,2372,93,13,85,2
8.34,30,325,3,0,4,0,1275,39,41,95,2
8.19,7,277,2,4,5,1,2290,80,58,71,2
8.56,279,16,2,6,3,0,2587,68,74,92,2
7.04,202,186,0,4,2,2,2613,43,61,85,2
6.34,422,496,3,4,1,2,2903,47,3,82,2
6.48,32,341,3,6,3,4,1109,56,58,72,1
6.9,297,490,0,4,4,1,1200,41,33,96,2
8.0,142,325,4,3,4,1,293,34,4,99,1
9.36,451,115,0,3,5,0,2018,10,31,87,2
8.81,448,258,4,0,5,3,1069,27,79,93,1
9.16,415,365,4,5,0,1,715,43,91,100,1
7.4,394,248,3,0,3,0,643,19,65,78,1
7.62,349,197,0,2,4,3,2438,1,34,84,2
7.57,36,336,0,1,0,0,1486,32,7,94,2
6.77,146,226,3,6,2,4,2205,35,56,80,2
6.24,434,176,2,3,2,1,2209,9,24,65,2
8.36,227,242,0,6,0,0,1553,59,22,75,2
9.96,33,433,1,0,3,4,1977,44,35,83,2
6.67,454,356,1,7,0,0,779,82,24,75,1
6.19,443,494,0,5,5,2,223,57,16,89,1
9.12,236,34,4,4,0,0,2960,24,62,87,1
7.01,211,406,3,3,3,2,2172,90,63,69,2
9.32,308,455,4,1,2,1,2853,34,89,76,2
8.82,139,134,1,3,4,0,1174,86,36,79,2
9.78,189,305,1,5,2,4,547,33,84,95,1
7.64,95,9,3,1,5,1,2866,7,4,83,2
8.65,193,473,1,2,3,1,2933,65,23,75,2
7.86,469,182,2,0,1,2,1551,57,73,79,2
8.52,360,201,1,5,3,1,1880,88,65,85,1
7.8,303,18,4,1,2,0,1330,8,89,88,1
6.75,295,22,4,2,2,0,16,88,72,81,1
8.03,151,94,2,5,3,2,513,44,47,79,1
8.11,433,63,4,5,3,0,1058,92,29,91,1
9.24,222,416,4,3,3,2,354,21,38,88,1
8.94,195,449,4,0,2,3,1488,13,99,82,1
8.66,87,219,0,6,5,2,1128,51,62,93,2
6.45,298,95,2,6,0,4,1313,47,95,71,1
8.88,16,352,2,1,1,4,143,74,56,78,1
8.0,487,264,1,5,0,0,977,50,71,76,1
9.58,210,380,2,6,5,3,2746,12,60,98,2
9.68,231,156,3,5,2,4,337,32,2,81,1
6.22,357,206,2,1,0,4,1827,2,3,69,2
9.28,182,273,3,7,3,4,693,51,88,77,1
6.15,161,337,4,6,4,0,1016,35,48,64,1
7.47,366,245,3,5,3,1,1949,50,90,60,1
8.17,480,198,0,0,1,1,2424,47,15,85,2
6.59,69,461,4,5,3,1,2106,41,22,84,2
8.99,59,284,3,7,4,0,2021,31,25,72,1
6.03,178,497,4,7,2,1,589,99,78,98,1
6.67,483,371,0,6,0,2,1063,42,25,98,1
8.32,76,82,4,3,3,0,1537,99,24,71,1
8.86,494,316,4,3,5,0,561,98,41,79,1
9.67,456,132,2,4,0,3,1357,4,74,65,1
8.82,34,104,1,7,1,4,2929,11,76,77,2
8.69,417,369,3,5,5,3,344,82,43,61,1
7.58,15,236,1,3,5,1,2381,62,0,68,2
6.01,465,68,0,0,0,0,1380,26,35,92,2
6.48,401,183,0,2,1,0,2949,34,94,60,3
8.14,293,117,4,0,1,1,951,73,21,70,1
8.7,497,179,1,1,5,4,846,27,99,81,1
7.67,170,270,3,5,3,3,365,96,4,63,1
8.92,31,89,3,6,5,4,1271,46,18,80,1
8.09,262,87,4,4,5,1,498,46,94,88,1
6.3,214,82,3,4,5,3,836,42,86,79,1
6.77,470,19,2,6,4,3,1087,35,60,64,1
9.36,45,106,1,6,0,4,1616,98,85,86,2
8.9,188,328,0,2,1,4,2916,16,56,92,2
9.58,273,500,3,6,1,0,1264,74,94,77,1
6.47,70,347,3,5,1,0,1621,35,20,81,2
9.96,489,271,3,1,2,4,2648,36,66,100,1
6.84,295,330,4,6,5,1,1363,17,52,96,1
6.05,87,97,0,3,0,4,1122,30,59,77,2
9.99,333,408,1,6,0,0,2006,98,60,80,1
7.12,433,231,3,3,1,3,1518,27,74,65,1
8.67,260,374,2,3,0,1,1795,64,11,87,1
6.71,493,56,4,0,0,0,679,30,41,61,1
8.32,181,148,1,3,2,1,2519,26,88,74,2
9.62,341,388,3,7,1,1,2315,39,47,70,1
7.28,441,458,1,7,0,3,1760,11,84,70,1
8.68,21,234,4,1,4,0,1391,75,70,85,1
6.75,73,136,2,4,1,4,1310,90,94,86,2
8.5,89,266,3,0,0,1,2866,26,74,82,2
7.35,334,228,2,3,2,1,1508,60,64,67,1
6.84,165,360,4,1,5,3,2627,80,77,79,2
7.25,488,320,2,2,4,0,1764,24,46,93,2
6.72,233,446,4,1,3,1,1296,93,22,85,1
9.61,374,281,2,4,3,1,1184,9,99,60,1
7.59,432,201,1,7,5,2,868,14,42,83,1
6.98,128,231,1,1,4,2,2750,18,68,100,3
7.79,333,18,4,7,3,1,2278,67,39,88,1
7.28,291,15,1,6,4,3,2774,14,55,70,2
8.98,94,492,2,1,5,4,498,100,68,67,1
9.88,27,55,2,6,5,2,2254,14,65,89,2
7.75,353,356,3,6,0,2,199,96,37,74,1
9.44,34,113,4,0,3,0,2370,50,69,77,2
8.26,443,488,1,4,3,4,2408,12,80,84,2
6.63,230,67,4,3,4,2,1419,80,4,70,1
8.76,317,77,1,6,0,4,2545,82,77,68,2
8.05,342,29,3,6,0,4,458,58,99,91,1
8.6,429,6,2,4,1,0,902,12,59,71,1
9.56,363,395,2,2,1,1,1939,69,46,82,1
7.76,466,151,0,5,0,1,153,56,91,83,1
9.6,124,486,4,6,5,2,310,53,75,78,1
9.0,465,362,1,6,5,0,452,39,96,69,1
7.95,78,21,0,4,5,2,2316,93,39,77,2
8.41,380,430,4,0,4,2,902,99,23,74,1
7.3,60,29,1,3,2,1,2805,30,17,89,3
9.93,448,443,3,4,2,0,202,52,74,93,1
8.67,216,166,4,5,1,4,1883,12,88,98,1
6.18,281,147,1,6,3,1,360,23,82,72,1
7.31,162,409,2,3,2,2,1137,92,67,82,2
8.49,56,48,4,6,3,2,1318,55,61,81,1
6.23,462,324,1,0,3,3,1189,45,6,86,2
6.1,190,487,2,6,5,0,508,1,81,64,1
7.8,131,297,2,6,5,4,1177,53,14,70,1
7.33,462,261,0,1,5,4,2476,79,78,99,2
7.75,41,180,1,6,0,2,1084,75,65,65,2
7.05,485,289,0,5,2,3,910,27,35,62,1
6.66,172,121,0,2,2,3,67,89,58,91,2
8.76,166,123,3,4,3,0,628,95,70,69,1
8.06,249,452,0,3,3,2,2628,60,28,99,2
6.8,192,265,0,4,5,2,676,67,24,79,2
7.28,277,27,3,7,0,2,2329,4,54,77,1
8.37,394,258,3,6,5,0,1032,16,20,93,1
6.29,237,76,4,0,4,4,1305,19,48,77,2
6.59,229,431,0,1,2,1,1566,39,11,61,2
6.29,164,366,2,0,5,3,1651,92,7,72,2
9.25,242,193,3,5,5,4,335,88,84,72,1
9.01,89,381,1,6,2,1,188,81,40,85,1
9.01,178,34,4,6,0,4,813,21,23,71,1
8.87,474,435,4,3,0,4,1765,52,35,71,1
8.68,57,113,0,4,4,4,559,71,1,71,2
7.91,460,61,2,6,3,4,850,39,28,82,1
8.57,262,51,3,7,2,2,2090,46,12,77,1
6.15,135,115,1,3,3,4,2226,73,88,83,2
8.49,237,46,0,6,2,1,1799,80,6,86,2
9.11,306,437,2,5,0,1,4,45,39,65,1
8.0,242,411,0,5,5,3,310,57,99,99,1
7.43,150,100,0,7,0,0,1709,83,58,62,2
7.11,345,278,4,6,0,1,799,26,57,90,1
8.57,363,106,1,0,4,1,1104,1,99,91,2
8.77,246,470,1,4,2,1,2109,51,10,87,2
9.48,218,34,1,3,0,1,2426,28,28,68,2
7.37,8,488,1,4,5,0,1411,5,16,93,2
9.08,429,358,3,2,4,0,943,19,12,86,1
8.25,293,374,3,0,3,4,2563,100,8,86,2
9.53,366,287,1,0,4,1,2051,82,93,84,2
8.11,12,1,2,2,4,1,477,74,41,78,1
8.07,262,238,3,1,1,3,59,17,8,73,1
8.31,394,491,3,5,3,3,309,21,20,99,1
9.0,457,367,2,3,1,3,1424,50,77,78,1
9.86,224,377,1,6,5,3,2202,13,26,71,1
6.29,230,271,0,1,2,4,678,5,54,90,2
6.21,177,143,3,4,4,2,369,20,34,95,1
9.75,246,434,0,3,4,3,243,63,90,84,1
8.12,66,450,0,6,4,3,2325,7,39,65,2
8.46,296,91,2,6,4,0,681,17,88,73,1
7.93,156,220,1,3,1,1,2137,21,11,66,2
6.37,164,53,0,5,2,4,1283,69,71,88,2
9.07,183,403,1,7,1,1,2285,98,28,85,2
8.99,492,227,4,3,4,2,2360,53,4,93,1
7.25,207,32,1,2,2,4,190,34,59,98,1
7.22,15,213,2,6,3,2,729,44,18,95,1
9.35,299,135,2,0,1,1,1248,52,34,70,1
6.29,305,247,4,7,0,0,1620,53,45,71,1
9.52,490,494,2,2,3,3,15,56,45,76,1
7.03,240,407,1,2,3,1,766,72,44,100,2
8.37,454,52,1,6,4,4,1054,79,38,82,1
9.74,462,63,1,2,4,3,460,74,40,90,1
8.71,229,313,2,7,3,4,832,47,88,77,1
7.66,389,373,1,7,1,2,1270,84,17,85,1
8.76,17,36,3,1,2,4,2367,41,58,82,2
7.38,146,211,4,7,1,0,2055,22,86,67,1
7.11,243,11,3,2,1,2,86,53,29,82,1
9.99,50,467,1,0,3,1,1352,61,64,70,2
9.0,449,83,2,3,1,3,215,57,89,90,1
8.58,258,387,4,1,2,3,2892,44,83,78,2
7.42,237,93,3,7,3,0,2310,83,40,81,1
6.2,245,414,1,6,1,4,2746,80,84,100,2
6.12,344,341,2,5,4,1,1550,94,54,76,2
8.22,483,206,1,2,5,4,2309,81,58,86,2
9.05,309,37,3,2,1,4,56,28,44,90,1
8.15,48,420,3,3,5,0,2681,47,83,76,2
9.36,283,347,4,3,5,2,510,31,66,76,1
6.13,37,202,2,5,5,2,1689,7,16,93,2
7.47,283,269,0,1,3,0,444,49,90,94,2
6.95,31,74,1,5,3,0,1156,8,81,70,2
7.79,242,127,2,5,5,0,2589,45,73,79,2
6.29,40,328,0,0,4,4,1769,5,19,63,3
9.82,291,151,2,1,3,4,2671,68,22,62,2
6.89,102,9,1,3,5,1,1650,44,63,67,2
9.69,291,37,1,0,5,0,2311,76,7,95,2
7.7,106,426,4,6,0,4,916,24,100,95,1
9.94,245,104,3,2,3,2,1392,94,64,78,1
8.22,381,164,3,5,1,0,2603,97,59,79,1
9.72,86,425,3,2,2,2,356,80,6,64,1
6.02,65,31,4,4,1,3,2876,56,3,85,2
8.99,137,211,3,7,3,1,477,25,27,81,1
9.61,325,13,2,3,5,3,668,83,18,85,1
6.56,199,229,3,4,0,1,2088,5,5,69,2
6.38,334,131,3,1,1,0,1347,95,25,83,2
7.7,492,151,1,1,2,1,2853,96,39,95,2
9.73,92,95,4,5,5,4,355,58,100,91,1
8.17,446,500,4,0,1,2,315,83,18,84,1
8.11,347,9,3,5,4,4,1812,59,80,74,1
6.56,277,373,0,3,0,0,447,10,92,98,2
6.0,481,362,1,0,3,3,2761,46,20,93,2
9.24,19,15,3,0,1,2,163,51,4,75,1
6.35,288,166,0,6,1,0,314,9,16,69,1
8.54,398,95,2,6,1,4,1913,42,37,65,1
9.66,390,17,1,1,1,4,1595,38,61,96,1
6.83,471,408,4,1,2,1,885,82,39,100,1
8.66,89,6,0,7,4,1,2709,26,6,80,2
6.31,49,183,3,5,5,3,1323,39,26,61,2
8.42,9,381,0,3,4,1,1835,97,30,97,2
6.66,78,244,4,1,0,1,2264,35,97,78,2
8.94,36,430,2,3,0,1,1383,19,61,100,2
7.2,58,370,0,4,2,3,2177,45,25,97,2
7.85,87,465,3,7,4,0,1198,68,69,82,1
8.4,458,366,0,5,0,2,1151,73,30,76,1
6.69,103,81,2,2,3,0,927,62,11,65,2
8.97,318,130,0,5,4,0,2623,31,14,93,2
7.21,276,128,2,4,1,0,1454,39,57,74,1
8.65,103,288,2,6,4,4,1810,39,0,86,1
6.63,253,454,1,7,3,2,283,91,61,81,1
8.75,229,73,1,6,1,2,2025,28,58,94,2
6.51,334,363,3,1,4,4,2222,21,89,78,2
7.7,462,58,3,2,1,4,2621,72,36,61,2
6.99,36,71,3,2,1,1,1251,65,5,79,2
8.99,300,159,2,5,2,4,2660,76,23,92,2
7.05,141,86,2,5,3,3,1141,34,46,76,1
9.53,42,400,1,0,2,4,192,26,63,99,1
9.57,115,461,2,2,4,1,2171,62,35,100,2
6.79,340,16,1,3,5,4,269,29,82,61,1
8.46,491,88,0,1,1,3,434,28,55,71,1
6.35,83,148,3,6,4,4,2176,34,81,77,2
7.57,416,310,3,1,4,0,1544,36,79,82,1
8.85,258,5,4,0,5,2,1464,25,16,78,1
8.64,359,83,1,5,2,3,184,3,10,64,1
8.5,86,432,4,5,4,3,136,98,3,80,1
7.13,427,83,3,0,3,3,1488,9,79,79,1
7.51,366,249,4,1,1,0,685,19,8,75,1
6.41,342,153,0,0,0,0,354,59,86,65,2
8.88,346,415,4,2,5,2,1176,9,73,85,1
8.02,290,71,0,6,3,1,2934,29,89,91,2
8.84,408,108,3,2,0,2,21,74,99,94,1
7.0,95,111,2,3,5,3,653,15,38,82,1
7.3,254,171,1,5,0,3,1330,6,66,96,2
7.34,341,186,4,0,2,3,435,22,83,77,1
6.1,135,284,0,1,0,2,1028,39,80,80,2
7.36,247,272,3,7,1,1,1757,0,46,72,1
9.21,498,17,3,5,2,1,1918,44,27,87,1
9.59,371,167,2,7,3,2,1980,6,0,73,1
8.07,445,318,3,5,3,3,930,40,35,100,1
7.82,485,81,3,7,3,2,1097,67,88,89,1
6.12,401,74,2,4,5,2,2969,1,96,96,2
9.52,91,428,3,1,4,4,2153,16,49,94,2
6.05,411,459,0,5,2,4,132,8,84,100,1
9.78,458,334,4,4,2,0,2368,10,93,100,1
7.96,395,345,4,4,2,0,848,43,76,99,1
7.37,447,248,0,6,1,2,2073,82,38,81,2
9.7,246,130,4,3,2,4,519,55,49,94,1
6.1,257,386,3,4,1,3,1918,13,22,97,2
8.33,186,421,4,2,5,0,2733,78,52,72,2
8.2,420,354,4,7,3,3,1541,46,5,68,1
6.88,123,200,3,2,4,3,277,71,82,75,1
7.72,259,362,4,5,0,0,2722,58,9,72,1
8.61,168,295,3,3,4,2,2480,59,15,77,2
8.91,428,67,2,1,4,4,2966,32,76,68,2
6.0,364,437,2,1,5,0,2139,55,21,67,2
9.75,110,19,4,5,4,1,2109,1,65,78,1
6.66,289,270,2,5,0,1,335,1,41,75,1
6.93,86,92,4,1,1,3,2679,59,89,70,2
7.05,12,132,2,1,3,1,2947,19,4,87,3
6.15,262,294,4,2,5,3,623,22,93,91,1
6.49,287,295,1,2,0,4,2104,81,36,78,2
9.95,22,134,0,3,3,0,1217,29,85,66,2
7.26,432,455,2,3,1,0,2927,84,50,83,2
6.46,199,351,3,3,3,4,2633,35,81,82,2
6.43,241,355,0,1,1,3,679,66,92,66,2
8.88,238,32,4,1,0,2,1050,56,18,99,1
9.42,302,373,0,2,0,1,2063,16,3,99,2
7.03,164,292,3,2,3,4,1838,23,71,96,2
6.08,225,31,3,7,5,1,2326,67,26,74,2
6.89,175,42,4,0,3,2,934,72,54,82,1
6.23,28,446,2,0,4,3,2862,32,92,74,3
6.41,164,291,2,5,4,1,1540,56,96,67,2
7.73,22,353,1,1,3,3,2069,97,6,68,2
6.92,293,304,3,5,4,2,46,44,60,96,1
8.06,476,280,1,2,3,3,2137,53,98,86,2
7.01,382,107,3,1,2,2,508,31,67,81,1
9.76,43,95,1,5,4,0,2321,58,25,81,2
9.62,260,65,2,5,3,1,1120,7,58,79,1
8.27,179,8,3,4,2,1,2800,59,76,80,2
7.42,295,229,2,0,4,2,897,14,74,73,2
7.52,138,220,0,3,0,2,2799,30,38,80,3
7.65,333,357,2,1,3,4,1993,63,33,81,2
8.91,247,401,3,6,0,2,1517,4,24,92,1
7.81,240,277,0,4,5,2,218,41,84,73,1
9.43,105,98,1,3,4,3,1315,28,35,72,2
9.78,385,270,4,5,5,3,2934,13,65,81,1
7.34,418,262,3,4,2,1,2473,51,88,85,1
8.24,172,396,4,6,3,3,596,52,95,80,1
6.38,48,361,4,2,2,3,945,12,64,74,1
6.8,122,163,0,2,0,1,2586,59,96,70,3
7.65,34,15,1,2,3,0,2281,47,5,71,2
6.82,105,168,2,5,5,4,162,25,12,65,1
9.51,475,20,0,3,0,3,2799,83,16,91,2
6.63,327,27,1,3,0,0,1610,30,79,83,2
7.82,415,329,2,2,2,4,2270,35,37,76,2
8.42,195,82,2,5,5,1,1284,26,85,98,1
8.77,108,272,1,3,4,3,359,100,42,93,1
7.53,124,320,2,7,5,3,2274,96,40,83,2
9.48,326,396,3,7,0,2,2313,92,70,84,1
8.27,294,35,3,2,0,3,69,90,1,81,1
7.76,431,494,0,1,1,3,2026,3,0,82,2
6.27,346,313,2,2,2,0,9,74,18,81,1
7.86,36,489,2,5,0,0,281,88,15,79,1
9.28,187,275,1,0,5,3,1576,4,33,71,2
8.46,336,232,3,1,1,4,1219,50,92,76,1
9.33,457,103,4,5,2,1,793,65,71,86,1
7.98,387,435,0,6,3,0,307,39,89,60,1
6.47,22,5,3,2,4,4,146,76,10,99,1
6.05,397,22,1,0,2,3,443,26,73,60,2
7.21,260,169,0,2,0,2,309,80,67,96,2
8.79,193,151,4,1,1,0,482,94,50,73,1
9.16,365,243,0,7,1,0,1432,53,97,85,1
7.18,151,240,3,2,3,2,1597,74,48,62,2
7.98,17,260,4,7,1,3,2290,8,22,81,1
7.68,26,415,1,7,0,0,1593,10,1,98,2
7.64,23,45,0,3,2,3,1357,6,96,75,2
6.93,28,272,3,2,3,4,583,100,31,67,1
6.55,138,74,1,1,4,0,2419,69,53,70,3
6.79,495,282,4,7,4,3,2722,29,19,84,1
6.22,145,195,0,4,0,4,54,92,76,76,2
6.79,122,22,2,2,3,0,577,94,66,84,2
6.04,127,86,3,3,3,1,1269,86,92,79,2
8.51,367,368,3,7,0,3,200,76,17,74,1
7.27,116,120,2,6,5,4,2483,36,69,66,2
9.89,131,417,1,1,3,1,1397,75,13,81,2
6.77,288,148,3,0,1,3,1409,44,67,91,2
7.38,205,149,1,7,1,0,2713,81,89,84,2
7.43,235,64,4,4,0,3,1245,75,75,74,1
6.03,41,159,2,6,0,4,564,66,60,69,1
9.36,159,445,1,5,1,0,1095,47,37,64,1
6.13,251,283,4,2,2,0,483,99,57,76,1
9.76,178,81,0,1,0,0,656,80,91,65,2
9.57,124,6,3,3,1,2,2946,9,40,62,2
8.14,259,181,2,7,2,4,1754,12,5,90,1
8.17,275,357,0,3,2,1,2373,59,3,67,2
8.62,212,453,0,1,5,0,5,22,71,92,1
7.55,450,13,0,6,1,4,1609,29,43,82,2
8.59,472,477,1,3,5,2,949,60,94,71,1
6.18,323,182,3,5,1,2,1019,27,95,69,1
6.22,189,313,2,7,3,0,1264,22,3,92,1
7.83,57,43,3,6,2,4,2962,68,27,72,2
8.2,430,173,3,4,4,2,1811,48,6,65,1
9.55,202,13,3,0,3,0,1215,29,8,83,1
6.42,79,299,4,6,3,3,1030,72,66,86,1
9.29,442,424,4,3,2,3,1343,97,52,87,1
6.84,227,72,4,3,2,3,1947,25,96,94,1
7.58,389,222,4,0,2,1,1521,80,19,83,1
7.27,94,1,3,4,0,4,2998,33,18,69,2
7.6,423,209,3,4,1,3,1439,67,15,79,1
6.6,460,260,2,4,5,2,1941,77,2,81,2
8.01,406,89,2,5,1,1,1038,1,5,78,1
9.21,435,342,2,6,1,3,1232,47,92,77,1
7.77,3,395,2,3,2,0,2,69,53,75,1
7.96,164,333,2,7,3,2,402,72,97,69,1
9.4,425,251,4,6,2,1,530,23,77,65,1
8.82,484,382,3,3,2,1,762,13,25,72,1
7.96,299,332,2,7,3,2,2130,76,33,67,1
7.03,480,354,1,4,4,3,2899,74,8,83,2
9.54,380,46,2,3,5,0,793,88,54,79,1
8.31,41,334,2,6,0,0,899,29,32,84,1
6.88,284,162,3,2,4,0,1510,87,59,64,2
7.08,228,115,4,6,2,1,569,33,18,63,1
9.21,402,402,0,3,1,3,1484,22,72,85,1
6.18,242,78,3,5,1,2,1846,82,38,94,2
9.97,211,446,4,4,3,4,2181,64,5,74,1
6.52,415,370,1,6,2,0,1951,78,22,94,2
9.18,299,7,0,1,3,2,2840,45,56,70,2
7.58,54,22,4,7,3,2,1259,61,8,92,1
7.97,335,268,4,4,0,0,2176,53,89,99,1
9.52,388,278,3,1,3,4,428,15,9,63,1
7.65,368,30,4,3,2,1,344,59,69,80,1
8.15,429,413,2,3,0,1,1149,97,13,62,1
6.2,459,169,4,5,1,3,796,64,16,91,1
6.01,172,129,0,1,0,1,2683,57,67,94,3
6.98,276,394,4,6,2,2,1797,21,77,60,1
8.72,333,408,1,4,5,1,717,52,23,77,1
6.49,228,156,2,0,4,3,1039,1,12,65,2
6.46,405,21,0,6,0,2,1129,48,58,78,2
7.64,29,125,0,0,5,2,1550,12,100,90,2
8.59,22,402,3,4,4,4,219,34,64,67,1
8.85,4,456,3,3,0,0,1418,20,37,65,1
6.71,62,168,2,1,0,0,2647,40,96,98,2
6.32,220,165,0,6,3,0,2941,71,16,82,2
9.76,314,156,1,1,4,3,2405,28,13,63,2
7.04,477,329,4,4,5,1,732,72,80,71,1
9.41,81,21,4,4,4,0,2348,52,45,74,1
9.45,493,471,4,2,0,1,1869,3,15,63,1
9.09,241,263,3,5,2,0,164,66,70,69,1
6.68,252,302,0,7,2,4,896,3,46,89,2
9.29,51,389,0,1,4,1,1467,90,75,98,2
9.08,320,262,1,5,3,3,672,36,22,71,1
8.39,38,211,3,2,3,3,1389,93,5,98,2
7.35,464,464,1,3,2,1,1540,78,37,67,2
7.05,258,163,0,1,3,3,1662,15,29,65,2
6.49,425,135,4,5,0,2,2817,91,21,76,1
8.04,326,251,3,4,0,3,1148,54,0,82,1
8.34,410,204,3,4,4,4,1234,75,66,66,1
7.44,411,343,3,3,5,4,2125,88,39,92,1
7.9,491,301,4,5,1,1,2777,27,0,66,1
7.45,437,241,3,5,2,3,1557,59,100,91,1
8.56,478,319,2,0,2,1,2895,3,99,88,2
9.61,270,414,3,7,1,0,2729,98,96,89,1
6.66,436,278,4,2,3,2,297,38,47,72,1
7.53,495,60,3,4,0,1,2165,68,38,97,1
6.56,71,464,2,5,0,1,1507,28,43,77,2
8.5,69,305,2,6,2,1,1924,16,48,89,2
8.92,219,301,3,1,2,1,2245,30,60,80,2
9.73,3,471,0,5,3,4,1708,11,74,97,2
7.12,349,298,0,1,3,2,2235,99,53,89,2
9.8,490,393,1,7,2,0,678,94,95,77,1
6.25,400,94,2,6,3,2,280,10,18,93,1
8.41,289,492,0,1,1,1,1256,45,20,88,2
6.23,379,147,1,3,0,4,1811,38,74,79,2
9.58,389,399,0,6,2,0,2900,29,85,90,2
8.12,291,461,3,0,1,1,1915,31,18,95,2
8.68,354,258,2,7,1,1,599,71,27,78,1
9.33,230,29,0,2,5,3,1615,73,95,72,2
6.6,422,17,3,1,4,2,597,10,89,72,1
6.15,79,186,1,1,2,2,1124,26,18,65,2
9.52,65,453,3,7,4,2,2687,5,14,82,1
7.26,135,211,1,4,1,3,1933,54,4,87,2
6.52,398,34,0,7,2,4,778,5,11,60,1
7.87,190,146,4,0,4,4,2875,29,22,65,2
8.39,346,281,3,4,0,4,814,17,48,98,1
6.12,335,34,4,7,2,0,2661,38,80,99,1
7.1,448,75,2,3,4,3,1915,77,10,92,2
6.13,58,71,4,3,3,3,1824,62,94,80,2
7.68,265,248,2,2,2,4,2343,14,40,72,2
9.58,6,56,0,6,5,4,495,49,57,76,1
9.93,367,356,0,3,3,4,1203,52,71,90,1
8.55,201,304,3,6,2,3,1680,99,39,75,1
6.65,331,9,4,2,4,4,295,86,21,99,1
9.62,464,212,2,4,4,2,849,35,95,76,1
8.06,236,496,2,1,5,4,2752,88,9,67,2
6.61,267,360,4,1,2,2,1712,8,38,84,2
9.69,78,236,0,6,1,1,1562,60,50,90,2
9.03,45,233,0,0,4,1,2099,100,44,87,2
8.93,242,412,2,3,5,3,2372,23,69,99,2
8.84,287,222,3,0,2,0,622,82,98,97,1
6.8,159,103,0,0,2,1,2253,99,74,67,3
6.84,114,326,1,1,0,3,2119,60,17,61,2
8.75,473,97,2,3,3,3,152,97,96,68,1
6.88,461,225,4,1,0,2,1603,74,40,79,1
7.75,113,221,4,6,3,2,195,47,76,63,1
9.13,125,323,2,5,3,4,818,34,68,94,1
9.14,89,488,2,0,0,1,2934,91,52,91,2
7.81,60,477,0,7,5,2,502,30,63,68,1
9.17,452,472,2,3,1,0,2064,99,99,89,1
9.35,499,333,2,7,2,3,223,96,45,60,1
8.62,316,279,1,5,4,4,2721,14,24,91,2
6.91,101,42,4,5,2,2,2254,65,67,96,2
7.1,113,350,0,5,5,2,2553,26,46,77,2
7.26,173,500,3,6,5,2,2738,15,28,97,2
6.47,451,381,0,1,0,1,2420,66,23,81,2
7.09,91,422,4,2,1,2,1139,62,84,78,1
6.84,182,347,3,5,4,3,2434,26,57,75,2
7.82,384,152,2,2,4,2,571,31,74,80,1
9.63,204,338,1,4,5,0,297,57,26,98,1
6.42,362,451,1,4,1,2,84,34,47,63,1
8.88,194,289,4,3,4,4,2178,23,100,74,1
8.75,304,223,4,4,4,4,2686,70,40,71,1
6.38,497,472,1,7,1,0,374,82,73,75,1
9.69,24,118,3,6,0,4,2253,4,10,88,1
8.27,233,213,3,3,0,1,648,38,42,84,1
7.45,15,52,0,0,5,3,1283,50,72,72,2
9.03,468,219,2,2,4,3,910,62,2,79,1
7.03,140,438,3,3,0,1,2391,7,48,93,2
8.77,435,242,2,6,0,4,1057,88,48,78,1
6.16,107,52,4,6,4,0,248,21,43,70,1
9.36,419,401,3,0,4,0,1691,65,5,88,1
7.79,455,116,3,2,5,3,1803,39,47,87,1
8.55,299,390,3,1,5,0,1889,45,88,78,1
6.88,338,446,0,0,0,1,604,9,70,77,2
8.71,302,330,4,7,5,3,1513,81,26,88,1
9.09,379,41,1,1,3,2,858,88,49,79,1
7.89,79,394,0,4,1,1,1374,79,85,87,2
8.47,75,246,0,6,0,1,1098,78,82,67,2
7.83,275,392,3,3,0,0,1283,70,93,99,1
9.58,401,290,0,2,3,0,2848,75,85,99,2
7.99,437,247,1,6,2,0,2954,95,22,94,2
9.37,267,100,0,7,5,2,2546,66,75,64,2
9.21,111,86,0,7,2,1,25,0,65,100,1
7.64,408,352,3,4,5,4,1470,55,28,84,1
6.92,315,448,4,0,1,3,1177,42,92,79,1
7.62,499,83,1,6,4,0,2101,86,13,66,1
9.3,74,260,3,4,0,0,483,34,72,87,1
6.91,213,220,0,1,3,1,236,64,89,84,2
8.1,499,153,1,7,4,2,1546,43,28,87,1
9.22,365,50,2,6,4,0,1614,83,4,97,1
7.41,33,37,0,1,2,2,349,79,85,72,2
8.57,140,258,4,5,0,2,1153,100,58,89,1
6.98,493,468,0,3,1,4,788,44,92,98,1
6.44,165,186,4,4,3,2,2534,34,76,67,2
9.18,395,12,2,5,0,4,1840,36,17,62,1
6.4,230,222,3,2,4,3,233,64,70,75,1
7.09,291,464,3,1,4,2,2120,46,76,75,2
9.42,27,418,3,7,1,3,2814,54,60,82,2
7.39,474,86,1,0,2,2,2874,33,47,69,2
9.89,294,258,4,4,1,4,2218,20,99,65,1
9.92,332,180,0,2,1,4,1276,25,84,78,1
7.07,426,310,1,2,0,3,7,13,91,97,1
6.16,359,172,1,6,5,1,2027,17,43,85,2
8.82,90,321,0,2,2,1,1989,87,37,77,2
7.8,114,194,2,2,4,1,1044,34,2,86,2
6.4,158,339,3,5,2,2,1113,64,27,79,1
8.83,257,495,2,1,0,1,500,15,53,65,1
6.12,372,244,2,3,0,3,2388,60,44,76,2
9.48,337,427,3,4,5,1,1080,20,85,89,1
6.55,89,328,2,1,1,3,1734,87,42,75,2
6.51,244,367,1,6,5,3,2503,25,32,84,2
6.7,297,195,0,3,0,2,1086,46,12,75,2
9.84,30,61,1,2,2,4,1408,45,40,65,2
8.77,316,24,1,0,1,2,804,17,56,96,1
9.21,357,51,4,2,1,2,1812,40,100,66,1
7.59,311,49,3,3,1,0,2542,87,4,100,2
7.35,469,377,3,7,2,1,456,91,99,91,1
6.94,227,384,1,3,1,1,1563,19,7,76,2
7.92,338,294,3,0,3,3,2949,80,65,86,2
8.21,127,51,4,5,3,4,1375,84,43,62,1
8.53,269,331,0,1,2,1,2345,17,42,87,2
7.03,269,39,2,7,4,1,85,65,80,93,1
9.79,497,231,3,5,5,4,1588,100,3,88,1
6.68,412,59,1,0,4,1,1338,35,18,63,2
9.86,208,215,3,2,1,0,1370,16,33,86,1
6.06,177,456,1,4,2,1,2559,42,61,79,2
7.92,305,365,2,1,1,0,763,69,80,71,1
7.33,190,339,3,4,1,2,2526,34,88,94,2
7.8,356,196,2,6,3,2,2775,97,4,69,2
8.28,456,275,1,4,0,0,1945,55,80,73,1
7.74,448,340,4,1,2,3,1144,85,10,81,1
7.66,67,1,4,2,0,0,425,100,57,100,1
8.93,326,468,0,5,3,3,2251,95,15,83,2
8.74,266,105,1,6,0,4,958,9,79,85,1
9.33,269,215,1,3,5,4,809,69,69,70,1
7.0,361,264,1,2,3,0,2278,76,81,79,2
8.44,466,166,4,5,5,3,1313,69,2,67,1
8.34,359,246,4,3,4,2,740,99,17,88,1
7.48,386,413,4,3,3,0,38,32,6,68,1
7.94,127,437,3,1,2,0,2486,1,74,97,2
7.26,263,209,3,1,4,3,1073,79,46,65,1
6.57,220,57,4,0,1,4,528,39,14,87,1
6.86,241,427,2,5,2,2,2262,24,100,85,2
6.42,484,42,3,6,2,3,597,83,61,68,1
8.73,243,137,3,7,5,3,812,90,77,85,1
8.64,426,108,3,4,2,2,1567,45,22,84,1
9.8,392,488,3,4,0,0,2715,14,35,65,1
8.92,18,47,0,4,0,0,1524,73,16,80,2
6.21,395,125,3,7,1,1,681,90,21,80,1
9.54,154,468,2,4,0,2,1650,16,23,100,1
9.45,228,213,0,7,2,3,1795,85,26,86,1
7.77,367,400,3,7,5,1,1498,13,16,70,1
8.34,57,127,1,0,3,1,2776,27,22,79,3
9.9,280,388,0,3,1,1,138,71,70,76,1
8.13,44,197,3,0,1,0,925,7,0,93,2
9.62,101,201,2,5,2,4,2214,28,49,81,2
6.33,47,191,4,6,4,1,2253,40,62,75,2
6.76,49,106,3,1,0,3,2822,64,49,80,2
7.76,80,193,1,2,4,0,2190,53,90,72,2
8.34,299,326,2,3,2,4,2782,72,97,93,2
9.26,58,237,0,3,4,4,743,7,36,66,2
9.95,160,131,2,0,2,1,1965,3,14,91,2
7.56,102,356,3,1,0,1,2012,84,55,72,2
6.19,333,82,1,1,0,0,2102,68,81,91,2
9.2,411,500,2,7,1,1,2202,63,55,78,1
8.42,273,283,2,5,4,0,2274,57,67,83,2
6.79,182,467,4,6,4,4,2333,40,28,99,1
7.98,416,221,4,3,4,3,2110,40,86,64,1
8.97,115,105,3,0,4,3,1416,86,42,87,1
9.08,361,293,0,4,5,2,2727,86,85,76,2
8.0,398,65,0,7,3,2,1426,58,19,99,1
7.22,444,194,1,3,1,2,2838,1,85,89,2
9.89,266,187,3,4,1,3,2706,66,11,70,1
8.65,163,46,0,2,3,1,2725,10,98,74,2
7.63,142,361,2,1,5,0,944,27,89,95,2
7.12,436,496,3,7,4,3,1773,2,13,69,1
8.92,317,358,2,3,3,2,2096,72,60,79,1
6.97,303,24,1,2,5,2,386,95,83,89,1
6.69,93,65,3,4,4,1,249,51,99,94,1
8.12,249,486,1,3,3,2,26,73,75,94,1
7.16,398,334,4,2,1,2,1284,11,60,91,1
8.52,446,66,1,3,3,0,2057,43,8,71,2
6.47,496,196,4,2,5,1,2548,55,96,66,2
8.62,342,245,3,2,2,4,1290,19,87,77,1
7.13,426,295,2,4,4,4,2289,60,72,87,2
6.0,305,99,2,1,3,2,1349,40,23,70,2
6.51,315,177,2,0,4,2,1958,11,93,93,2
9.73,239,114,1,2,0,0,1841,8,68,94,2
9.47,58,167,3,1,4,4,2225,24,7,71,2
6.93,14,118,3,5,3,1,531,74,78,71,1
9.11,284,485,4,0,4,1,1061,8,44,74,1
8.43,202,164,3,4,5,3,2273,12,52,99,1
9.88,236,218,2,3,2,3,2865,12,19,78,2
7.49,465,196,3,1,2,1,1266,6,57,99,1
8.73,295,400,4,6,3,3,390,11,78,69,1
6.25,286,317,3,7,3,0,1344,40,85,67,1
7.58,72,485,3,3,4,2,919,86,95,81,1
9.86,213,236,2,3,1,1,1998,26,69,80,1
8.16,10,168,3,7,2,4,2591,91,32,79,2
7.15,336,75,1,0,2,4,2081,30,60,64,2
6.48,224,425,4,5,0,1,2577,63,10,60,2
8.81,317,286,4,7,0,3,577,55,91,86,1
8.58,202,32,4,1,1,3,2815,33,2,95,2
7.5,230,298,3,2,2,1,1996,11,48,92,2
9.8,391,348,1,5,3,1,2627,67,56,85,2
6.09,50,229,4,0,2,1,173,19,66,73,1
7.21,56,194,0,1,3,0,2276,35,28,81,3
9.68,131,293,2,2,3,4,88,66,10,91,1
7.28,419,296,0,6,1,0,233,92,100,70,1
7.01,402,373,0,7,2,0,2800,69,54,88,2
8.14,279,446,4,6,4,2,1742,68,95,97,1
9.3,296,423,0,3,2,0,2085,62,49,88,2
6.41,304,413,0,4,2,4,1372,42,14,69,2
9.77,465,430,1,4,5,3,2331,98,3,60,1
9.18,224,277,2,0,0,4,2196,11,31,98,2
6.73,173,229,3,5,1,1,2986,54,51,79,2
8.85,291,95,4,6,4,1,921,46,61,89,1
7.54,265,382,4,2,4,1,1094,83,97,93,1
7.61,246,438,0,2,4,0,1715,88,73,90,2
9.13,77,170,3,7,3,2,1134,95,93,98,1
9.85,134,316,3,7,1,3,2215,66,40,89,1
6.51,139,329,3,4,0,0,377,61,81,98,1
7.68,341,31,4,2,3,1,2607,62,16,73,2
7.92,252,490,4,1,4,4,687,0,4,94,1
7.51,474,387,1,1,3,1,1074,0,71,84,1
7.45,175,476,4,4,3,4,2332,65,68,88,2
6.21,420,44,4,3,5,3,1823,12,80,99,1
8.74,458,71,1,3,4,1,201,81,38,60,1
7.74,419,19,4,3,4,3,1276,84,90,94,1
6.78,59,238,0,4,0,1,2864,65,31,80,3
9.26,460,198,0,0,1,1,2754,87,6,76,2
9.21,351,64,1,6,2,4,1973,69,85,73,1
7.95,253,187,1,6,2,2,2095,63,75,69,2
7.19,7,88,0,2,5,4,173,66,49,69,2
8.55,390,409,3,1,2,0,2242,49,87,60,1
7.15,106,200,4,5,0,3,2679,77,48,71,2
6.94,170,22,2,6,3,3,1500,30,42,74,2
8.92,57,295,2,1,4,2,535,93,16,74,1
6.16,336,129,1,5,1,1,916,8,70,92,1
6.38,341,153,2,7,2,3,2465,64,80,65,2
6.03,429,77,3,7,5,2,1254,54,19,89,1
6.61,289,189,2,0,1,0,601,28,90,87,2
6.28,83,299,0,7,1,3,2096,88,44,90,2
9.98,116,414,1,2,4,0,400,38,73,76,1
7.16,199,153,2,3,5,4,2046,83,69,92,2
6.6,21,112,4,5,0,3,495,11,47,80,1
6.96,218,338,1,1,4,3,423,33,31,82,2
9.74,225,485,3,6,5,1,135,21,7,62,1
8.08,404,116,0,6,0,0,2366,59,43,87,2
7.46,270,4,2,7,5,4,2732,77,61,87,2
9.49,388,376,0,3,3,2,2913,57,82,76,2
7.58,101,325,3,3,1,4,1762,91,82,96,2
7.34,144,34,2,4,2,3,1361,62,21,73,2
6.83,455,271,1,4,1,0,2993,58,34,75,2
7.51,146,158,1,2,4,3,104,70,27,84,1
7.27,260,209,4,7,5,2,2829,5,32,62,1
8.71,278,13,3,1,5,2,1306,35,5,64,1
7.16,338,24,2,4,0,3,1888,31,11,65,2
8.31,13,334,0,2,3,3,1932,58,96,90,2
6.26,265,217,0,0,3,3,1912,89,49,63,3
6.77,286,253,2,3,0,0,1998,53,97,62,2
7.63,140,483,3,1,0,1,1109,69,60,63,1
9.75,382,202,3,1,0,2,1313,33,49,98,1
7.51,405,100,0,2,3,0,323,42,75,94,1
8.66,292,360,2,4,1,2,2823,47,36,69,2
7.02,422,228,2,3,1,3,2767,49,99,64,2
6.51,393,198,0,3,5,2,1543,28,66,73,2
6.23,30,401,2,1,5,4,2778,5,99,93,3
7.22,170,177,2,1,3,2,666,64,60,61,2
6.63,354,275,1,7,2,4,76,7,91,74,1
6.7,204,311,1,3,4,0,1467,71,10,93,2
9.04,477,129,4,0,3,0,628,25,79,63,1
6.06,481,409,4,2,2,4,696,21,53,71,1
8.23,419,278,3,0,4,2,1389,15,66,72,1
7.52,290,287,1,4,1,0,2114,73,85,68,2
8.03,110,140,1,7,0,2,44,16,57,63,1
8.25,67,12,1,0,5,1,1759,71,48,90,2
7.25,182,400,1,0,4,1,1979,83,78,65,2
7.18,372,216,3,4,5,4,2917,64,98,66,2
8.93,195,185,0,5,0,4,1442,52,83,77,2
9.49,125,469,3,6,2,2,1164,59,42,97,1
6.77,174,26,0,6,5,1,1659,30,67,89,2
6.39,261,400,4,5,3,1,224,21,92,81,1
9.59,374,217,1,7,3,4,612,24,83,73,1
7.4,411,421,0,7,0,3,80,75,28,95,1
8.21,285,13,3,2,4,2,893,28,13,71,1
7.44,154,500,0,6,4,2,1433,65,0,67,2
6.5,68,141,2,3,5,0,1502,13,17,84,2
8.36,107,395,4,0,2,4,1576,49,80,70,1
8.1,422,324,4,2,3,0,2781,87,14,84,1
6.81,34,484,1,4,0,3,1968,24,88,75,2
7.81,358,323,1,6,1,0,1367,23,12,76,1
9.19,43,54,3,5,5,3,1464,11,96,87,1
8.36,142,190,0,2,3,0,828,2,23,63,2
6.39,210,284,2,5,3,4,108,78,33,93,1
8.19,477,88,4,0,2,3,2951,44,10,85,2
8.81,485,44,0,3,3,2,113,73,100,65,1
9.17,415,131,2,4,2,4,1199,9,61,80,1
8.52,487,497,0,4,2,4,1916,39,46,67,2
6.61,284,399,1,0,1,1,1893,41,24,63,2
8.84,446,497,4,5,5,2,2178,26,31,70,1
8.71,5,65,2,2,4,0,2853,61,64,93,2
6.1,217,278,1,3,3,4,837,5,28,61,2
7.65,26,323,3,4,2,0,2150,37,40,78,2
7.33,226,147,3,0,2,4,1262,29,74,98,2
8.68,283,144,1,0,4,2,2326,8,21,62,2
6.86,388,435,2,1,4,4,2886,32,75,68,2
8.36,424,5,2,5,2,0,813,22,0,90,1
9.65,55,81,4,1,3,0,996,20,15,98,1
9.19,367,467,1,2,5,2,1797,64,15,71,2
9.69,309,122,3,6,3,0,1628,75,2,71,1
9.91,335,166,1,0,5,3,1583,34,100,68,2
6.04,104,236,0,7,3,4,1879,45,99,98,2
8.49,17,104,2,5,4,3,1602,22,93,91,2
7.65,204,289,0,2,3,1,253,97,2,64,2
9.44,42,487,3,2,5,1,1858,97,98,67,2
7.01,88,237,2,3,3,4,1794,90,51,91,2
9.92,73,309,3,1,3,0,814,95,30,81,1
8.45,156,471,3,2,4,2,2757,50,34,83,2
9.17,265,81,3,3,0,1,2825,18,49,86,2
6.34,133,93,4,3,0,0,654,81,75,100,1
6.73,463,320,3,5,3,2,2753,71,93,76,2
9.03,88,342,3,1,0,4,1320,98,88,91,1
6.09,235,284,0,1,3,0,2710,47,22,97,3
9.27,131,296,0,0,4,3,2063,99,80,89,2
6.06,228,360,0,2,3,4,2969,48,64,95,3
8.63,33,318,2,3,1,1,1856,27,80,87,2
7.46,82,415,4,0,2,4,2227,99,58,78,2
8.45,416,65,2,5,4,4,1696,53,34,77,1
8.78,131,111,4,2,5,2,1247,39,62,79,1
7.37,427,355,4,2,1,1,1239,49,17,69,1
6.43,353,428,1,0,1,2,657,4,9,70,2
6.28,203,400,1,3,2,4,2430,37,46,99,2
8.36,286,170,1,0,1,0,674,48,32,93,1
8.08,335,246,4,2,2,3,965,76,5,98,1
8.97,449,65,4,7,3,3,47,78,20,97,1
8.04,496,67,2,0,4,2,682,67,46,76,1
7.69,441,491,4,0,4,0,504,54,29,82,1
7.59,315,33,3,5,4,3,109,30,89,66,1
6.11,257,0,3,2,2,0,1205,29,70,65,2
7.34,291,150,4,1,2,2,2062,65,20,83,2
9.9,453,389,3,5,1,1,2009,70,44,67,1
9.49,124,271,4,7,4,0,579,56,96,63,1
7.32,443,257,1,7,1,0,2278,72,49,76,2
8.35,150,237,4,6,3,1,2580,28,2,61,1
9.39,358,115,1,3,1,4,1469,29,75,81,1
7.77,246,75,0,2,4,4,151,82,32,95,1
6.07,174,282,3,7,2,4,2583,21,87,75,2
6.3,371,18,0,5,1,2,2988,35,70,80,2
8.04,491,283,3,6,1,4,2042,52,57,99,1
9.88,356,34,0,5,2,2,1413,56,71,67,1
8.77,301,370,4,7,2,1,1225,2,46,66,1
6.28,79,490,0,1,4,0,211,56,36,66,2
6.76,106,323,3,7,3,3,581,29,53,63,1
9.09,299,304,2,0,5,3,1732,100,34,84,2
9.37,402,240,3,1,4,2,466,15,62,65,1
8.47,304,6,2,2,1,2,645,65,6,77,1
8.58,343,36,4,5,4,0,231,74,3,74,1
6.11,57,370,3,5,4,1,1530,46,33,80,2
9.31,90,152,0,2,2,0,2637,91,38,75,2
9.15,134,244,4,6,3,2,254,28,85,83,1
7.04,349,249,3,0,5,0,2778,26,32,70,2
8.83,168,114,4,7,3,2,1232,44,74,66,1
6.86,333,40,2,7,4,3,1660,69,8,62,1
6.16,121,336,4,6,2,0,2571,62,14,96,2
6.8,499,61,0,5,2,1,67,17,91,100,1
6.71,235,168,3,7,1,3,1860,39,29,81,1
7.35,398,141,2,2,0,1,2929,68,43,85,2
7.67,75,484,4,6,1,1,1374,9,22,63,1
8.03,308,437,1,4,5,2,2099,85,67,75,2
7.91,500,257,2,1,1,1,2364,23,77,76,2
7.08,476,87,2,4,1,4,2861,56,82,78,2
6.12,22,462,0,4,0,1,1468,6,87,74,2
8.42,332,47,0,1,2,0,1594,96,56,66,2
7.58,72,434,4,2,2,2,2124,11,44,61,2
7.19,87,480,1,1,3,2,2742,80,99,99,3
9.47,102,310,2,0,3,4,1791,99,70,82,2
8.99,93,11,4,4,4,2,2097,59,17,67,1
9.43,448,210,1,5,5,2,2197,97,44,60,1
7.98,315,243,4,4,4,3,747,56,48,76,1
6.52,265,238,2,6,4,3,2971,19,14,98,2
8.78,252,196,4,2,3,3,81,52,46,67,1
6.82,357,256,0,1,3,4,2359,49,4,80,2
7.76,57,234,0,5,1,2,1473,14,99,85,2
6.26,430,186,3,6,2,2,2024,72,61,90,1
9.3,398,200,1,7,3,2,148,15,83,92,1
6.5,8,102,2,3,0,1,384,71,6,89,2
9.61,12,289,1,7,1,2,2865,61,73,89,2
9.46,406,220,0,5,0,2,1385,86,64,95,1
7.86,416,496,2,2,0,0,2662,6,97,80,2
8.98,392,495,3,2,2,0,2270,63,86,100,1
8.48,130,367,0,2,0,2,1602,91,93,96,2
9.21,221,301,0,6,0,1,574,94,39,80,1
7.73,328,186,1,1,5,1,2424,62,82,88,2
9.14,371,449,4,2,0,4,2169,73,56,67,1
7.85,152,402,1,6,0,4,1727,14,32,98,2
9.76,380,411,0,0,1,2,160,57,97,64,1
7.95,366,98,1,0,1,3,2317,6,79,73,2
7.85,471,423,4,4,2,1,2218,54,33,80,1
9.14,479,244,3,4,2,3,2826,85,29,97,1
9.29,70,312,2,1,5,4,2223,52,23,74,2
8.22,419,306,0,3,0,1,2267,21,95,89,2
6.72,344,495,1,4,4,3,1468,84,35,66,2
7.87,19,21,0,4,0,2,1469,20,15,86,2
9.87,80,67,2,4,0,3,2618,89,82,67,2
9.01,437,391,1,5,5,4,756,73,57,94,1
9.24,227,315,3,7,2,1,2298,88,2,100,1
6.13,345,64,2,6,3,1,2428,69,80,98,2
7.87,18,291,4,4,2,1,2878,14,30,90,2
8.59,443,454,4,7,1,2,1709,61,2,89,1
9.32,164,216,0,2,2,1,1844,23,11,86,2
6.2,367,28,4,4,5,3,1211,51,37,60,1
9.41,386,192,1,5,3,0,1835,79,45,92,1
8.19,106,55,4,1,0,0,2588,100,93,73,2
6.79,376,337,3,5,3,2,1813,67,61,66,1
7.27,347,387,1,2,5,3,162,17,69,81,1
7.13,213,211,0,5,5,2,2095,36,76,64,2
8.12,238,237,0,7,2,0,795,74,52,80,1
6.21,146,199,4,2,4,1,517,76,33,90,1
6.63,180,474,4,1,5,0,2321,5,4,86,2
9.25,429,177,0,7,1,0,2105,32,85,74,1
6.53,335,422,1,3,5,0,2361,35,72,82,2
6.93,439,418,2,4,3,2,2608,20,32,76,2
7.81,197,152,0,0,5,4,751,94,26,89,2
8.07,484,500,3,3,2,2,2392,51,11,95,1
9.05,286,461,1,4,0,4,896,17,17,61,1
7.79,52,43,2,0,2,2,2450,16,46,61,2
9.16,368,430,2,2,5,0,1522,8,41,92,1
8.47,239,167,1,5,5,1,2031,78,72,79,2
6.45,289,286,0,2,0,3,2346,28,88,69,2
6.63,286,196,2,2,4,4,1109,3,29,64,2
7.75,187,336,3,4,1,2,2961,87,36,76,2
7.59,394,73,1,1,3,1,2988,74,41,98,2
8.97,483,170,4,2,2,3,907,87,15,77,1
8.32,5,379,0,6,2,1,168,11,26,68,1
7.55,282,182,1,2,3,4,2044,61,22,69,2
6.68,262,15,3,2,5,4,2213,30,69,91,2
6.91,48,495,2,5,0,3,488,67,94,98,1
8.3,351,67,0,4,1,3,1611,43,77,77,2
7.69,199,374,0,7,4,4,540,19,26,83,1
8.06,59,324,1,0,3,4,1694,5,16,61,2
6.68,32,41,1,3,1,0,430,44,5,75,2
8.65,302,109,3,2,2,3,846,68,77,74,1
9.41,243,40,4,3,1,3,2987,58,82,79,1
7.03,171,305,1,1,5,4,1877,13,9,99,2
7.97,206,467,1,1,4,2,2784,78,44,99,2
9.9,374,5,1,6,1,0,866,80,55,66,1
7.33,282,330,3,1,5,2,776,78,30,77,1
8.38,477,180,2,2,2,4,555,24,90,84,1
6.36,21,272,4,3,4,0,2849,13,39,72,2
8.42,46,360,3,0,4,0,826,91,2,70,1
6.36,348,184,1,4,4,4,1557,57,46,96,2
9.84,488,322,2,3,2,1,2479,30,91,67,1
8.86,431,143,1,4,0,1,2355,26,23,86,2
9.15,157,435,3,6,2,3,2461,40,100,79,1
8.82,257,99,0,3,0,4,2064,51,10,93,2
8.36,142,89,1,2,5,4,1348,51,74,63,2
7.8,46,471,2,0,0,2,1004,35,30,74,2
9.43,26,245,4,2,2,4,1369,79,46,72,1
9.83,454,238,0,1,5,1,1605,49,77,81,2
8.0,26,417,1,0,1,4,147,98,42,85,2
9.73,468,211,1,5,2,2,679,76,10,68,1
8.33,396,80,2,5,4,3,542,20,55,64,1
8.15,438,114,0,3,1,0,1052,46,5,89,1
7.82,144,275,0,7,3,3,2829,19,0,63,2
6.84,74,79,0,6,5,2,1775,71,75,90,2
6.01,186,55,1,2,3,4,67,83,1,73,2
6.97,9,178,0,4,3,1,570,31,35,84,2
8.04,120,308,1,2,4,4,995,5,72,87,2
7.52,288,48,1,2,5,0,509,77,79,74,1
7.79,461,259,0,3,5,1,2884,33,40,62,2
9.92,164,273,3,3,4,3,1459,35,97,90,1
7.4,381,291,4,1,0,2,1,75,64,72,1
7.81,263,372,4,6,5,3,1616,33,32,68,1
6.53,160,290,3,7,4,0,1240,15,65,61,1
6.19,390,29,0,0,5,0,2564,43,92,82,3
9.1,417,373,1,2,0,4,370,34,72,92,1
8.28,326,251,2,4,3,4,1561,58,7,87,1
9.04,390,62,3,5,2,4,393,57,91,67,1
6.6,296,81,4,5,2,0,1803,76,2,95,1
8.29,117,404,4,3,5,1,199,26,43,61,1
7.01,483,435,1,3,4,3,1077,40,10,83,1
6.91,310,479,4,1,5,3,551,29,0,81,1
6.05,262,324,4,0,3,2,643,32,47,74,1
6.52,83,380,1,5,5,2,2759,99,69,83,2
7.24,145,168,0,1,3,1,1539,95,41,64,2
6.47,492,309,4,3,0,4,2956,77,76,86,2
9.94,170,342,0,6,0,4,515,47,44,92,1
7.23,488,157,2,7,3,1,2982,44,90,80,2
6.52,333,474,0,7,5,3,1487,83,86,76,2
6.8,423,55,1,4,4,4,133,53,33,94,1
8.35,308,334,1,1,4,3,1065,90,31,85,2
6.26,13,424,1,6,3,0,1393,96,60,84,2
9.45,148,141,4,2,5,2,2622,31,92,80,1
9.85,368,148,3,3,5,4,1501,92,5,70,1
6.99,250,375,4,3,2,2,1363,35,77,83,1
7.8,56,225,0,1,2,1,2430,6,77,73,3
6.09,346,473,2,4,0,0,2456,85,96,83,2
8.56,301,24,2,1,5,4,2007,24,87,68,2
7.66,409,177,2,6,3,4,540,10,61,61,1
7.08,346,364,2,4,2,3,2385,2,34,65,2
6.83,407,94,3,3,4,2,9,68,10,84,1
8.62,132,52,2,7,1,0,2047,54,13,76,1
7.66,169,303,4,6,1,3,2485,43,44,62,1
6.72,101,69,2,1,5,0,2705,96,25,64,2
8.76,475,175,1,0,3,0,1929,43,89,91,2
8.26,105,131,0,5,0,1,1768,72,39,88,2
9.43,170,407,4,1,1,1,1478,47,33,95,1
6.47,127,489,3,1,4,3,2319,74,78,95,2
9.14,249,414,4,7,4,3,623,2,91,84,1
8.69,31,338,1,6,4,3,2310,71,94,87,2
6.46,215,458,2,0,1,0,373,99,65,94,2
8.78,261,412,2,0,2,4,495,54,21,72,1
7.77,329,388,3,2,4,1,914,72,40,74,1
9.78,493,337,0,0,0,4,1510,99,58,86,2
6.57,243,450,2,4,3,2,2807,96,98,70,2
8.57,450,359,3,5,3,1,2674,86,81,65,1
7.53,390,330,2,5,3,2,114,66,31,86,1
9.83,284,212,4,2,2,2,1246,42,34,89,1
7.32,289,477,3,4,3,3,723,57,69,92,1
9.85,262,210,3,6,3,0,2618,56,3,97,1
9.61,336,436,3,2,1,4,2396,15,93,78,1
7.08,332,344,2,6,2,2,23,59,75,81,1
9.21,313,63,3,2,2,3,472,54,100,98,1
9.98,84,34,4,5,1,0,2075,45,7,72,1
7.01,414,11,0,7,0,1,1530,71,52,63,2
7.75,328,430,0,6,3,2,1869,42,84,65,2
8.08,44,345,1,4,0,3,587,0,30,88,1
7.18,302,310,4,3,1,3,2462,62,21,89,2
6.06,332,247,4,5,1,3,390,42,13,84,1
6.88,464,111,3,7,1,1,2841,87,72,74,1
7.13,199,324,1,3,1,0,2039,92,32,71,2
7.77,200,466,4,1,5,4,31,12,15,80,1
6.68,328,90,4,6,4,4,779,57,17,77,1
9.49,167,293,4,3,1,2,975,65,15,84,1
8.82,239,28,2,5,0,0,880,32,29,97,1
6.34,371,11,4,1,1,2,792,77,11,64,1
8.6,285,146,2,3,0,4,1093,73,13,71,1
8.61,189,136,4,1,1,1,2671,3,100,88,2
9.82,70,337,0,7,1,0,2142,79,93,81,2
6.01,144,156,2,7,4,0,1020,32,84,99,1
6.99,358,258,2,5,1,2,1834,12,5,90,1
9.71,485,86,3,1,3,2,250,4,23,87,1
9.73,388,157,4,5,4,1,1652,7,12,82,1
8.88,208,493,1,7,4,0,28,42,51,75,1
9.06,359,185,1,0,3,4,457,63,91,99,1
6.37,377,343,1,5,5,4,1473,71,80,92,2
8.06,384,308,1,1,4,3,2852,94,73,98,2
6.93,207,356,0,6,1,4,2837,84,76,63,2
6.72,464,228,1,5,3,3,62,73,96,65,1
9.24,221,3,3,7,1,3,950,20,70,70,1
6.54,286,56,1,5,4,2,2076,54,100,69,2
7.87,162,437,3,6,2,4,2336,74,68,90,2
9.75,364,27,2,4,3,3,1210,62,96,66,1
6.74,71,15,4,4,0,4,582,87,97,73,1
9.91,239,12,1,1,4,4,1862,60,13,65,2
9.98,413,199,3,4,2,4,1916,91,84,96,1
8.22,126,183,3,3,4,1,2496,30,81,77,2
6.68,486,308,4,4,1,3,470,75,77,92,1
7.26,84,303,2,7,5,4,1043,44,90,89,1
7.7,14,280,1,0,5,2,2056,23,38,79,2
7.24,247,321,3,4,1,1,1492,62,47,87,1
7.12,481,157,1,3,5,3,2303,44,25,60,2
9.89,311,359,0,7,1,0,2368,27,27,76,2
6.61,443,258,3,5,2,3,1752,81,64,85,1
8.93,282,406,2,3,1,1,2253,32,12,77,2
6.0,1,156,4,1,4,2,1662,14,98,97,2
8.38,73,424,3,2,4,1,553,27,85,83,1
9.66,63,93,0,3,5,4,1909,58,44,77,2
7.15,260,266,4,1,4,1,1203,27,2,98,1
6.74,346,20,2,1,3,0,1543,39,49,74,2
8.61,323,126,1,4,4,0,2557,75,84,95,2
8.85,238,346,1,7,1,4,2228,86,0,85,2
8.75,396,407,3,4,3,4,72,29,98,91,1
7.28,336,499,4,1,3,0,731,87,51,79,1
7.01,340,350,0,7,3,2,747,8,37,65,1
9.82,278,349,0,5,3,1,1283,57,9,86,1
9.69,352,448,2,0,5,0,145,12,87,67,1
7.83,433,384,4,5,2,4,1797,41,62,98,1
9.38,379,437,4,1,5,4,1519,83,51,81,1
7.81,462,455,1,4,4,2,1395,18,7,96,1
7.7,461,111,2,3,2,3,1160,63,57,97,1
6.63,200,233,2,0,5,4,1964,3,48,66,2
7.71,491,33,2,7,0,2,922,25,3,68,1
8.15,292,79,4,7,2,0,84,50,33,93,1
6.09,285,474,1,2,5,3,282,17,31,93,2
7.78,220,451,2,5,5,0,2106,96,24,87,2
9.13,406,82,1,7,3,2,2422,83,30,68,1
8.72,161,28,2,3,4,0,2032,42,9,89,2
8.54,447,488,4,4,5,1,442,62,34,97,1
9.64,182,130,1,3,4,2,2841,84,39,100,2
6.07,454,10,3,3,1,3,608,39,76,90,1
8.23,372,391,2,4,5,4,736,22,59,67,1
9.15,264,61,4,3,2,0,2054,74,77,67,1
8.17,497,358,1,1,4,2,1538,58,67,96,2
7.3,131,32,0,5,0,0,1559,5,99,73,2
6.55,321,135,4,0,0,2,605,69,2,68,1
9.55,119,408,4,7,5,2,2567,100,66,93,1
7.88,379,87,0,5,2,3,446,74,2,84,1
9.51,218,409,0,6,5,0,2078,99,63,68,2
8.34,416,409,3,4,5,0,2640,7,47,62,1
8.7,159,16,3,0,1,2,1281,87,52,97,1
9.22,299,90,3,1,5,1,406,9,7,91,1
8.64,108,412,4,4,5,4,2013,18,46,86,1
7.59,237,298,4,7,0,4,2291,23,60,69,1
8.05,292,486,4,1,1,1,2604,32,26,61,2
9.21,474,252,3,2,2,3,2057,86,72,77,1
7.49,475,72,1,7,5,1,1574,70,69,99,1
7.55,66,205,4,2,4,1,2070,47,19,83,2
6.38,315,260,4,2,1,3,681,4,99,82,1
9.66,186,177,4,0,5,2,258,100,9,100,1
6.36,35,477,3,6,0,0,129,46,27,61,1
8.59,48,311,2,7,1,4,1034,61,67,100,1
7.65,255,446,3,5,4,4,178,88,51,93,1
7.62,434,312,2,5,5,4,748,76,1,86,1
8.72,106,219,3,2,4,1,2734,9,37,94,2
6.27,7,172,1,2,0,2,2964,80,0,67,3
8.37,235,164,1,1,1,2,628,39,42,66,1
9.09,177,327,4,6,1,1,716,13,57,72,1
9.31,241,334,3,3,3,3,188,60,63,71,1
6.68,40,219,2,6,0,3,2839,74,2,72,2
9.59,356,291,2,6,1,2,830,45,68,76,1
8.62,244,160,1,3,2,1,1156,9,7,74,1
9.53,112,389,4,5,3,4,1757,45,15,73,1
7.94,364,247,2,5,0,0,1179,93,75,78,1
8.17,255,370,3,2,4,2,2013,54,83,94,2
9.68,165,459,4,5,0,4,2361,49,13,77,1
9.6,341,70,3,3,2,2,2370,79,91,76,1
7.79,77,428,3,6,2,0,43,100,32,79,1
7.1,206,91,1,2,4,3,2031,13,42,84,2
7.57,310,390,3,2,4,2,2786,29,41,96,2
7.55,365,360,0,0,4,1,524,3,45,82,2
7.15,195,320,4,4,3,3,91,38,46,82,1
7.07,401,244,0,3,2,3,438,2,87,70,1
9.44,320,23,3,2,4,4,2923,55,1,79,2
6.28,63,44,3,3,2,1,1610,20,69,66,2
8.71,139,188,1,0,3,2,2339,21,32,82,2
6.69,373,402,1,6,5,2,2997,67,68,82,2
7.38,424,372,1,0,3,1,288,22,58,86,1
6.25,41,415,1,2,5,3,212,3,43,80,2
7.08,372,285,2,3,2,2,219,69,87,80,1
9.07,443,320,1,3,4,2,346,37,27,91,1
9.54,305,415,3,3,5,2,1035,24,47,87,1
6.89,208,440,3,0,0,0,1053,58,63,96,2
7.85,466,403,4,7,1,1,1660,1,96,61,1
7.88,419,340,0,1,2,0,620,57,57,88,2
9.49,303,82,2,1,5,0,660,61,17,68,1
9.05,454,221,2,3,3,4,2091,96,88,94,1
8.05,72,369,4,3,4,2,582,36,36,97,1
8.68,391,475,4,4,5,0,2184,97,28,98,1
9.39,152,351,1,2,1,1,1197,89,51,63,2
6.04,134,413,4,0,2,4,2415,78,60,81,2
7.61,361,342,2,4,0,4,1858,20,76,82,1
9.63,263,218,0,3,0,3,2743,58,52,65,2
8.96,215,484,0,5,3,3,1627,80,79,95,2
8.17,208,442,2,1,3,4,2004,54,76,79,2
8.12,203,217,1,1,3,1,2014,83,19,64,2
7.39,109,189,0,4,2,0,861,71,66,71,2
8.08,30,66,0,1,0,3,2242,70,42,60,3
8.62,11,30,1,1,0,0,1551,64,57,98,2
7.67,126,321,0,7,3,1,2849,2,13,100,2
8.86,312,249,3,5,3,0,2827,59,11,62,1
9.44,193,53,2,2,4,4,1880,37,32,80,2
6.62,139,9,0,3,0,3,169,97,80,61,2
7.81,26,165,0,6,3,1,901,30,81,91,2
7.63,45,338,1,4,3,4,900,71,11,88,2
8.75,134,414,0,5,3,1,2469,24,44,87,2
7.0,316,284,1,0,5,3,2549,27,25,92,2
8.56,441,152,2,0,4,0,1037,88,27,85,1
9.51,57,31,3,5,0,1,149,0,76,74,1
7.67,12,16,4,3,0,3,2315,79,100,85,2
9.64,436,370,2,0,0,4,14,60,11,68,1
9.97,99,300,0,5,4,3,2029,2,56,80,2
6.42,448,304,3,1,2,0,1274,47,3,79,1
6.93,48,342,4,2,4,3,420,100,83,86,1
9.8,290,145,4,4,5,4,1421,13,56,60,1
9.83,93,74,0,4,1,4,581,13,9,68,1
6.39,94,378,4,1,5,1,1301,41,48,97,2
6.06,144,123,4,6,4,4,2240,48,44,79,2
6.64,71,51,2,3,1,2,2999,39,46,78,2
9.98,450,403,2,2,5,4,859,78,73,70,1
6.72,378,189,4,0,3,0,1473,22,27,73,1
8.01,9,140,1,6,1,4,435,65,11,84,1
9.39,161,87,0,4,4,1,197,91,21,71,1
6.08,213,426,1,7,2,4,332,42,63,66,1
8.42,3,83,1,4,0,3,2073,62,84,62,2
7.11,223,242,4,7,4,3,2841,74,44,98,1
9.45,380,105,0,3,0,3,2188,90,14,75,2
7.13,28,91,1,7,5,2,606,21,79,60,1
8.75,301,354,2,2,1,1,1328,77,63,74,1
8.7,202,20,2,7,3,3,2011,54,65,70,1
6.89,429,5,0,5,3,3,1361,16,49,60,2
6.14,76,454,1,0,4,3,843,54,78,62,2
7.64,58,220,3,4,1,1,841,56,78,81,1
7.16,444,308,3,4,1,3,658,55,86,65,1
9.24,195,86,0,0,0,2,1537,38,81,81,2
9.2,321,179,0,7,5,3,582,1,92,87,1
7.83,417,452,3,6,5,0,1669,59,42,73,1
8.43,106,341,1,2,1,2,515,29,32,91,1
8.42,341,392,1,2,2,0,602,28,92,88,1
9.31,388,351,4,2,3,3,2917,83,36,64,1
7.7,8,245,0,4,5,3,1768,95,16,94,2
7.1,19,457,1,5,2,1,1478,0,25,70,2
7.06,148,173,3,1,5,0,1867,98,42,60,2
8.14,382,490,3,6,2,0,1320,20,57,66,1
7.8,16,112,2,4,0,4,102,69,8,62,1
7.76,11,475,1,3,1,4,1616,82,20,81,2
6.36,475,458,4,6,0,4,2772,98,64,90,1
8.87,81,70,4,3,5,4,2132,79,62,62,1
6.85,66,157,0,7,3,0,2522,12,72,76,2
6.79,132,298,2,7,0,1,2362,77,26,77,2
7.65,443,236,3,5,5,4,2275,9,77,74,1
6.91,52,186,3,6,2,0,2304,12,35,97,2
8.34,435,242,0,4,0,1,237,95,58,94,1
7.49,205,165,4,4,1,1,490,93,94,75,1
7.8,431,33,4,0,0,4,2713,69,45,100,2
8.15,473,254,3,2,1,0,1310,76,98,89,1
6.81,402,301,0,5,2,2,1704,62,29,94,2
6.62,232,219,1,7,1,0,537,81,81,76,1
9.52,400,31,2,0,1,1,10,81,16,74,1
7.73,53,399,4,5,5,3,365,86,80,86,1
7.65,486,422,4,3,1,4,1337,99,51,60,1
6.14,489,256,4,3,5,1,675,27,46,89,1
7.99,67,481,1,1,1,2,2331,48,91,89,2
8.22,489,232,1,2,3,2,2300,5,87,64,2
8.24,290,440,2,2,4,2,1598,15,36,60,2
8.83,343,214,4,5,5,2,2768,24,98,63,1
6.71,168,241,3,3,3,0,413,11,91,70,1
7.01,396,244,4,0,0,1,355,41,13,72,1
9.24,160,19,2,4,3,2,2197,27,35,69,2
9.79,14,209,2,2,3,1,169,28,34,83,1
6.54,190,209,3,4,1,1,2463,53,57,79,2
7.99,14,425,1,3,0,3,147,90,49,77,1
6.86,286,487,3,1,0,0,1516,76,5,82,2
6.24,362,468,2,3,2,3,294,79,61,100,1
7.3,411,71,3,4,1,4,928,85,61,94,1
6.57,9,161,4,3,3,4,1028,19,37,86,1
8.84,56,177,2,2,2,4,2126,32,84,74,2
8.13,198,10,1,5,2,3,577,70,91,83,1
6.58,160,362,1,5,5,1,104,99,8,89,1
6.04,262,498,3,4,3,4,2643,8,12,60,2
9.23,388,298,3,4,0,4,1072,10,79,100,1
6.7,473,265,3,7,1,3,2464,88,22,62,1
8.42,380,7,4,7,1,1,2941,32,95,98,1
7.35,252,494,1,1,3,4,2312,41,32,83,2
8.34,118,455,2,6,1,0,2693,83,53,91,2
7.26,79,274,2,2,4,4,712,97,44,63,2
6.35,123,192,1,0,2,3,2225,58,47,93,3
6.89,312,310,3,6,2,3,1734,58,84,60,1
6.75,71,435,0,1,4,0,2659,24,67,80,3
7.71,469,258,3,2,1,1,309,78,60,67,1
8.63,481,52,1,5,0,0,2943,26,98,71,2
7.06,167,299,4,0,5,4,2164,96,51,60,2
6.05,283,95,3,7,4,3,2620,94,45,81,2
8.08,493,303,2,6,4,1,2493,14,43,73,1
8.42,35,309,4,5,2,4,446,76,74,84,1
9.85,311,399,1,4,0,0,1483,40,48,87,1
8.36,174,413,0,5,0,4,1843,79,36,67,2
7.88,198,496,3,6,1,0,413,93,40,99,1
8.29,115,91,4,1,0,2,1556,80,21,96,1
9.71,423,411,4,4,1,2,1315,81,41,84,1
9.31,314,143,2,4,3,3,1114,20,57,82,1
7.29,426,488,3,7,4,1,371,95,51,96,1
6.95,219,306,0,7,5,3,1620,75,52,100,2
7.05,378,416,4,6,5,4,1255,56,48,75,1
8.02,65,408,2,4,4,2,1387,0,12,63,2
8.98,264,17,3,2,1,3,1577,76,61,97,1
8.01,133,125,3,0,1,0,2799,71,35,95,2
6.27,118,153,0,2,1,1,1196,43,51,92,2
8.89,121,5,2,4,4,2,300,77,40,89,1
9.22,320,421,0,6,1,1,2705,79,36,70,2
7.16,386,427,4,1,4,1,1912,49,18,72,1
8.66,457,450,1,7,5,2,1650,18,57,63,1
7.71,420,426,1,5,4,0,2651,73,23,83,2
9.56,382,389,0,7,5,0,1515,62,62,92,1
9.38,491,333,0,6,2,0,1002,94,99,92,1
8.1,86,447,1,4,5,1,1760,99,54,71,2
8.77,288,337,4,0,2,0,2539,66,3,80,2
9.53,136,335,0,2,3,4,151,1,24,92,1
7.98,52,87,4,0,3,4,38,100,60,92,1
7.25,204,268,4,2,5,0,2217,17,30,68,2
9.01,347,64,2,5,0,0,1055,13,20,90,1
6.88,50,165,4,6,1,2,400,65,93,89,1
7.55,326,63,3,0,5,2,899,23,4,75,1
9.46,409,269,1,0,5,3,883,61,67,71,1
8.9,399,144,1,2,4,1,656,65,95,68,1
7.62,39,376,0,6,0,1,1604,23,4,94,2
6.86,249,332,0,2,2,2,2117,77,15,65,2
7.42,217,268,2,2,4,4,1244,55,90,84,2
7.14,178,328,2,3,5,3,2903,0,11,87,2
6.7,38,389,3,7,0,2,810,45,64,82,1
8.97,182,5,0,5,5,3,192,74,65,88,1
7.01,223,120,1,7,2,1,2174,14,71,81,2
7.82,163,349,3,0,3,1,1555,7,42,83,2
7.54,233,420,0,3,1,1,2649,28,97,79,2
9.93,376,312,3,3,1,4,595,29,24,86,1
7.56,192,308,4,4,0,2,1342,88,97,98,1
6.32,496,301,4,7,2,3,259,66,45,92,1
6.36,84,333,3,6,0,2,2778,0,0,78,2
8.36,460,131,0,3,2,1,1439,90,77,85,2
8.4,242,289,4,3,2,1,1811,23,31,97,1
7.68,473,449,4,7,1,2,1655,23,60,62,1
7.73,172,446,3,2,3,0,721,2,28,82,1
6.22,392,188,4,2,3,0,321,64,47,86,1
8.07,36,208,1,1,4,2,821,56,82,86,2
8.02,86,41,4,5,2,1,1805,70,93,69,1
6.6,128,77,3,6,1,3,1595,21,22,83,1
6.42,193,319,4,0,2,0,12,10,68,96,1
6.49,318,498,4,5,5,2,2136,67,86,100,1
6.4,42,144,2,3,4,4,2146,81,98,61,2
8.44,411,444,3,7,5,2,408,10,52,93,1
6.79,355,373,3,3,1,1,1962,96,70,81,2
7.01,158,285,2,0,2,2,1417,65,94,61,2
6.69,104,170,2,5,3,0,1712,53,77,87,2
9.83,452,92,1,2,3,0,68,86,90,100,1
9.42,228,262,4,2,4,2,1688,88,86,99,1
6.92,216,456,0,0,5,3,2839,8,25,83,3
7.31,263,429,0,6,3,2,1383,19,70,97,2
6.84,417,22,2,0,2,3,345,8,20,99,1
7.97,486,291,3,2,4,0,701,60,87,81,1
6.08,48,141,3,6,5,4,2168,14,80,62,2
8.69,351,147,1,0,0,3,2923,60,59,96,2
8.09,441,439,0,6,4,2,2314,33,54,61,2
9.59,122,115,3,5,3,1,582,78,72,82,1
6.66,458,80,1,2,1,1,2292,96,78,72,2
9.22,302,415,1,7,4,2,1494,21,67,74,1
9.17,24,24,2,0,2,0,1239,51,87,92,2
6.51,130,114,0,2,5,0,474,99,94,72,2
7.59,428,93,1,1,4,0,2574,76,11,79,2
6.68,369,304,1,2,3,2,2852,41,7,66,2
7.02,435,184,1,2,4,1,2366,13,16,72,2
7.05,223,282,0,3,2,4,1280,14,42,98,2
8.22,499,154,2,5,2,1,844,32,8,63,1
7.65,98,173,4,6,3,0,817,2,16,86,1
9.79,351,350,3,2,2,2,1872,6,15,91,1
6.51,289,172,0,7,3,2,1196,45,50,61,2
9.89,484,153,0,0,4,4,846,48,34,74,1
6.92,499,13,0,4,4,1,375,39,51,64,1
9.09,196,377,4,0,0,0,575,40,76,62,1
7.36,108,303,3,3,3,4,280,52,11,75,1
6.57,347,127,3,0,1,0,768,55,93,85,1
9.43,219,340,1,1,3,1,594,68,66,65,1
7.24,263,91,1,4,4,4,2948,25,68,94,2
8.64,410,270,2,4,5,0,604,100,100,97,1
8.27,207,221,0,6,4,3,2777,1,12,79,2
7.89,318,472,2,5,2,2,2472,49,12,81,2
7.98,81,306,0,3,0,1,2567,0,27,80,2
8.93,24,309,3,5,1,2,1517,67,46,91,1
6.35,185,394,2,4,0,0,2552,27,43,60,2
8.67,431,107,3,2,3,4,1484,57,62,82,1
9.58,384,330,1,3,5,0,428,57,68,77,1
6.23,7,27,3,5,3,3,1527,9,19,76,2
6.56,123,438,4,1,4,3,2157,14,91,96,2
8.87,148,196,2,4,2,1,1491,17,35,90,1
7.75,97,475,0,4,1,2,1476,38,44,88,2
7.61,215,199,3,3,5,0,2178,62,81,72,2
6.55,100,153,2,4,2,3,2520,11,56,61,2
8.03,217,383,0,6,1,4,45,71,86,68,1
6.51,366,69,2,7,5,0,1496,41,90,91,1
7.91,461,159,2,4,0,1,1275,64,1,81,1
9.05,412,431,4,7,4,4,2249,34,41,77,1
7.03,413,351,3,1,2,2,1543,69,49,77,1
7.92,258,395,4,7,3,1,29,45,30,78,1
9.97,390,453,1,1,4,2,1507,15,81,97,1
8.75,355,460,2,3,1,2,2880,20,47,90,2
9.37,10,102,3,4,5,3,1688,54,86,88,1
7.66,415,487,1,5,4,2,2371,12,79,83,2
9.07,58,235,1,7,3,4,2305,5,25,92,2
6.16,249,188,4,6,3,4,609,28,24,78,1
6.49,139,417,1,0,1,4,2420,1,100,75,3
6.81,334,342,0,7,4,0,1454,48,34,91,2
7.61,37,360,0,3,2,3,1323,67,85,80,2
9.38,121,108,0,5,4,3,906,83,72,89,1
7.39,407,336,1,1,3,4,2639,48,33,66,2
8.62,64,300,2,0,5,0,2635,7,44,97,2
8.84,145,367,3,5,1,2,2558,53,22,71,2
8.34,301,254,0,7,0,2,1000,1,90,87,1
7.43,124,315,0,7,0,2,2977,3,73,73,2
8.31,311,192,0,5,5,3,2493,81,15,66,2
7.37,190,70,4,4,4,2,2016,45,3,76,1
6.34,262,268,4,6,3,0,2086,32,53,82,1
9.97,489,333,0,3,4,0,1684,9,94,72,1
6.51,360,500,0,3,1,2,2400,60,67,79,2
6.29,449,208,4,1,2,3,2504,56,52,64,2
9.51,295,477,3,2,0,1,2803,81,13,65,2
7.21,181,175,2,7,4,4,2990,82,79,72,2
8.6,158,238,3,2,3,2,2660,94,82,62,2
7.32,352,380,2,2,5,2,2434,78,2,90,2
7.57,307,432,1,3,0,4,496,51,41,62,1
7.05,477,97,1,6,0,1,500,97,66,67,1
7.37,286,346,3,6,2,2,2658,51,49,66,2
7.64,161,441,4,1,4,2,1163,83,19,66,1
8.88,262,88,0,1,2,1,590,31,54,70,2
8.05,216,251,1,2,3,4,1490,51,65,83,2
9.77,399,491,4,0,3,0,1802,27,83,80,1
6.17,405,98,4,2,4,2,2327,25,52,79,2
8.01,483,328,2,3,0,2,344,38,25,88,1
8.34,180,325,1,0,1,3,1068,17,18,69,2
9.68,90,444,3,1,2,1,1897,10,62,75,2
6.2,16,153,4,4,0,2,2488,73,32,69,2
8.29,124,485,3,5,5,3,924,61,97,97,1
9.41,259,294,3,0,3,0,2843,1,27,92,2
6.97,444,441,1,6,3,1,1200,34,47,64,1
9.51,377,282,3,1,0,0,1023,41,52,71,1
6.08,354,295,3,7,0,3,576,96,55,67,1
8.93,488,378,0,0,5,4,2351,13,48,65,2
9.73,213,30,3,2,3,1,495,8,77,82,1
8.63,238,130,0,0,2,4,817,6,62,62,2
7.76,179,215,1,0,2,3,1858,22,13,97,2
6.18,418,14,3,7,0,1,557,56,28,88,1
9.68,171,437,4,0,4,2,58,70,52,93,1
7.88,142,325,3,3,3,3,875,64,25,63,1
6.12,316,266,0,5,1,3,1089,19,32,66,2
8.76,243,285,4,7,3,0,1406,56,68,80,1
7.93,231,290,1,3,2,4,2372,53,65,69,2
6.5,171,367,2,5,2,1,2288,45,72,91,2
6.86,276,485,2,7,1,1,624,98,18,84,1
6.26,76,42,0,2,2,2,1283,37,90,72,2
8.3,302,444,1,4,1,1,266,46,58,80,1
8.49,330,167,1,3,2,2,2314,7,90,78,2
8.02,48,348,3,4,5,1,2855,94,89,67,2
9.27,436,470,2,3,1,0,1601,18,100,99,1
9.44,247,425,3,1,4,3,2362,68,100,79,2
8.46,282,254,1,1,3,1,2379,44,77,67,2
6.05,286,169,0,0,2,3,1826,33,2,75,2
8.78,427,374,0,4,0,4,906,43,57,87,1
7.67,31,258,4,0,1,3,2342,79,20,69,2
8.26,499,345,0,5,1,4,2556,6,45,80,2
8.6,157,77,2,0,1,1,2498,20,100,96,2
7.4,17,338,4,3,2,0,2634,43,39,74,2
9.67,380,84,2,3,3,0,29,24,71,65,1
6.54,62,379,3,0,0,3,1714,46,69,100,2
8.69,127,148,3,5,1,0,1345,1,65,94,1
6.02,15,200,0,3,1,4,1388,63,56,80,2
9.7,162,76,4,5,1,0,2302,71,5,76,1
6.45,445,360,2,1,5,0,2820,82,58,85,2
6.38,250,249,2,1,1,0,97,100,38,69,1
7.33,136,52,1,4,0,2,750,82,74,93,2
7.49,317,299,0,1,1,2,1688,52,68,66,2
6.86,294,301,3,5,5,3,681,52,73,91,1
8.34,178,292,1,0,0,1,1046,64,51,63,2
7.77,228,293,3,2,0,1,522,27,37,69,1
6.14,370,108,3,3,1,4,2604,77,70,98,2
7.28,393,364,2,0,4,4,2748,22,99,74,2
9.24,179,87,3,3,0,3,1178,7,81,94,1
8.76,395,165,4,4,4,2,1422,34,73,92,1
8.9,71,493,3,0,0,0,2068,94,56,84,2
8.79,317,266,4,0,5,2,2040,22,6,70,1
7.24,386,92,3,7,2,2,291,45,35,93,1
6.4,82,172,1,0,1,3,214,70,94,95,2
7.09,378,63,2,4,2,2,2623,1,49,76,2
9.33,394,427,1,0,0,1,657,82,71,71,1
9.92,135,125,2,3,2,2,1872,91,39,75,1
7.98,217,367,1,2,1,1,2647,37,73,92,2
6.04,108,229,0,0,1,4,2981,35,39,85,3
6.56,377,104,3,4,0,4,242,51,50,69,1
7.29,406,208,3,4,0,3,2532,96,91,72,2
8.31,118,61,0,0,4,0,1303,55,89,77,2
6.3,393,499,0,4,3,2,735,17,19,80,2
9.77,17,239,4,6,2,0,2191,37,1,82,1
7.46,331,473,1,1,4,1,1933,9,86,82,2
9.65,422,60,3,5,2,0,982,25,22,95,1
9.12,153,345,4,4,1,2,2953,78,80,64,2
9.02,10,11,3,7,0,0,136,58,40,98,1
8.43,137,465,0,6,2,0,462,95,56,74,1
8.51,386,136,4,6,3,0,117,80,20,83,1
8.55,61,194,4,2,1,3,1607,0,38,71,1
8.51,70,73,4,1,5,0,1105,14,25,78,1
8.21,60,362,1,3,1,2,2857,89,94,92,2
9.95,131,385,4,1,4,2,1015,97,71,84,1
8.93,60,135,3,2,3,0,1113,67,50,97,1
9.11,487,371,1,5,1,3,2903,90,70,72,2
9.49,391,42,3,1,3,1,885,39,20,83,1
6.86,357,401,4,0,0,0,1729,6,57,98,1
6.34,268,435,4,4,5,3,1563,35,49,62,1
7.93,11,38,3,0,3,4,2028,92,22,71,2
8.06,34,30,2,6,4,2,2023,47,76,96,2
9.32,485,141,4,0,4,4,1856,20,41,61,1
7.78,437,319,4,6,2,2,1019,59,41,79,1
8.28,50,358,1,0,5,1,585,14,91,99,2
8.11,42,352,3,6,0,3,1502,6,39,93,1
6.15,227,476,4,1,0,1,2371,91,26,81,2
8.46,110,43,3,3,3,4,1503,60,95,74,1
9.31,321,187,1,6,4,3,1717,8,19,92,1
6.63,14,352,3,5,4,4,1075,52,61,61,1
8.38,176,482,3,4,4,0,1696,93,12,94,1
8.37,161,1,1,1,0,4,2606,95,41,93,2
6.66,38,482,4,5,4,1,2760,76,65,86,2
6.49,25,415,3,7,2,1,103,45,42,90,1
9.92,111,291,2,0,1,0,1674,96,82,72,2
7.57,452,493,4,2,4,3,1880,65,48,89,1
6.91,431,310,1,2,2,4,1260,83,78,85,2
6.69,472,369,0,6,2,4,339,21,90,83,1
8.67,50,342,2,0,1,4,2119,34,11,60,2
8.44,481,446,4,6,0,3,822,89,39,97,1
8.57,366,324,1,3,4,1,992,2,73,97,1
6.35,387,366,2,5,5,0,1959,40,91,98,2
9.57,97,335,4,4,2,3,1821,50,67,81,1
7.56,410,295,0,6,2,0,1964,20,3,69,2
7.25,374,23,4,5,1,2,1733,28,91,86,1
7.85,169,372,0,1,5,0,1809,0,41,61,2
7.56,55,441,0,3,2,2,1578,20,92,78,2
9.45,220,103,3,2,4,0,2344,68,11,70,2
9.72,324,411,1,0,0,2,2720,66,21,73,2
7.21,145,61,3,1,2,4,1451,56,67,92,2
9.46,444,152,0,3,0,3,998,89,88,100,1
9.13,259,262,1,5,2,4,2991,43,71,77,2
9.72,128,293,1,3,2,1,2108,27,92,88,2
6.98,49,454,1,3,4,3,2060,99,70,89,2
8.31,339,374,2,5,0,4,598,98,7,62,1
7.1,325,242,4,1,5,0,1653,44,17,91,1
9.3,403,341,0,6,3,3,2838,84,89,74,2
6.02,19,341,1,4,4,0,1728,61,59,82,2
8.26,173,346,2,7,0,4,2378,22,72,93,2
7.36,282,120,2,7,0,3,2404,1,60,100,2
7.29,25,352,0,5,0,4,476,46,99,75,2
8.58,159,172,3,1,3,1,1879,68,30,99,2
9.41,9,415,2,5,4,4,2840,66,5,65,2
8.44,81,102,0,0,3,1,532,8,99,75,2
9.41,255,159,2,1,2,4,535,55,78,97,1
7.06,104,256,0,3,1,3,2491,40,17,79,3
8.08,139,201,1,7,3,0,1379,85,53,87,1
7.8,201,44,3,7,2,3,2419,19,39,85,1
6.05,343,63,2,4,3,4,46,59,50,98,1
8.23,23,195,2,4,0,4,22,40,73,65,1
8.65,372,476,2,0,1,4,1058,35,71,75,1
8.37,434,390,4,0,1,2,1060,67,88,92,1
8.95,421,421,4,2,5,1,2149,33,97,71,1
8.29,45,69,1,2,2,0,486,95,35,73,2
6.27,216,180,2,2,5,1,357,78,5,98,1
6.47,391,330,3,1,3,4,1650,14,22,61,2
8.39,54,246,4,4,3,4,391,63,47,72,1
7.1,77,328,0,0,3,1,2090,80,99,78,3
6.32,490,157,0,6,2,1,1489,41,19,93,2
7.72,158,405,0,2,3,1,72,29,60,68,2
8.22,343,185,1,0,1,2,1134,99,86,90,2
7.31,271,230,2,2,1,1,1643,12,54,74,2
8.88,147,72,2,1,4,4,765,69,86,63,1
8.58,37,54,4,5,3,0,2120,30,35,91,1
7.33,110,485,0,1,3,3,1761,19,44,76,2
9.02,14,242,1,7,5,1,2694,15,85,64,2
8.59,77,301,3,3,1,1,46,19,86,98,1
8.55,500,352,2,0,1,1,1413,65,41,92,1
8.21,75,409,2,7,0,0,1616,15,72,87,1
6.05,417,447,1,6,0,1,2160,34,28,72,2
8.79,327,463,4,5,4,1,34,61,20,63,1
7.5,274,392,1,5,1,1,1594,82,61,87,2
9.77,493,214,4,3,4,0,2018,38,36,72,1
9.27,196,14,2,5,3,3,2265,99,36,87,1
8.35,375,146,4,1,3,4,2665,95,29,94,2
7.01,218,489,4,5,1,0,1919,46,66,99,1
6.81,62,143,4,6,2,1,1464,98,32,83,1
7.36,360,24,4,7,4,2,404,3,60,68,1
7.91,460,98,0,1,2,0,269,32,47,66,1
7.18,31,178,0,5,3,1,2174,69,42,96,2
8.06,478,332,0,5,5,1,2282,31,79,95,2
6.66,232,173,0,0,4,4,2909,66,27,81,3
9.91,109,262,1,6,3,0,201,51,19,62,1
6.43,164,289,3,3,0,0,2664,20,42,67,2
9.73,193,57,4,5,1,4,1878,25,73,63,1
9.65,6,333,1,6,0,2,223,46,27,61,1
8.1,431,278,0,5,4,2,1069,6,99,99,1
8.9,138,406,4,3,0,3,1695,31,7,65,1
7.74,458,144,3,3,5,3,1478,100,87,81,1
8.52,342,396,4,0,4,4,1705,78,64,62,1
7.36,286,121,2,0,2,0,558,3,16,76,1
7.2,427,26,2,0,1,1,2306,80,59,69,2
8.31,300,65,1,4,2,2,2684,37,19,83,2
7.99,455,100,3,5,5,0,903,81,12,99,1
8.32,55,413,1,6,3,3,1164,80,12,98,1
7.15,159,387,4,1,1,2,2368,13,30,87,2
7.47,495,93,3,4,0,1,2091,51,21,98,1
6.34,148,66,1,4,4,3,1075,0,14,89,2
6.21,286,249,4,1,1,1,851,32,78,87,1
7.01,256,141,0,5,3,3,1391,16,97,63,2
6.3,460,266,4,2,2,1,2991,31,46,77,2
6.42,138,39,1,2,3,2,2277,39,35,98,2
9.25,348,214,3,7,0,4,1434,41,95,62,1
6.16,323,488,3,2,4,1,1249,30,12,60,1
8.64,291,495,0,6,4,2,1850,38,83,92,2
7.09,334,479,1,0,0,0,1008,26,24,75,2
9.49,186,130,0,0,4,0,406,52,52,89,2
7.94,322,489,2,7,1,3,1227,47,85,99,1
7.22,183,0,4,3,1,4,2959,80,66,92,2
8.07,306,8,2,6,0,3,2733,93,40,95,2
7.53,412,367,2,6,0,1,1327,5,28,90,1
8.26,468,328,0,3,3,4,1055,56,40,95,1
6.46,385,379,0,7,4,1,879,74,67,95,1
9.99,261,331,4,4,5,2,2402,5,81,69,1
7.7,414,384,0,3,2,4,1437,93,53,81,2
7.39,309,143,0,0,0,0,1065,81,39,87,2
8.84,343,349,0,4,3,2,209,40,20,95,1
7.46,423,327,0,3,0,2,274,3,94,91,1
9.33,144,493,0,3,0,1,96,95,97,72,1
7.82,260,301,2,6,1,3,10,8,16,93,1
8.88,1,137,2,2,5,1,777,66,89,60,1
6.43,313,416,4,0,4,2,1396,26,88,75,1
9.38,11,357,3,4,5,4,667,66,3,86,1
8.94,260,296,4,7,0,0,1818,45,59,81,1
6.85,361,178,1,1,4,2,1621,90,91,90,2
6.58,443,277,4,5,3,3,1053,52,37,88,1
7.27,168,143,4,3,0,3,2377,55,65,81,2
9.9,147,338,0,0,5,4,2500,56,51,66,2
7.03,199,458,0,4,2,3,2228,99,66,99,2
7.82,384,189,0,5,5,4,2263,76,28,63,2
6.12,311,436,3,6,1,3,1642,7,27,73,1
7.59,69,330,0,0,2,1,362,13,59,76,2
8.29,311,269,1,7,1,0,2384,89,90,60,2
9.81,53,486,2,0,0,0,2177,100,6,61,2
8.07,394,186,1,4,5,2,410,56,20,77,1
9.28,258,153,3,2,0,2,1339,28,37,62,1
8.19,350,171,0,5,4,1,2268,2,77,80,2
6.16,27,403,4,2,1,1,1000,87,43,72,2
7.26,366,467,2,7,3,0,1721,14,86,86,1
8.3,362,246,3,3,2,2,497,100,51,62,1
9.8,119,388,1,2,5,2,2942,13,98,64,2
9.44,132,448,0,3,3,0,2236,94,93,96,2
6.91,379,10,3,3,1,4,2723,10,92,97,2
6.88,89,46,3,4,3,1,1388,25,72,61,2
6.8,15,265,4,7,1,2,2472,64,50,89,2
9.69,500,316,4,0,4,0,613,24,22,65,1
9.41,286,110,4,7,4,1,1179,61,68,86,1
9.1,283,475,1,1,3,0,1199,20,13,72,2
7.57,390,300,4,6,3,4,872,50,14,64,1
8.02,229,302,3,1,5,3,781,97,14,84,1
7.86,136,417,3,2,1,2,2358,66,34,86,2
7.01,294,373,3,4,4,1,262,53,10,75,1
8.02,226,396,2,1,5,0,1951,6,92,66,2
6.12,426,491,2,6,3,0,599,10,36,62,1
6.53,26,472,1,0,5,1,2026,94,71,74,3
9.55,331,278,4,3,1,2,2988,89,20,76,1
9.01,116,291,3,3,1,2,2234,22,14,62,2
7.69,88,446,4,4,3,0,2541,79,44,61,2
8.07,106,251,3,2,2,2,1062,82,75,64,1
7.48,220,75,2,0,5,3,752,19,96,83,2
8.96,222,174,3,6,0,4,2860,57,7,90,1
9.14,121,108,1,2,1,4,1014,73,23,95,2
9.05,381,449,0,6,4,3,2884,43,31,66,2
8.89,353,339,3,7,5,2,1568,56,70,84,1
6.82,32,335,1,2,0,0,2786,21,24,79,3
7.35,90,13,2,4,1,2,1642,86,100,84,2
7.88,183,180,2,3,5,1,908,7,45,61,1
7.32,375,321,0,2,2,1,2660,12,80,61,2
9.02,257,432,4,7,0,2,2927,76,94,69,1
7.32,397,271,4,7,4,3,1952,6,9,65,1
6.55,12,451,3,6,0,1,653,28,49,70,1
7.6,23,42,2,2,5,4,347,44,55,88,1
9.92,324,460,1,0,3,0,2807,8,71,89,2
6.9,33,101,0,7,1,3,1093,89,0,80,2
8.45,246,112,4,5,3,1,490,5,8,86,1
7.73,342,192,3,3,2,0,1514,32,47,95,1
6.28,18,8,3,2,0,4,576,28,25,92,2
7.95,29,148,2,5,3,1,1178,82,9,86,1
8.81,48,337,1,1,2,1,2609,31,89,96,2
8.05,426,490,1,6,3,0,502,20,57,65,1
9.49,399,223,4,7,4,0,236,56,44,98,1
7.16,179,109,3,5,3,2,1244,16,17,67,1
6.34,369,353,2,1,1,1,2242,97,58,71,2
9.75,371,83,1,7,5,4,2307,82,56,62,1
7.51,487,42,3,6,3,0,495,60,66,68,1
8.31,225,65,1,3,3,3,484,74,27,71,1
9.17,432,387,0,3,3,1,1173,59,80,99,1
7.3,394,378,1,4,3,3,430,35,14,62,1
8.86,77,108,1,5,3,1,1389,22,34,92,2
6.54,495,101,3,6,0,0,1191,86,41,72,1
7.17,430,134,1,2,0,2,846,97,24,71,1
6.58,206,85,1,1,5,1,550,98,12,96,2
9.24,34,83,0,5,4,0,2076,16,65,66,2
6.89,249,441,1,1,0,0,2501,12,98,65,2
8.87,70,226,1,6,2,0,813,95,56,100,1
9.77,412,259,3,3,1,3,1638,80,60,63,1
8.11,363,379,2,7,3,0,62,5,85,82,1
8.16,309,500,0,6,3,3,2557,62,81,63,2
7.84,469,19,1,3,3,4,2833,42,84,62,2
7.3,278,34,2,0,4,2,168,41,10,97,1
7.9,151,352,3,0,4,0,231,42,56,86,1
8.41,226,242,0,6,2,4,2670,99,42,70,2
9.94,242,442,3,3,3,0,1059,24,46,88,1
9.75,9,468,2,0,4,4,722,55,41,88,1
9.45,316,428,0,3,3,0,2745,50,3,96,2
9.56,391,269,1,5,0,2,213,66,61,67,1
7.87,47,222,2,3,3,0,2329,55,24,91,2
8.63,111,405,3,4,2,3,2559,62,33,73,2
9.58,203,303,0,0,2,0,1503,14,55,79,2
7.57,476,157,2,2,4,1,2319,62,68,83,2
9.85,381,284,2,2,3,3,1903,45,40,88,1
7.66,156,35,3,5,2,4,1785,17,32,60,1
8.4,342,496,3,4,0,0,659,9,43,69,1
8.84,25,297,1,6,4,0,2227,4,70,78,2
9.8,420,28,1,2,0,0,1165,37,91,98,1
6.98,479,390,2,2,2,1,351,84,83,77,1
8.98,307,415,3,5,5,2,1742,43,73,97,1
8.08,165,396,2,5,4,2,1049,0,29,66,1
7.07,248,254,4,4,3,3,768,52,66,83,1
9.11,261,396,3,1,5,3,723,43,27,81,1
8.21,263,437,4,4,1,1,2199,24,94,75,1
8.64,16,141,4,4,3,1,723,42,39,65,1
7.29,75,133,3,0,3,1,1105,28,30,66,2
7.93,445,143,1,2,0,4,827,41,65,77,1
8.47,469,296,2,7,3,1,912,97,94,94,1
7.62,253,435,0,6,1,1,1503,58,17,83,2
6.79,205,367,0,2,4,1,307,82,9,75,2
9.85,33,340,3,1,4,1,2421,53,31,78,2
8.05,146,244,1,6,5,2,2669,50,71,78,2
8.94,325,253,1,4,1,0,1162,43,84,60,1
7.64,337,363,1,3,0,0,456,53,84,81,1
7.42,227,399,0,1,5,2,439,54,42,90,2
7.63,117,4,4,7,1,1,2426,18,45,73,1
7.64,164,407,0,1,4,4,958,99,84,89,2
8.18,37,426,1,2,5,4,1837,60,94,90,2
8.17,398,448,0,2,1,3,281,11,26,91,1
7.99,357,265,0,2,0,0,1210,31,92,76,2
6.54,295,490,2,2,5,3,2651,85,77,87,2
7.98,136,238,3,1,3,1,2112,0,8,93,2
6.68,308,249,4,5,3,3,2732,0,10,76,2
6.5,245,442,2,4,4,1,1688,100,70,65,2
9.73,197,290,3,5,0,3,2802,23,4,88,1
8.42,373,30,1,5,3,2,819,76,71,68,1
8.64,65,119,2,2,3,1,664,48,58,90,1
7.61,79,78,3,0,3,4,2864,91,66,89,2
9.64,51,394,2,7,2,1,544,96,32,68,1
8.55,128,8,0,1,3,4,1698,89,82,69,2
9.08,413,449,0,7,2,4,1076,16,46,97,1
7.47,379,43,2,6,1,3,2303,24,31,92,1
9.84,367,371,2,6,4,0,2086,62,40,62,1
9.28,480,221,4,3,4,0,2531,31,8,88,1
9.42,0,143,1,3,5,0,885,1,10,98,2
6.69,166,119,0,4,5,4,2248,29,34,100,2
7.08,15,431,2,1,2,0,264,77,11,73,2
7.14,144,52,3,1,0,1,746,76,11,74,1
7.08,111,64,1,1,5,1,971,36,97,69,2
9.42,367,175,3,5,5,1,2219,74,49,75,1
6.13,101,69,1,0,2,4,499,58,50,92,2
6.3,81,301,3,6,3,4,461,44,35,87,1
7.1,405,120,0,7,5,0,2459,47,97,98,2
6.8,469,376,2,6,0,3,579,72,29,83,1
6.93,98,202,2,0,4,4,1602,99,40,74,2
9.19,158,288,4,5,1,2,1168,21,2,72,1
8.25,39,179,2,2,1,1,2489,67,97,78,2
6.02,154,80,0,5,2,1,2110,94,48,70,2
7.72,35,54,1,3,5,0,2011,42,54,72,2
7.63,380,178,1,6,2,3,1769,64,31,99,1
6.46,246,97,2,5,2,1,725,54,78,91,1
8.7,3,109,3,0,2,4,1473,18,7,85,2
8.81,496,423,2,3,4,3,1170,63,50,75,1
8.88,373,152,1,5,3,1,2299,8,48,76,2
8.91,452,446,4,1,4,0,2640,75,72,72,1
6.0,280,405,1,0,1,0,1446,38,89,72,2
9.82,350,473,3,3,1,0,658,42,62,74,1
9.26,333,124,3,0,1,4,782,33,21,70,1
9.62,413,90,4,7,3,0,2545,74,37,60,1
6.06,430,293,3,1,3,2,2714,100,93,94,2
9.74,248,392,2,1,0,4,1606,62,32,77,1
9.24,11,36,2,7,3,2,779,47,13,60,1
9.35,282,4,1,1,1,0,281,46,68,81,1
6.37,428,337,0,2,3,3,451,16,9,61,2
8.96,215,149,2,5,3,4,1274,80,43,89,1
9.84,318,365,2,3,3,2,1469,79,24,77,1
8.71,310,395,4,6,2,4,1704,43,83,60,1
8.28,413,315,2,7,5,2,1033,22,51,62,1
9.78,81,171,1,2,5,4,414,39,74,69,1
7.77,13,405,4,6,3,1,490,11,50,74,1
8.4,55,261,2,4,2,2,1429,86,50,62,2
7.91,402,483,1,4,1,2,854,50,33,72,1
9.73,341,26,4,6,0,4,2188,82,15,83,1
6.3,281,494,0,6,4,3,554,49,67,98,1
8.0,198,54,1,6,5,1,124,95,56,89,1
8.75,347,398,2,0,0,2,693,64,99,91,1
9.17,165,319,4,0,4,0,1326,78,52,94,1
8.33,452,248,0,0,5,0,2630,47,51,94,2
9.64,291,272,1,6,1,4,2395,23,27,74,1
9.77,145,258,0,2,2,3,2786,60,73,93,2
6.26,440,265,1,7,3,1,1999,53,87,98,2
7.61,77,190,2,5,2,2,1084,52,47,93,1
6.09,111,62,1,1,4,0,2615,48,72,77,3
7.32,22,344,2,0,5,2,2974,89,5,94,3
8.15,374,445,1,0,3,0,1871,39,36,82,2
9.64,115,340,4,5,4,4,2303,23,9,91,1
9.39,141,103,1,4,4,4,2596,73,60,78,2
6.51,479,392,1,6,5,2,58,69,94,88,1
6.37,196,407,3,1,3,4,2873,65,99,99,2
8.36,277,287,3,2,0,1,2155,33,40,71,2
8.13,27,258,1,5,0,4,605,17,51,63,1
7.07,298,160,3,1,5,1,1844,87,33,81,2
9.6,75,170,2,4,5,4,1629,75,8,74,1
9.71,17,108,3,2,4,2,2574,23,28,80,2
7.61,99,139,1,6,1,1,2762,71,40,94,2
9.56,478,92,0,3,2,3,934,0,0,78,1
7.54,460,468,0,6,0,2,1282,44,63,67,1
8.95,467,102,1,6,3,1,2421,24,11,95,1
7.9,123,225,1,0,4,0,291,9,22,74,2
6.49,364,352,0,7,2,0,732,99,0,63,1
9.71,291,159,4,2,5,3,2202,40,94,84,1
7.82,124,403,3,4,2,0,2400,6,24,96,2
8.94,6,194,4,1,4,2,1167,50,37,85,1
7.47,22,323,2,2,2,1,2411,92,3,68,2
6.08,161,144,0,4,1,2,2775,25,42,90,3
6.4,116,241,0,5,4,4,2289,98,89,65,2
7.98,369,464,4,6,5,4,410,31,60,84,1
8.76,351,402,2,2,2,0,2194,49,31,65,2
7.34,20,131,4,0,2,3,2040,39,27,78,2
8.78,251,92,2,5,5,3,800,95,32,64,1
8.79,325,272,1,1,0,4,1765,32,26,64,2
8.82,463,191,1,5,2,3,2666,81,0,64,2
7.97,482,21,0,1,2,3,2800,85,7,79,2
9.66,430,193,1,2,0,0,2619,14,84,72,2
7.96,308,169,4,5,4,2,1343,22,22,68,1
7.8,83,459,2,4,0,2,861,100,31,73,1
6.8,361,428,0,0,3,1,2235,12,2,72,2
7.23,40,10,1,6,3,2,387,21,43,92,1
6.17,202,180,0,0,1,2,765,85,53,82,2
8.53,415,231,0,7,2,0,2826,63,5,89,2
6.99,127,443,2,2,5,0,1038,92,69,77,2
7.22,141,28,4,3,3,2,179,2,48,77,1
9.08,343,19,4,5,4,1,1637,18,58,95,1
7.31,491,4,3,7,4,2,1963,48,56,73,1
6.97,102,408,4,2,5,2,2161,99,88,71,2
6.68,106,33,1,5,3,4,1476,50,60,98,2
9.1,478,139,3,0,0,1,1519,38,55,86,1
6.52,16,27,3,6,5,2,830,69,40,88,1
7.82,24,97,3,5,1,0,1400,13,13,66,1
8.03,63,261,3,6,0,2,2148,27,82,74,2
8.75,456,245,4,1,1,3,2366,30,76,78,1
8.53,341,18,3,2,5,4,2720,56,36,68,2
9.24,374,11,1,6,3,4,2651,44,40,79,2
6.18,236,24,1,6,0,4,791,89,29,81,1
7.19,175,12,0,2,3,1,1570,5,91,95,2
7.12,290,464,1,7,1,4,715,41,41,91,1
6.58,292,75,0,1,4,2,2963,2,35,62,3
7.16,310,258,1,5,5,1,1303,8,55,77,2
7.24,400,23,3,6,0,3,2860,2,70,75,2
8.09,155,7,2,2,3,0,1459,80,82,62,2
8.65,384,367,3,4,1,4,1130,26,77,71,1
7.52,52,227,4,1,4,2,680,50,25,83,1
8.88,72,375,0,7,0,1,2545,13,83,70,2
7.34,182,122,2,1,1,2,887,100,13,82,2
7.16,368,89,1,5,0,4,1224,48,38,92,1
8.16,188,300,3,1,0,0,1417,3,95,63,1
6.09,12,455,0,0,2,1,1400,47,59,73,3
6.32,46,223,0,7,3,2,2062,71,93,97,2
7.67,447,223,1,2,2,1,1776,10,27,68,2
9.77,159,256,0,3,0,4,826,60,43,93,1
8.89,283,2,1,2,1,4,2806,85,44,99,2
6.35,52,320,1,2,3,3,63,51,17,92,2
9.39,286,270,3,7,1,3,1826,32,29,78,1
8.93,7,305,0,0,1,4,1473,43,69,96,2
8.44,71,147,4,4,5,1,2720,31,69,62,2
9.28,379,386,4,6,4,2,1672,87,2,96,1
7.62,97,188,3,4,0,2,416,1,6,97,1
6.89,86,398,3,0,1,1,2428,94,33,86,2
8.05,329,186,1,0,0,0,2283,6,81,99,2
8.2,100,437,4,0,2,1,2582,50,64,65,2
8.15,495,187,0,2,5,4,869,84,26,91,1
8.26,280,123,4,0,5,4,2261,61,53,77,2
9.79,370,36,3,3,2,3,957,11,78,91,1
9.61,288,148,3,7,1,2,1181,66,42,79,1
9.5,236,105,1,6,5,3,2421,79,23,95,2
9.21,195,102,0,1,0,2,2277,21,90,74,2
9.77,390,406,3,4,4,1,421,74,61,82,1
6.39,96,376,0,7,3,0,2730,38,92,73,2
7.06,449,231,4,5,2,2,429,13,83,80,1
7.98,367,354,1,7,2,0,126,76,39,62,1
9.39,429,145,4,3,4,0,42,15,29,66,1
8.02,95,16,3,5,1,0,1128,91,43,76,1
8.99,260,158,3,4,2,1,1186,70,81,63,1
6.56,120,447,0,6,2,0,2422,17,100,94,2
7.01,365,303,3,2,3,0,1267,78,82,65,1
8.93,272,281,0,2,4,4,2122,81,14,91,2
6.66,331,277,2,0,4,4,1999,46,48,94,2
7.41,51,124,3,4,0,2,2715,74,86,81,2
7.06,395,172,4,7,4,4,80,74,42,67,1
7.4,317,419,4,2,5,2,2410,50,5,86,2
8.83,162,319,0,2,3,0,1706,38,49,87,2
7.47,189,162,2,7,5,4,794,16,45,61,1
8.22,276,202,3,7,4,3,2356,59,39,61,1
6.4,84,474,1,5,0,1,1971,5,29,86,2
9.22,193,481,1,5,3,4,1341,45,73,66,1
7.48,180,337,4,4,2,1,418,68,29,71,1
8.59,20,154,3,2,1,4,2153,32,0,67,2
8.9,398,323,1,7,2,4,459,84,28,68,1
6.84,202,400,0,6,0,3,2051,54,88,81,2
9.54,201,453,3,0,3,0,487,72,94,77,1
8.46,465,489,4,2,2,2,2713,32,14,98,1
7.71,150,394,2,7,0,4,705,68,16,87,1
6.73,383,260,0,3,5,4,2304,19,7,97,2
9.77,158,185,0,3,2,1,2508,22,73,93,2
9.02,309,376,3,0,1,0,2938,36,45,65,2
6.83,438,465,2,3,5,4,233,97,56,90,1
7.35,25,56,0,5,2,4,1317,79,78,74,2
9.24,308,216,2,7,2,2,1402,45,27,63,1
8.78,65,457,4,2,2,0,1618,26,89,64,1
9.06,422,488,0,3,0,0,2703,62,83,82,2
7.76,262,207,1,3,3,4,2182,3,76,72,2
8.87,471,201,4,2,4,0,2701,57,30,86,1
7.55,166,73,4,4,0,0,1612,14,50,90,1
6.85,287,483,0,0,5,2,2938,83,77,78,3
8.53,153,84,1,4,4,3,1098,57,28,89,1
9.9,342,119,2,4,5,2,1147,50,77,98,1
7.24,205,13,1,7,4,3,2202,59,13,89,2
7.84,412,327,4,3,2,2,2459,68,83,64,1
8.7,152,128,0,1,5,4,1558,79,40,70,2
8.17,183,399,1,4,1,2,609,33,34,69,1
9.37,158,281,1,6,4,0,1643,77,4,100,1
9.05,193,48,4,2,5,0,80,90,63,60,1
6.23,1,425,2,2,5,1,1729,65,78,74,2
9.99,214,453,1,2,4,4,2603,28,55,80,2
9.01,174,358,1,1,2,0,2281,4,76,81,2
9.46,74,241,3,1,1,4,2286,91,0,91,2
8.6,284,321,4,5,2,2,2113,1,6,85,1
9.43,126,52,3,0,4,0,779,97,11,72,1
6.45,489,264,4,7,5,4,2686,2,95,64,1
7.39,482,68,4,6,0,2,2902,40,20,73,1
9.51,48,39,3,6,5,3,2026,21,75,63,1
6.81,456,183,2,1,4,1,1603,61,35,100,2
6.31,31,132,2,0,0,2,2271,47,32,99,3
9.15,157,55,4,5,3,3,761,89,3,67,1
9.34,14,366,3,2,1,4,826,4,50,68,1
6.65,317,455,1,6,5,3,2827,3,48,90,2
9.42,333,254,4,1,3,0,562,100,72,62,1
8.75,242,4,4,6,2,4,2670,32,38,86,1
8.08,16,68,0,7,4,1,2917,80,70,68,2
9.32,21,51,2,3,3,1,200,49,17,88,1
7.68,243,464,3,5,1,4,1487,7,58,93,1
6.78,413,328,1,3,0,0,1014,47,22,88,1
7.14,80,97,1,3,0,4,30,12,99,69,1
8.02,143,160,4,1,2,4,1119,25,19,72,1
8.13,435,405,1,1,2,4,361,50,30,60,1
9.22,7,468,1,1,4,2,403,34,88,99,1
9.17,447,490,4,3,3,1,1585,46,99,73,1
8.33,166,270,2,2,4,1,1250,63,66,91,2
9.12,286,64,0,4,0,0,589,26,52,75,1
6.77,267,326,2,2,0,1,113,45,53,85,1
6.2,288,406,2,1,5,0,2298,33,61,92,2
9.49,185,242,0,6,3,0,1469,62,19,90,1
6.3,11,366,4,4,4,1,462,93,24,67,1
6.99,280,261,2,6,2,4,2590,90,93,84,2
8.78,421,211,3,5,3,4,71,42,50,92,1
7.64,303,441,3,4,5,2,1274,88,20,89,1
9.51,465,153,0,7,2,0,1218,92,47,60,1
7.19,82,233,3,2,3,3,1315,23,98,60,2
6.05,54,139,4,3,2,3,2987,16,53,86,2
7.2,130,332,1,7,1,1,435,43,98,63,1
8.31,124,494,4,0,0,1,1582,65,93,96,1
7.5,482,114,0,3,5,3,2238,60,15,83,2
8.14,324,368,1,3,3,2,1788,39,86,83,2
9.51,418,332,3,6,5,0,1470,79,59,65,1
9.65,50,129,2,4,1,0,1056,2,74,98,1
7.06,26,415,3,1,3,1,401,22,11,60,1
7.85,164,177,4,1,0,1,1523,6,98,88,1
8.2,493,94,4,4,5,4,2716,87,68,83,1
9.8,468,316,0,3,0,2,597,55,55,72,1
9.99,399,394,2,2,2,0,2816,71,43,87,2
6.94,475,100,2,7,5,4,819,61,37,74,1
8.91,280,195,1,5,0,3,2042,84,21,90,2
7.51,32,289,1,6,5,4,1043,80,80,81,2
6.03,61,207,4,0,5,3,1377,26,20,71,2
6.04,144,94,0,7,0,3,1209,42,90,76,2
7.84,170,472,4,3,0,0,512,75,12,85,1
7.95,285,102,2,6,4,4,2891,88,93,72,2
6.09,296,7,2,3,4,0,1249,53,45,100,2
8.75,116,135,4,0,0,2,983,38,58,76,1
7.18,3,97,2,2,5,2,2695,94,78,85,2
8.24,65,398,1,0,5,2,2440,41,17,87,2
7.2,59,260,2,4,4,2,1775,29,42,97,2
6.67,392,146,1,0,3,3,570,41,54,91,2
7.63,286,457,3,0,5,2,2646,99,74,80,2
6.93,344,392,0,3,1,0,1051,48,70,68,2
8.14,228,184,0,6,1,4,552,85,97,96,1
6.8,99,437,2,3,4,4,2404,14,31,75,2
8.03,118,412,0,1,1,0,2157,86,76,64,2
6.63,68,499,3,0,4,1,2067,97,15,97,2
8.68,151,231,2,4,2,1,125,42,89,68,1
9.02,279,100,1,1,5,1,2384,34,39,65,2
6.44,220,146,3,5,0,1,536,83,40,74,1
7.87,497,204,3,0,1,3,766,41,53,77,1
6.28,428,45,0,3,0,3,1176,92,33,64,2
8.39,222,103,1,7,1,4,158,91,84,100,1
7.06,164,335,4,4,3,4,685,72,17,69,1
8.11,441,445,3,2,3,3,611,31,19,75,1
8.07,210,221,0,1,4,3,1266,71,75,86,2
9.7,278,443,3,3,0,4,1201,47,84,99,1
8.2,418,117,1,2,4,0,1187,76,95,82,1
8.33,62,4,1,0,2,3,2196,97,8,87,2
7.61,373,416,2,4,4,0,1316,24,46,70,1
9.8,369,210,4,3,5,2,2418,74,60,63,1
9.11,261,54,4,3,5,0,2728,23,10,63,1
7.14,5,18,0,4,4,0,109,67,10,75,2
9.38,247,400,4,3,4,3,345,34,27,87,1
7.73,228,87,1,7,1,2,1394,35,80,88,1
9.31,285,246,4,3,1,1,22,65,96,76,1
9.29,256,116,0,0,2,0,1217,93,97,65,2
6.76,62,475,3,1,0,2,1791,39,23,77,2
8.8,391,169,4,2,3,2,739,69,20,72,1
7.16,27,484,4,5,0,3,2199,6,34,94,2
7.19,344,149,1,4,3,2,1688,51,36,84,2
7.19,416,294,1,2,1,1,2135,76,10,94,2
8.9,52,207,3,4,4,3,1062,42,31,70,1
6.92,251,380,2,5,5,0,639,83,25,71,1
6.0,37,482,4,4,2,3,391,4,17,97,1
8.86,307,282,1,3,2,0,1127,23,75,91,1
6.68,333,331,2,7,5,3,713,41,19,73,1
6.42,138,173,4,5,2,2,221,33,33,84,1
6.95,385,126,4,7,0,1,1193,86,90,92,1
7.52,52,155,2,5,1,3,2667,72,53,93,2
7.9,93,179,1,0,1,4,2634,25,97,98,3
6.18,93,448,3,4,4,2,1584,89,64,95,2
9.88,451,422,4,5,5,3,378,81,78,65,1
8.86,460,377,0,2,5,2,1513,35,13,100,2
7.29,262,401,0,1,0,4,2030,16,42,63,2
7.27,485,86,0,2,4,2,406,68,26,66,1
7.79,322,405,3,5,3,2,1215,5,66,94,1
8.5,136,323,4,0,1,3,2004,33,1,78,2
6.59,461,495,1,7,2,2,2898,52,75,90,2
6.76,371,266,1,1,5,3,184,94,62,79,1
9.44,446,81,3,6,4,1,1052,36,50,80,1
7.03,255,63,4,3,3,4,2217,19,97,84,2
7.52,394,118,2,6,2,0,107,57,92,71,1
9.49,36,495,2,6,2,4,312,75,86,93,1
8.65,141,454,4,2,4,2,138,58,48,76,1
7.37,146,340,4,2,4,3,2803,10,72,91,2
8.73,7,312,1,5,4,0,1065,93,14,60,2
6.08,250,162,3,7,1,0,2757,39,0,74,2
8.94,134,292,3,7,5,2,1836,77,36,60,1
7.95,58,177,1,7,5,0,1053,55,9,84,1
9.25,122,376,0,7,0,3,2676,20,20,66,2
9.82,446,29,2,4,5,2,50,86,34,93,1
9.7,262,400,4,4,4,4,497,99,49,65,1
9.64,119,160,2,1,5,2,1044,68,33,97,1
8.05,438,399,2,3,1,2,703,45,74,95,1
7.44,258,398,3,4,0,0,8,66,47,60,1
7.86,322,396,1,7,3,1,1753,31,53,74,1
8.76,17,486,0,5,0,0,705,91,67,72,2
9.54,300,2,0,2,1,1,1124,3,73,80,2
6.83,352,23,1,1,1,2,1324,25,9,72,2
9.67,484,406,2,4,5,2,784,30,30,99,1
9.26,91,58,1,4,0,4,1093,73,10,76,1
9.92,163,236,1,0,0,0,434,75,3,76,1
9.52,143,239,4,1,5,4,2034,60,86,71,1
7.12,334,310,4,1,1,3,2163,16,74,93,2
6.42,412,320,2,5,1,2,2701,52,4,98,2
6.45,314,159,3,3,3,4,705,45,21,99,1
7.16,401,480,0,4,1,3,1864,7,38,70,2
8.46,432,59,4,1,1,1,2433,74,40,73,1
9.22,237,239,2,5,2,0,2580,71,10,74,2
9.6,173,413,1,3,2,3,2931,29,57,82,2
8.5,82,321,4,4,2,0,665,82,10,63,1
6.02,156,401,1,6,4,2,285,17,47,92,1
6.75,453,58,1,2,5,1,501,56,71,84,1
6.4,108,52,4,0,4,2,2301,7,52,100,2
7.45,177,63,2,3,1,3,274,79,56,81,1
8.01,249,120,0,0,2,1,1397,25,39,91,2
6.17,494,118,2,2,5,3,2514,20,97,60,2
7.39,252,285,3,1,3,0,1465,47,48,83,2
6.72,54,17,3,4,3,2,2630,50,61,66,2
8.59,154,4,0,6,3,0,1116,61,60,96,2
7.86,390,324,3,1,1,1,2622,70,51,65,2
7.98,90,391,1,0,5,4,2638,42,27,74,3
7.71,338,392,3,7,2,0,2202,1,65,93,1
9.82,125,159,4,6,1,1,2315,20,76,60,1
6.86,336,375,1,1,1,1,533,61,41,98,2
8.07,168,141,2,1,3,3,197,3,77,67,1
8.94,138,396,0,3,2,0,159,52,68,94,1
8.23,4,17,4,6,4,2,2610,25,34,71,2
9.72,65,67,4,5,0,0,383,84,97,83,1
7.51,110,113,0,3,1,3,2458,10,8,60,2
7.85,183,21,3,2,2,1,1072,48,6,72,1
6.35,267,19,0,3,0,2,1919,75,56,96,2
8.44,169,398,0,3,0,4,995,41,35,74,2
7.15,361,262,3,3,4,2,340,75,34,93,1
6.64,243,460,2,7,4,0,396,27,13,96,1
8.18,330,97,0,6,1,2,525,39,73,72,1
8.13,137,104,3,7,1,0,347,46,80,75,1
6.3,27,285,4,3,2,2,2523,49,73,95,2
8.79,6,4,0,5,4,0,1552,44,31,65,2
8.5,397,128,0,6,5,1,1974,13,23,93,2
6.76,332,443,2,2,4,1,836,83,38,71,1
7.88,452,158,2,3,5,0,2445,28,83,97,2
8.88,316,250,4,3,2,0,2962,39,33,95,1
8.12,50,498,2,0,5,4,749,73,38,83,2
7.58,425,275,4,3,4,0,1683,52,39,63,1
7.29,135,82,0,2,3,3,1617,26,14,84,2
8.44,177,319,3,5,0,0,199,96,48,100,1
9.76,128,117,2,2,3,1,917,53,59,70,1
8.69,196,447,4,1,0,2,2286,39,13,62,2
6.3,266,28,2,3,5,1,181,99,14,66,1
7.84,499,492,2,4,2,3,1678,80,11,70,1
9.56,106,357,1,1,2,2,1376,63,17,60,2
6.38,47,137,0,2,0,1,1545,42,14,100,2
9.96,137,156,2,7,0,0,1291,58,5,100,1
9.8,398,30,3,1,0,0,1431,25,60,85,1
6.31,102,330,1,4,0,2,1694,57,7,73,2
9.73,46,470,4,0,1,4,943,7,49,75,1
7.45,476,285,4,4,4,3,1143,69,17,71,1
9.38,152,152,3,7,4,1,261,59,94,88,1
7.67,367,335,3,5,2,1,1566,49,100,91,1
7.76,5,57,0,5,1,3,2803,95,66,69,3
8.54,10,312,3,7,0,1,2778,69,23,88,2
9.1,16,86,4,1,1,2,2372,91,94,97,2
6.14,142,122,0,3,0,4,603,81,90,78,2
8.37,271,190,3,0,5,2,2973,37,87,68,2
6.75,311,352,3,5,4,4,173,5,39,84,1
7.38,65,370,4,4,0,0,358,73,23,78,1
7.39,419,292,0,3,5,4,2806,12,55,98,2
7.88,338,313,1,4,4,4,2043,77,44,68,2
7.34,421,27,1,2,0,4,656,96,11,76,1
6.43,497,154,0,3,5,1,2888,31,38,86,2
6.58,468,453,3,2,2,4,2649,80,90,67,2
6.13,330,229,3,7,4,3,984,80,28,82,1
7.88,255,36,0,0,5,0,681,36,0,72,2
9.82,488,5,1,0,2,0,1216,0,0,100,1
6.46,126,472,2,0,1,1,2739,0,36,67,3
9.79,130,460,4,6,0,2,533,54,11,72,1
8.93,481,317,0,0,1,3,1131,23,67,72,2
8.55,17,224,2,2,0,2,2490,83,70,76,2
8.58,206,32,4,2,4,4,2128,10,47,79,1
9.31,88,88,2,5,0,2,745,88,39,64,1
6.43,437,333,2,1,5,3,943,25,14,84,1
8.02,497,39,4,1,3,1,1675,98,25,75,1
8.79,242,168,2,7,3,1,712,27,54,77,1
8.35,462,374,1,2,3,4,2659,81,24,68,2
9.33,349,297,0,0,2,3,2926,9,94,94,2
6.29,16,485,1,1,3,1,1670,52,41,69,2
8.76,465,392,1,3,0,4,1253,47,24,94,1
8.14,222,17,4,2,1,2,1227,25,24,96,1
7.52,369,14,4,3,2,3,1706,56,24,78,1
7.36,362,131,4,0,4,1,1803,81,16,72,1
8.48,209,289,2,5,2,3,2758,97,74,95,2
9.56,98,317,2,2,5,1,696,84,20,84,1
7.98,12,293,0,7,5,1,206,63,57,64,1
9.3,318,208,2,1,1,3,1635,40,15,76,1
7.61,269,326,0,5,3,1,2557,40,96,93,2
6.41,186,479,1,6,1,2,902,35,6,82,2
6.25,419,278,0,1,2,4,768,91,74,62,2
6.21,273,381,0,3,2,0,2209,43,4,69,2
7.52,132,275,4,6,2,3,1163,80,97,91,1
7.35,13,494,2,2,1,3,1947,72,78,92,2
8.87,280,439,3,5,0,4,926,42,24,66,1
8.97,43,308,3,0,0,2,505,22,7,72,1
6.2,376,385,4,4,5,0,686,88,0,97,1
6.88,294,276,1,4,3,2,668,42,61,70,1
7.1,395,75,1,7,5,3,2409,89,32,74,2
8.19,103,297,1,6,4,0,672,21,77,82,1
6.58,444,312,0,5,1,1,1036,17,46,78,2
6.54,61,377,2,0,0,3,2293,62,59,67,2
9.78,52,432,1,1,3,2,252,64,42,83,1
9.22,308,346,3,4,4,4,375,13,4,61,1
6.72,411,497,0,0,3,1,2532,92,89,97,3
7.63,418,111,1,5,3,0,1110,50,21,89,1
7.42,117,265,1,7,5,3,1680,78,62,92,2
9.16,320,71,2,5,5,4,1791,46,1,78,1
8.04,130,316,2,5,4,4,2002,14,98,90,2
6.51,298,20,0,3,2,2,583,16,2,83,2
8.96,305,187,3,7,0,4,692,80,0,81,1
7.59,198,120,4,1,0,2,100,90,97,98,1
7.05,392,341,3,7,4,0,898,59,10,88,1
7.5,35,140,2,0,0,3,1260,94,98,93,2
7.99,278,303,2,7,1,0,2910,100,68,63,2
7.37,215,423,4,5,1,2,1180,15,92,76,1
6.97,73,446,3,3,1,0,2238,64,16,87,2
7.59,305,203,3,2,4,3,1693,14,0,97,1
6.08,54,208,4,7,5,3,2815,69,32,63,2
9.09,495,495,2,4,3,4,2550,31,45,75,1
6.68,380,8,0,6,3,2,378,36,29,95,1
6.18,11,184,3,4,2,0,2872,79,76,90,2
8.61,82,434,1,4,2,4,537,5,51,74,1
9.1,31,368,3,6,1,4,2909,10,8,68,2
9.26,407,375,3,0,1,0,471,74,71,95,1
7.97,85,295,3,2,4,2,714,24,74,63,1
6.82,450,331,2,0,1,2,1065,74,2,78,1
8.95,231,200,1,5,1,3,1669,82,47,93,1
8.8,410,63,3,0,1,2,759,64,25,83,1
6.99,444,349,0,2,0,4,2677,73,83,70,2
9.61,274,325,1,5,3,3,481,5,52,94,1
6.42,200,319,4,5,0,1,2288,30,11,87,2
9.93,50,24,0,7,5,3,1470,15,65,87,1
9.44,319,411,4,7,1,4,361,68,82,70,1
8.75,255,393,3,3,1,0,1669,44,64,97,1
9.75,240,488,2,5,0,0,68,10,92,93,1
8.89,204,155,3,7,0,0,421,4,22,74,1
6.76,385,220,3,1,4,4,126,11,5,67,1
7.77,419,291,4,7,4,3,2777,77,42,100,1
6.29,476,138,3,4,1,0,1056,9,97,96,1
7.56,383,20,0,7,0,2,782,2,82,100,1
8.97,394,485,2,2,5,1,475,83,95,60,1
7.55,481,153,4,3,4,0,2394,13,82,83,1
7.32,195,401,1,5,2,0,1148,89,58,69,2
8.38,451,67,3,2,0,1,2504,50,93,99,1
9.49,243,491,4,6,3,2,2334,24,96,76,1
6.19,319,40,3,1,2,1,2253,18,60,73,2
7.54,0,14,3,2,2,0,480,79,41,60,1
6.63,88,278,4,6,5,0,245,59,64,70,1
8.78,281,168,0,2,0,3,683,52,23,100,1
6.42,138,133,1,3,5,4,2229,53,34,62,2
8.66,86,490,3,6,1,3,2428,69,24,76,2
7.14,1,198,0,4,3,3,1226,69,14,70,2
6.8,466,237,3,4,4,3,1201,32,26,83,1
9.75,348,443,3,3,5,3,504,73,14,95,1
6.07,167,111,0,3,4,3,2302,26,15,92,3
7.75,118,462,3,0,1,2,1659,85,61,91,2
6.09,499,51,1,6,3,4,1114,16,55,84,1
7.93,387,136,4,0,5,4,2468,92,21,86,2
8.0,79,254,0,1,3,4,1780,65,86,76,2
7.29,110,114,2,6,2,2,639,23,64,76,1
6.53,164,157,3,0,2,2,2331,23,16,99,2
7.51,381,299,4,0,3,2,441,33,58,63,1
8.69,444,445,1,2,5,0,1692,27,10,77,1
9.13,218,426,1,2,5,4,110,14,1,70,1
8.12,4,411,2,6,5,1,503,53,92,100,1
8.36,398,477,1,3,0,3,1836,83,57,99,2
6.8,214,263,4,5,5,0,2475,88,69,71,2
7.15,496,354,2,7,0,0,567,70,11,96,1
6.65,194,306,0,4,0,3,1019,89,54,69,2
7.0,465,98,2,1,3,0,1112,60,2,74,1
6.9,490,120,0,7,4,2,1985,6,76,70,2
8.08,281,89,1,0,0,0,105,47,65,93,1
8.25,5,29,4,2,4,4,923,35,91,94,1
9.78,378,482,3,4,0,4,522,39,65,67,1
6.78,299,229,2,6,3,1,894,41,0,90,1
8.57,57,138,1,7,0,4,2117,52,79,74,2
9.27,336,253,4,0,5,3,2441,21,64,88,1
8.24,301,403,3,5,4,3,1859,75,30,74,1
7.02,101,493,2,4,1,4,514,92,95,90,1
7.05,425,30,4,2,5,2,2386,85,17,66,1
6.16,47,161,1,3,4,4,2940,49,45,89,3
7.22,369,395,2,5,1,2,2622,34,25,84,2
8.98,410,431,2,5,5,3,541,25,23,74,1
6.19,275,155,0,7,4,4,2309,8,40,72,2
6.88,453,322,0,7,5,1,1400,71,29,69,1
8.82,370,116,2,0,5,3,2798,64,7,78,2
9.13,162,190,4,0,0,1,2245,91,67,74,2
7.82,331,175,1,1,0,3,1986,83,45,62,2
8.79,431,425,3,0,4,0,551,45,59,77,1
7.55,450,435,0,2,0,0,1175,26,45,81,2
6.64,495,4,1,6,0,0,735,78,88,96,1
7.59,195,332,2,4,3,1,2300,1,89,91,2
8.32,376,11,1,5,2,2,2546,54,73,90,2
9.79,435,58,1,4,2,3,1808,53,0,69,1
6.28,364,320,1,7,5,0,1430,13,94,100,1
8.03,323,307,2,3,4,1,1755,44,61,80,1
7.32,131,298,0,5,2,3,925,40,45,93,2
8.03,422,249,3,5,1,0,2804,74,18,88,1
6.1,404,338,4,3,4,0,1164,1,2,69,1
7.25,491,92,0,7,4,0,2061,5,85,87,2
9.28,65,318,3,2,1,1,634,90,57,69,1
8.22,399,110,2,4,2,2,1150,7,89,91,1
7.8,390,305,3,5,1,0,904,5,78,73,1
7.14,82,367,2,3,0,0,152,81,62,91,1
7.19,490,294,3,5,4,2,2268,56,76,89,1
7.53,480,425,0,3,3,2,1829,27,9,67,2
9.34,264,472,2,1,1,4,2395,85,53,96,2
9.87,228,335,1,1,4,0,676,70,17,78,1
7.75,272,16,2,6,5,3,2633,79,68,81,2
7.57,218,219,2,2,5,4,1039,41,58,83,1
9.39,224,486,3,2,4,3,1339,39,43,87,1
7.71,112,298,2,2,1,2,1774,42,95,100,2
8.21,139,304,3,2,3,4,1797,8,48,64,2
6.92,184,4,0,7,4,1,1500,34,99,68,2
8.97,172,128,2,4,0,4,2575,3,55,67,2
8.13,375,322,1,7,0,4,2450,46,19,77,2
9.24,10,111,1,0,0,2,1750,76,23,99,2
9.12,396,23,0,2,3,0,2693,74,78,72,2
6.86,158,28,1,1,2,2,1878,37,39,65,2
8.86,204,398,3,5,0,2,1942,45,57,75,1
9.2,229,131,2,0,1,2,85,14,22,77,1
7.38,25,43,4,0,2,3,2263,34,40,76,2
6.69,318,320,2,7,1,1,1216,89,58,61,1
6.01,158,496,2,4,3,3,1692,59,13,77,2
7.8,277,375,4,3,0,4,1244,54,42,70,1
7.41,389,206,1,6,4,2,339,39,10,61,1
8.22,147,381,1,5,0,0,2061,68,85,61,2
6.75,468,215,2,5,3,2,493,4,98,77,1
9.44,265,243,1,7,0,3,557,18,30,100,1
7.03,82,30,3,0,0,1,2850,98,16,81,2
6.91,418,403,3,7,0,3,1135,60,81,75,1
7.92,25,265,4,4,3,2,2960,11,52,86,2
8.0,70,10,2,4,0,1,2142,50,45,76,2
6.86,36,81,3,4,5,0,2947,33,77,76,2
7.09,391,481,0,7,4,3,2395,37,24,65,2
6.68,132,155,1,2,4,3,2176,87,24,92,2
8.87,427,165,2,5,2,4,118,43,54,72,1
9.08,483,207,3,3,2,1,2303,78,21,65,1
7.85,125,23,4,2,2,3,405,23,89,85,1
8.86,114,294,3,1,2,4,46,95,41,78,1
8.94,91,374,0,3,4,0,2549,63,11,97,2
6.55,241,178,3,7,2,3,2303,43,54,78,2
9.86,450,331,2,2,1,3,1989,13,42,85,1
9.28,486,49,4,3,5,2,497,30,95,81,1
6.82,199,489,4,1,3,3,1912,53,37,70,2
6.74,206,6,0,2,5,0,122,4,4,81,2
6.5,116,99,2,3,3,4,898,99,53,91,2
6.55,218,80,0,1,4,1,2518,29,16,66,3
8.99,304,240,0,7,3,0,711,58,84,81,1
7.88,242,323,0,6,3,1,2996,77,16,65,2
9.13,291,180,3,7,0,0,1025,33,31,74,1
8.99,463,292,1,5,2,4,592,56,61,97,1
8.42,281,480,3,4,2,2,2665,0,33,100,2
8.75,300,82,2,3,0,4,1692,64,58,77,1
6.07,316,53,0,7,4,1,701,41,68,94,1
7.25,171,89,0,1,1,1,1434,36,89,93,2
8.55,387,438,1,5,4,3,1022,26,3,88,1
6.04,75,202,4,6,1,2,2025,55,83,64,2
6.13,208,30,0,4,1,4,2142,10,94,83,2
9.41,313,192,3,6,0,4,2175,75,71,91,1
8.74,104,487,0,1,4,1,2762,6,69,89,3
7.06,491,99,2,5,2,2,1400,20,80,64,1
8.75,25,348,1,5,5,4,21,40,88,93,1
9.17,350,88,4,5,4,2,912,100,3,77,1
7.23,78,442,2,6,4,2,1061,96,13,95,1
6.14,499,122,3,0,5,4,1110,52,80,80,1
9.73,481,373,2,1,1,2,1319,29,59,81,1
7.38,127,46,0,2,1,0,681,58,78,98,2
6.43,412,432,1,2,2,1,2326,30,88,80,2
7.97,136,145,0,2,5,2,561,13,50,94,2
9.07,333,2,1,2,5,2,657,94,12,64,1
6.89,35,17,3,6,2,0,410,59,98,92,1
7.08,387,313,2,5,5,3,2854,50,73,66,2
6.97,58,326,1,5,1,2,1446,98,29,83,2
9.97,229,475,2,0,4,4,637,29,81,98,1
6.79,420,80,1,0,1,3,1130,68,66,67,2
8.3,123,152,0,0,3,3,753,0,17,74,2
9.7,87,401,1,4,3,0,1859,23,20,65,2
6.59,336,307,1,3,1,4,1652,24,88,64,2
9.88,140,487,4,6,2,3,1609,30,43,82,1
9.79,403,298,3,2,1,2,1427,73,56,79,1
9.54,272,66,0,6,4,0,14,51,55,71,1
6.86,50,88,0,3,3,0,488,16,46,80,2
8.54,474,134,2,2,0,0,114,33,6,81,1
9.04,54,366,1,6,2,1,1788,91,94,84,2
9.94,416,201,1,2,0,3,1090,86,98,71,1
6.72,404,427,1,2,2,4,1479,82,68,61,2
9.06,336,427,0,6,0,4,2603,27,72,89,2
7.36,149,178,4,0,0,1,889,19,64,66,1
6.7,152,338,2,7,5,2,766,12,18,96,1
7.69,450,78,1,5,1,3,394,75,40,77,1
9.18,218,84,4,4,2,0,637,44,95,77,1
7.86,218,20,3,7,5,1,2123,14,65,87,1
8.15,365,377,0,2,3,1,1600,57,81,93,2
9.98,395,164,3,7,0,3,104,67,16,67,1
7.6,398,27,0,2,1,4,2554,32,57,78,2
8.46,485,236,2,2,4,3,1581,35,98,65,1
7.46,467,287,3,7,2,4,486,91,67,66,1
7.57,341,184,2,1,2,3,1738,56,46,79,2
8.78,257,424,2,6,3,4,274,20,64,83,1
9.75,387,309,2,2,0,1,2559,5,13,88,2
8.17,44,154,3,0,1,4,1007,53,76,87,2
9.07,268,122,3,7,0,3,1093,2,15,64,1
6.36,310,86,3,7,1,2,11,27,32,76,1
6.84,159,201,1,7,3,3,795,37,98,95,1
8.01,277,39,2,0,0,1,444,47,4,92,1
6.08,344,168,1,7,4,4,2468,11,55,65,2
7.01,474,69,0,3,3,4,2829,94,36,97,2
8.07,54,279,3,6,3,4,1647,40,11,62,1
6.06,144,401,4,5,2,1,1436,55,72,69,1
7.06,453,329,0,5,1,3,1346,22,64,70,2
8.06,234,439,2,0,5,4,1543,67,36,82,2
8.29,178,398,2,3,0,2,96,36,81,63,1
9.7,207,492,1,4,1,2,1990,54,64,66,2
8.58,135,490,3,1,3,0,2575,58,46,85,2
7.66,444,353,3,0,0,2,2391,21,6,92,2
9.72,352,327,0,6,4,0,1624,42,22,100,1
9.14,393,497,0,2,1,4,2356,4,16,94,2
6.8,481,418,0,6,1,1,2012,56,41,87,2
6.52,274,26,4,7,4,1,536,75,61,100,1
8.7,383,344,4,6,5,1,54,100,53,94,1
8.24,397,130,2,4,5,4,2741,60,43,98,2
9.16,322,276,2,2,3,4,1592,53,48,75,1
8.96,182,376,2,3,5,3,2326,57,30,69,2
8.5,60,294,3,6,1,2,1258,77,42,66,1
9.95,439,287,2,6,2,4,198,93,9,66,1
8.13,62,253,1,3,2,2,1455,22,48,84,2
6.45,360,433,0,7,0,1,260,33,11,64,1
9.31,214,500,3,6,4,2,2210,36,36,85,1
7.01,359,84,4,1,3,3,179,85,32,89,1
9.11,138,8,0,6,2,1,2279,46,43,70,2
9.83,430,49,2,4,0,2,1819,2,32,66,1
8.79,133,0,4,3,0,3,2799,83,44,98,2
8.38,33,3,4,2,5,2,1936,27,46,85,2
7.84,192,3,4,5,1,3,569,45,71,95,1
7.46,354,496,0,6,3,2,453,81,75,81,1
7.41,472,89,3,0,5,1,59,70,52,71,1
8.55,319,161,0,7,5,1,1185,33,26,81,1
9.01,476,154,1,0,2,0,685,42,100,61,1
8.71,86,14,2,5,4,3,867,11,58,99,1
6.79,209,364,3,4,5,2,69,33,98,71,1
7.98,461,31,3,4,1,2,1198,84,90,60,1
9.17,80,424,2,3,2,2,2405,100,74,74,2
7.9,321,454,1,0,0,4,1312,33,49,99,2
8.15,414,444,4,5,5,3,1588,45,73,66,1
9.08,338,62,2,1,4,2,885,78,19,97,1
8.65,479,444,4,7,0,0,453,29,96,96,1
7.64,189,363,2,5,5,1,1770,72,55,81,2
9.58,437,107,0,1,1,4,1974,17,17,92,2
6.65,347,13,1,5,4,4,233,80,79,92,1
9.98,232,22,1,5,4,1,111,83,64,88,1
6.48,391,110,2,5,1,4,2534,1,78,78,2
6.06,425,320,1,5,0,0,726,54,53,64,1
9.56,168,159,4,5,5,0,2118,35,4,73,1
6.98,442,40,1,6,4,1,503,65,14,68,1
8.92,250,281,1,5,3,3,2678,95,61,64,2
9.24,167,303,1,7,3,4,1080,44,85,94,1
9.44,230,456,3,6,5,2,2370,24,37,80,1
9.97,149,143,2,1,0,2,1929,45,44,87,2
7.18,151,414,0,1,4,0,1374,83,88,61,2
8.84,37,449,0,3,0,3,2021,58,60,65,2
6.46,385,287,3,5,3,3,659,64,51,90,1
7.63,380,393,3,2,4,4,1599,87,96,91,1
9.39,296,152,0,6,4,4,1353,87,59,70,1
7.47,488,81,4,7,5,1,2448,31,99,73,1
8.36,274,364,0,1,5,0,1498,77,23,69,2
8.02,104,225,0,3,5,1,1927,9,62,98,2
8.58,385,476,2,1,5,1,1538,52,59,60,1
9.89,347,428,0,6,0,3,2894,93,9,90,2
6.22,351,151,0,1,4,4,2390,7,45,67,3
8.3,61,258,1,5,0,2,417,63,67,61,1
9.45,466,317,3,6,2,1,2747,32,5,94,1
7.93,15,78,0,2,2,0,1759,81,72,90,2
6.31,349,194,0,6,3,1,1875,93,43,71,2
8.24,149,438,4,1,3,2,390,15,77,90,1
7.33,141,222,0,3,1,2,2478,83,91,94,2
6.62,115,265,2,6,2,0,2856,98,81,91,2
9.4,311,229,4,5,2,2,2815,34,30,76,1
8.09,64,438,0,3,5,2,878,72,34,67,2
9.73,428,149,2,0,5,2,524,8,34,78,1
9.22,309,397,3,4,1,1,1370,94,99,95,1
8.77,193,456,0,1,0,0,2820,38,18,70,2
6.02,341,465,3,5,2,1,1139,95,32,64,1
7.71,429,135,0,6,5,0,2875,13,94,87,2
6.79,160,122,4,1,2,2,49,55,88,61,1
9.64,462,357,4,3,3,2,1797,42,58,70,1
6.7,305,398,2,1,1,4,381,35,46,77,1
7.14,360,109,1,7,1,2,2910,70,70,64,2
8.07,277,142,2,7,3,0,408,95,67,78,1
7.05,295,435,0,6,2,3,1902,26,1,64,2
6.84,38,69,3,7,4,0,1955,7,88,99,2
8.4,360,53,3,5,1,2,2181,79,24,78,1
6.36,168,331,0,3,2,2,1224,20,33,71,2
6.23,458,425,1,0,0,3,1270,71,100,95,2
7.49,67,402,1,7,1,2,2531,12,52,87,2
8.88,6,39,1,5,3,4,2241,1,24,94,2
8.22,84,196,0,6,1,3,2754,3,21,97,2
7.69,198,26,4,1,3,1,519,67,36,82,1
8.26,131,329,4,5,0,4,15,62,0,93,1
7.46,75,298,0,5,2,0,590,94,31,82,2
9.74,249,179,4,0,3,4,2988,60,78,92,2
6.22,346,45,1,6,3,4,157,99,47,72,1
8.69,442,141,4,0,5,2,1650,16,77,93,1
9.57,208,319,0,7,0,1,2746,5,6,88,2
9.22,83,444,4,7,4,3,1351,42,66,89,1
6.74,222,97,4,4,1,4,1802,66,65,77,1
7.18,252,125,4,6,5,2,1497,65,56,94,1
8.87,409,57,4,3,4,4,311,76,35,64,1
6.34,30,176,0,6,1,1,1626,58,92,63,2
9.25,354,206,2,0,0,3,2500,87,73,64,2
8.88,200,284,4,3,0,2,1992,22,12,98,1
8.92,452,153,2,4,4,4,1549,86,82,74,1
6.4,51,26,0,3,0,1,165,38,43,68,2
8.87,367,450,3,5,2,0,1160,97,81,67,1
8.72,71,322,2,6,4,0,2300,92,61,69,2
9.32,20,162,0,4,3,1,2600,32,67,81,2
6.17,15,249,3,1,3,3,1885,49,46,83,2
6.09,434,187,4,4,0,4,1627,89,29,83,1
7.49,15,444,0,4,0,4,2185,16,72,68,2
6.6,401,482,1,6,1,1,2685,75,34,81,2
8.23,174,369,3,4,4,4,1739,37,50,93,1
9.67,311,453,1,2,5,3,217,56,52,71,1
7.57,411,333,4,0,4,1,906,87,100,76,1
9.38,337,89,4,3,2,0,845,5,9,63,1
6.0,77,130,2,5,3,0,2966,22,42,89,2
6.67,439,416,4,3,3,2,2793,50,0,95,2
6.12,239,297,2,6,2,0,1000,73,1,60,1
7.31,36,12,3,2,1,4,2545,1,100,92,2
9.63,231,28,1,1,2,3,696,36,4,86,1
6.39,399,264,3,6,1,3,1198,22,31,73,1
8.43,212,31,1,7,1,2,1426,3,94,63,1
7.81,192,149,0,5,5,4,585,99,38,94,1
9.75,59,85,3,6,1,1,1878,95,27,92,1
6.49,188,57,0,6,0,2,2165,12,70,71,2
6.85,266,56,1,6,0,4,1339,36,50,63,2
6.12,125,481,2,6,1,1,317,14,1,93,1
7.74,202,393,3,0,2,0,2543,51,74,73,2
7.11,321,24,3,0,2,0,2544,84,47,61,2
9.48,381,189,2,0,2,1,1460,77,82,86,1
8.42,31,446,2,6,0,2,2313,43,26,90,2
8.46,402,75,4,0,5,1,1855,5,47,92,1
8.13,311,370,4,2,1,4,960,22,63,86,1
6.37,260,386,1,3,3,1,2062,38,86,87,2
7.78,386,338,3,6,2,4,2380,97,94,93,1
10.0,411,224,2,1,5,4,2280,44,69,89,1
9.34,345,430,2,5,0,0,1331,18,48,96,1
9.57,470,182,0,5,4,4,440,61,8,93,1
9.29,93,153,4,6,1,3,2968,30,32,60,1
6.41,327,268,0,1,2,0,2290,94,22,72,2
6.91,99,390,2,1,0,0,2673,63,92,77,2
6.01,284,417,3,2,4,1,2084,18,93,99,2
7.21,460,277,3,2,1,4,1342,78,69,60,1
6.43,314,339,0,4,3,1,1758,31,59,68,2
7.89,24,362,4,2,1,4,1916,85,16,65,2
8.71,405,22,1,0,1,0,2615,45,1,67,2
9.5,493,431,3,6,2,3,379,88,38,67,1
9.0,352,13,1,3,5,0,2684,4,13,83,2
9.75,356,93,4,1,1,2,1509,21,79,84,1
6.22,116,342,0,7,4,1,833,32,36,85,2
6.05,198,366,4,2,4,3,266,50,87,85,1
8.65,278,51,2,3,1,1,2940,13,67,98,2
7.16,69,338,4,0,1,4,918,40,28,99,1
7.01,334,422,0,2,5,1,2397,81,89,93,2
7.32,78,40,0,2,4,0,1531,93,18,67,2
7.08,423,163,4,3,4,0,1375,98,17,61,1
8.05,353,5,0,5,2,1,165,85,91,77,1
7.76,13,406,2,6,3,4,2209,59,91,75,2
8.05,28,137,1,5,4,4,2058,31,30,87,2
8.69,143,98,4,7,3,3,1472,18,11,67,1
7.55,476,340,0,7,3,0,186,90,84,77,1
7.01,342,223,1,7,4,1,2751,96,31,98,2
6.66,9,315,2,0,5,3,1187,4,67,78,2
7.4,46,29,4,2,5,2,1915,9,22,91,2
8.97,259,224,0,3,2,3,1529,42,57,91,2
9.03,11,325,1,7,1,2,2204,6,12,80,2
8.67,297,260,2,0,5,2,2538,58,16,88,2
6.94,225,246,3,2,0,3,137,10,94,64,1
8.35,259,78,0,5,1,0,1001,79,21,79,1
8.28,83,184,2,2,0,3,685,94,72,81,1
7.94,347,298,1,7,4,3,2459,81,5,86,2
8.2,347,179,4,1,1,0,2976,91,72,60,2
7.97,5,472,1,4,1,0,1449,41,65,72,2
8.26,397,76,4,0,0,0,2170,26,58,92,1
8.86,246,261,2,3,2,0,1031,3,61,98,1
6.44,34,228,2,1,5,0,790,16,7,65,2
9.0,174,1,1,2,4,0,2998,65,47,72,2
6.54,441,16,1,3,4,3,2627,29,8,73,2
6.27,64,343,4,1,5,1,2124,74,98,67,2
9.9,146,11,0,1,4,1,461,32,20,62,1
9.83,56,427,1,5,1,1,1366,52,37,96,1
6.24,192,181,0,5,3,3,2218,94,75,71,2
7.77,12,333,0,4,0,0,2278,47,40,67,2
6.74,391,6,0,5,5,2,1052,20,2,88,2
7.94,17,245,2,1,1,0,570,36,23,79,2
9.32,245,473,2,7,2,4,773,91,27,82,1
9.8,162,415,0,0,2,0,2654,69,60,63,2
8.54,342,156,0,4,1,1,1207,44,54,84,1
7.42,113,173,2,4,0,0,480,42,41,91,1
8.41,499,486,4,2,5,0,828,84,72,84,1
7.25,281,328,3,2,4,4,45,89,3,64,1
9.64,232,333,1,0,4,2,980,6,90,69,1
9.48,165,180,0,3,3,2,1913,40,2,90,2
8.23,467,464,2,5,5,1,916,72,74,63,1
7.3,321,496,0,5,1,2,1897,89,72,66,2
7.17,25,280,0,0,3,1,506,70,61,93,2
6.13,125,308,0,4,2,3,649,56,46,100,2
9.26,312,477,0,2,4,4,2183,27,93,80,2
7.8,483,236,4,0,5,0,2401,100,34,78,1
7.3,280,156,1,2,4,4,1074,1,61,66,2
7.88,285,250,1,0,3,2,1644,57,60,93,2
9.27,465,220,2,5,1,0,2799,71,96,92,1
6.5,390,337,4,0,3,4,355,0,14,80,1
9.43,282,222,4,1,5,4,2339,86,93,97,1
9.59,138,210,1,0,2,1,2239,44,74,76,2
9.79,100,336,2,2,5,3,2579,43,51,76,2
7.59,391,133,4,0,1,4,2363,35,63,74,2
6.87,10,331,2,3,5,0,2753,41,55,67,2
7.49,381,421,1,5,2,3,2560,69,30,96,2
7.33,215,258,0,5,1,3,2065,62,1,78,2
6.7,29,494,4,1,3,0,2262,14,70,88,2
8.43,93,34,2,0,0,3,1292,78,60,97,2
7.91,115,182,0,7,3,2,914,90,56,92,2
9.46,499,302,1,3,1,3,1986,18,99,87,1
6.13,270,160,3,2,5,1,408,1,8,99,1
8.58,439,500,4,6,2,3,231,7,89,92,1
9.05,290,92,4,6,3,4,87,37,51,66,1
9.04,38,386,2,3,1,3,509,10,9,94,1
9.54,23,196,1,5,2,1,789,21,30,67,1
8.92,263,314,1,1,2,1,2075,39,14,66,2
9.71,42,205,4,2,2,3,1214,52,16,80,1
7.33,169,483,4,6,5,2,1344,58,26,84,1
8.01,339,475,2,0,1,3,2648,20,53,62,2
6.06,168,488,2,0,2,0,667,18,60,91,2
6.03,302,351,3,3,2,1,123,13,99,70,1
6.96,25,17,0,0,3,3,448,7,13,80,2
6.4,179,233,2,6,2,2,2651,5,91,91,2
7.04,471,487,0,2,5,2,62,45,71,61,1
6.71,149,381,4,6,0,2,2479,31,49,82,2
6.11,132,332,3,5,1,4,2274,86,91,69,2
9.64,142,65,3,2,2,4,297,68,29,73,1
6.03,163,243,3,0,2,4,218,38,40,68,1
8.94,100,408,1,3,4,0,79,51,92,78,1
6.61,62,275,4,0,3,0,2813,57,11,62,2
9.65,92,198,1,5,2,3,536,67,98,91,1
9.57,206,458,1,4,3,4,403,60,82,82,1
8.62,474,452,3,0,3,4,1735,74,53,78,1
8.69,432,412,1,1,0,0,1520,65,45,71,2
6.02,310,17,4,0,1,2,1508,77,68,82,2
9.94,71,71,4,5,0,2,2344,61,75,73,1
9.51,59,154,1,4,1,1,94,71,69,95,1
9.58,440,377,4,1,4,3,192,6,4,62,1
8.64,28,169,0,3,0,3,2740,51,87,69,3
7.38,18,321,1,7,3,4,2409,50,17,81,2
9.57,478,354,3,1,2,0,1214,80,24,63,1
7.17,72,281,3,2,4,3,2474,100,57,74,2
8.25,393,150,4,5,1,2,2491,21,55,94,1
6.4,356,260,4,4,0,0,302,98,27,64,1
9.69,393,79,3,2,4,4,2168,74,48,87,1
6.56,245,105,0,2,5,4,788,89,87,99,2
6.9,480,10,3,6,0,3,1662,40,86,86,1
8.23,472,402,1,1,3,3,2461,13,64,74,2
9.06,312,207,3,1,5,1,2026,9,77,89,1
8.48,437,479,2,2,0,3,1147,89,82,67,1
6.93,439,395,0,5,1,3,2102,88,37,79,2
6.0,323,129,0,3,5,2,1973,21,96,72,2
9.03,500,170,3,0,5,2,1242,100,100,65,1
9.94,452,405,2,0,1,0,2387,78,69,60,2
9.24,86,409,1,4,2,3,2184,47,33,77,2
7.84,358,32,3,1,2,3,486,69,22,65,1
9.62,182,23,1,0,1,4,2068,18,90,95,2
7.64,196,196,2,3,1,2,2000,91,13,85,2
8.1,243,404,3,4,1,4,1089,90,85,93,1
7.91,327,45,3,7,4,3,1443,41,37,95,1
7.79,464,273,1,5,5,2,2696,34,77,76,2
9.1,384,230,3,1,0,3,1986,47,85,84,1
8.11,117,132,2,0,4,1,540,80,44,87,1
7.27,497,263,3,2,3,4,2655,24,60,74,2
7.03,395,84,4,3,2,2,940,3,8,63,1
6.15,418,366,2,6,0,2,16,8,74,86,1
8.33,371,312,0,3,2,3,2507,35,75,92,2
6.92,461,4,1,1,3,3,2033,20,88,79,2
6.59,495,268,2,5,1,0,320,100,1,80,1
8.62,81,338,0,3,2,0,2469,99,8,99,2
8.72,457,220,0,7,1,4,1148,67,49,100,1
9.01,246,193,2,1,2,2,2593,43,44,69,2
8.01,462,420,0,3,3,3,2568,54,34,91,2
9.58,233,345,0,7,2,4,2793,5,95,98,2
9.75,416,412,4,6,3,2,1826,61,61,96,1
9.23,466,68,3,0,0,3,653,50,77,85,1
8.54,481,287,4,6,4,0,2832,77,92,81,1
7.21,364,357,3,5,3,2,2742,72,56,99,2
9.93,152,175,0,6,2,3,2407,98,82,72,2
7.1,271,385,3,1,0,4,1749,74,99,91,2
6.81,391,324,4,3,3,4,1873,84,45,68,1
7.77,34,238,1,0,2,1,551,38,68,96,2
6.23,212,480,1,5,5,2,437,60,80,98,1
9.91,210,178,3,0,3,4,786,10,97,75,1
8.35,429,255,1,0,3,2,1577,81,85,93,2
8.23,138,418,2,6,1,4,1513,17,74,69,1
8.62,188,210,1,5,2,2,107,57,29,83,1
7.99,299,398,3,6,4,2,1764,22,49,69,1
6.13,394,226,0,7,3,2,503,88,92,85,1
8.45,251,71,4,7,0,1,1052,27,14,93,1
8.86,394,366,1,1,2,0,945,82,35,96,1
7.67,149,64,3,1,4,2,2245,58,38,63,2
9.03,340,165,4,3,2,0,324,26,80,88,1
6.91,218,213,2,5,5,0,1953,59,59,81,2
6.89,81,16,0,6,4,0,569,79,26,84,2
6.65,189,335,4,6,4,4,2371,70,53,70,1
7.49,233,172,4,5,3,3,2504,54,1,79,1
9.39,175,128,3,6,1,0,2583,50,69,83,1
9.31,231,2,2,5,2,2,283,74,3,90,1
7.53,357,382,1,2,0,3,2390,68,86,84,2
8.36,477,383,2,2,5,4,418,27,46,64,1
8.88,62,247,0,4,0,1,761,69,94,90,2
6.96,434,69,1,2,1,0,193,59,47,82,1
6.67,428,51,2,5,0,0,1012,20,56,76,1
9.89,494,436,0,6,2,4,2340,39,64,61,1
8.47,236,377,4,2,0,2,2907,59,57,61,2
9.93,32,258,4,3,5,2,521,95,50,86,1
7.35,212,238,4,1,2,3,2412,75,46,81,2
8.81,59,93,4,2,4,3,1779,37,76,76,1
6.89,378,46,1,4,3,2,537,10,69,92,1
7.04,1,74,4,3,1,1,2126,97,33,64,2
8.05,396,90,1,0,1,2,1015,97,36,72,2
7.28,449,85,1,0,0,1,466,19,79,76,1
6.67,56,5,2,7,2,4,241,57,54,79,1
7.05,426,229,4,4,5,1,283,34,95,79,1
6.14,300,488,3,1,3,4,716,38,43,87,1
8.82,286,429,4,5,5,0,1720,27,78,71,1
7.97,137,350,3,0,0,2,2095,35,67,79,2
6.38,278,316,4,1,5,3,2898,18,42,66,2
6.69,213,42,1,2,3,0,689,49,75,64,2
6.41,238,311,4,2,2,3,1678,3,9,88,2
8.45,284,197,4,2,5,1,2122,78,65,84,1
6.38,480,369,4,0,0,2,1620,36,87,70,1
9.02,30,403,4,0,0,2,790,99,15,100,1
6.08,205,302,2,1,5,2,699,89,34,70,2
7.0,457,181,2,1,3,0,1840,72,39,91,2
9.56,273,168,1,5,0,4,2406,48,80,97,2
8.87,10,202,1,4,5,1,1477,63,71,77,2
6.29,358,193,3,5,3,0,2078,77,92,74,1
9.28,46,30,1,6,5,0,2586,87,61,76,2
7.97,2,101,2,2,5,4,199,56,33,83,1
9.39,129,63,1,7,2,3,2311,58,41,78,2
8.4,437,345,3,3,3,3,2413,2,94,96,1
8.73,71,90,3,3,2,2,2053,72,80,64,2
9.97,158,441,2,2,2,0,596,97,3,98,1
6.93,391,249,1,4,4,4,1906,50,62,63,2
8.5,426,182,3,5,3,4,2496,55,22,60,1
7.84,431,301,1,1,1,3,2071,22,10,89,2
6.16,129,365,1,0,4,4,1672,49,22,76,2
6.06,21,350,2,7,4,3,1455,57,60,95,2
6.48,379,279,2,4,3,3,169,24,68,89,1
8.6,388,204,1,6,4,0,944,81,51,77,1
8.27,134,88,4,4,4,1,2886,29,60,95,2
8.21,19,292,4,6,0,2,2507,80,95,60,1
6.13,219,424,0,2,2,1,1410,72,4,64,2
7.88,332,408,0,7,1,4,1343,3,16,77,1
9.7,129,284,0,1,3,1,723,10,86,88,2
7.59,31,158,2,3,0,1,1953,92,33,76,2
8.5,89,362,1,6,5,3,375,94,93,80,1
9.12,258,486,3,3,5,0,1305,37,90,61,1
9.14,424,129,1,5,1,4,2928,20,96,95,2
8.08,297,247,1,7,1,2,998,46,15,79,1
9.43,332,139,0,6,0,3,1262,3,94,78,1
7.57,248,388,1,5,5,2,616,35,3,77,1
9.55,468,188,0,3,3,0,1874,67,51,72,2
6.96,172,90,1,4,2,1,509,99,19,70,1
7.12,356,55,3,5,0,1,1565,54,47,92,1
6.21,470,225,4,7,4,0,2597,88,95,87,1
9.18,454,333,4,0,5,4,237,46,97,80,1
7.67,400,326,2,1,1,3,681,91,50,89,1
6.92,475,164,3,0,4,1,367,35,44,91,1
6.93,383,35,1,3,3,0,2797,21,79,82,2
9.61,46,329,3,0,5,3,2391,45,92,84,2
9.34,477,28,1,4,5,3,2647,14,48,91,2
8.21,196,79,3,2,2,0,2595,20,92,96,2
8.46,407,421,3,0,2,1,1027,74,55,100,1
7.9,454,468,4,5,2,4,2238,20,2,90,1
7.57,378,357,3,0,5,1,2834,40,41,72,2
9.66,33,168,2,0,4,1,2361,11,70,65,2
6.5,253,32,1,5,3,1,2996,49,41,60,2
7.67,247,92,0,7,4,1,2633,53,84,67,2
7.38,433,111,3,3,5,2,2068,56,98,82,1
7.99,41,378,0,0,1,0,984,13,100,64,2
7.83,288,208,4,1,2,4,2257,2,28,88,2
8.08,122,396,0,4,3,4,109,19,94,81,1
6.56,26,389,2,1,4,2,2956,37,16,64,3
8.05,461,193,2,1,4,4,2465,98,84,76,2
6.97,58,263,4,3,4,2,127,23,27,77,1
6.74,146,246,2,0,4,2,1990,24,59,98,2
6.26,495,117,1,4,5,4,2118,65,86,60,2
9.05,114,447,2,4,4,4,944,10,94,90,1
7.71,485,479,3,4,1,1,2094,75,91,83,1
8.51,459,227,2,0,2,2,1671,79,46,75,1
8.91,386,8,1,4,4,3,1050,86,10,64,1
8.72,198,406,4,6,1,0,825,60,64,91,1
7.88,127,198,2,4,5,1,2841,79,59,85,2
7.55,375,478,1,6,3,2,2243,50,87,94,2
7.5,482,276,3,2,3,1,2767,97,60,100,2
8.56,152,128,0,2,5,1,124,93,76,83,1
7.98,368,301,0,4,1,0,580,72,42,74,1
9.4,270,61,4,5,1,4,2726,22,38,82,1
9.5,338,1,4,7,1,4,1965,3,90,70,1
6.68,443,359,0,1,3,0,2166,42,0,89,2
6.54,82,330,0,5,4,1,320,27,8,89,2
8.52,22,356,4,0,2,2,1749,52,84,65,2
7.2,10,465,0,1,4,4,1846,6,73,64,3
6.07,186,171,2,1,0,3,734,88,8,73,2
9.55,468,244,1,0,1,2,1223,100,2,89,1
6.91,115,87,4,0,4,1,1421,62,28,63,2
9.72,161,499,1,3,2,3,1202,70,85,65,1
8.87,102,383,3,3,4,2,2183,48,41,98,2
9.05,242,82,3,6,0,0,1708,20,42,77,1
6.81,6,4,2,3,0,3,1472,39,93,98,2
6.94,361,348,3,4,4,1,2570,97,23,84,2
8.09,171,38,4,5,5,3,1102,47,2,76,1
6.69,255,383,2,4,5,0,2757,100,7,92,2
7.22,246,321,2,4,5,4,2963,7,44,97,2
7.29,474,464,4,5,2,4,33,1,25,71,1
6.64,191,300,0,3,4,4,2366,55,98,76,2
6.82,113,74,1,5,1,0,1141,20,50,84,2
9.15,22,100,4,0,2,2,1566,19,94,96,1
6.67,357,140,0,7,3,0,2172,76,54,76,2
6.11,313,92,0,4,2,3,2907,75,32,86,3
8.52,275,118,3,0,4,2,548,66,34,90,1
9.9,410,287,2,7,4,4,2918,2,79,73,1
7.32,372,108,2,5,3,0,374,55,10,95,1
6.47,443,487,3,6,0,1,715,58,48,81,1
8.28,135,42,3,3,4,4,2667,65,78,64,2
9.63,356,135,2,0,0,1,612,13,24,99,1
9.14,194,329,4,4,0,2,2192,66,77,65,1
8.49,257,216,4,7,1,4,593,60,72,99,1
7.26,277,442,4,0,5,0,2067,27,9,64,2
8.17,69,394,4,6,0,1,2211,71,86,83,1
6.36,358,155,3,3,2,0,1318,29,44,81,1
8.72,359,480,1,4,5,4,1210,10,5,73,1
8.9,35,38,1,6,0,0,2111,78,27,84,2
9.86,107,281,2,4,5,4,176,16,12,79,1
7.04,23,327,1,3,1,3,322,73,76,60,2
6.07,139,357,4,1,4,0,1895,38,63,94,2
8.18,464,25,3,2,4,3,2239,29,29,96,1
8.83,21,31,4,7,3,1,2747,15,4,87,1
9.16,338,45,0,3,0,0,1985,17,70,88,2
6.77,328,155,3,7,2,0,834,93,54,99,1
7.05,203,243,0,5,3,1,1141,0,89,67,2
8.05,379,390,0,0,3,0,1905,46,86,77,2
7.32,223,34,2,1,1,4,2356,38,51,90,2
9.44,500,449,0,3,4,3,335,44,27,80,1
7.9,222,277,1,2,0,2,374,0,23,65,1
9.2,80,241,1,4,5,4,2043,35,96,68,2
8.32,406,405,0,5,5,2,2369,34,76,89,2
9.09,329,377,2,2,0,1,2718,62,48,77,2
7.33,190,258,0,7,4,1,428,88,97,89,1
9.33,285,45,3,6,5,0,120,48,76,79,1
7.1,146,433,3,2,1,4,987,18,94,69,1
8.18,281,236,3,7,1,2,1105,96,92,72,1
6.86,473,7,3,5,1,3,2344,59,94,100,1
7.9,383,259,0,7,2,4,2648,5,47,61,2
7.27,10,270,4,6,0,1,571,37,30,64,1
7.07,275,43,4,3,1,4,2994,24,23,92,2
9.87,373,237,3,4,1,3,1366,29,93,60,1
6.64,55,499,2,4,4,4,248,26,70,96,1
9.15,172,166,2,2,3,0,1389,59,19,71,1
9.94,451,375,0,3,3,3,91,55,1,100,1
6.08,302,75,4,6,3,2,1808,81,81,87,1
8.8,203,156,0,7,0,1,47,10,75,77,1
7.01,344,200,1,4,2,4,1230,24,57,95,2
6.16,247,233,3,4,0,3,324,21,53,89,1
7.61,313,231,1,6,5,0,884,28,84,97,1
9.74,265,445,1,0,4,0,1880,88,38,80,2
6.05,21,211,2,2,1,2,589,86,18,98,2
8.35,326,417,4,1,0,1,1128,55,69,66,1
8.01,23,153,3,2,3,0,2977,73,72,64,2
9.49,193,367,0,7,2,1,1658,94,3,94,1
6.34,95,212,3,7,4,3,2925,45,19,74,2
8.73,468,86,0,3,1,4,485,87,2,68,1
8.72,444,17,0,6,2,2,200,24,72,77,1
8.68,262,190,4,5,0,0,2872,5,90,71,1
9.77,71,307,1,6,0,4,1319,44,61,86,1
9.29,500,53,0,6,2,0,2314,89,68,73,1
6.17,242,215,4,5,2,2,2515,22,67,72,2
7.88,382,41,1,4,1,0,2806,81,18,89,2
7.59,37,348,1,4,3,2,2948,32,100,95,2
7.24,404,229,3,0,2,4,751,74,15,100,1
7.81,391,229,3,4,1,3,2181,57,21,68,1
7.54,376,181,3,4,2,2,2924,3,79,93,2
7.73,88,435,2,5,5,3,2310,29,20,71,2
9.92,27,140,1,1,2,1,828,27,55,84,2
6.35,91,287,2,2,5,4,870,2,59,81,2
9.69,53,338,3,4,3,2,101,46,33,64,1
7.92,158,336,4,3,1,4,951,19,68,74,1
8.49,371,321,3,1,0,3,634,91,79,77,1
9.32,227,81,0,1,1,3,1491,100,65,72,2
7.44,472,441,4,0,1,4,1514,47,12,74,1
7.72,371,166,4,3,1,4,2475,73,95,84,1
7.64,375,410,1,7,3,3,722,46,77,93,1
7.5,40,333,2,1,3,4,255,19,20,61,1
9.7,36,53,0,2,4,3,1381,99,59,80,2
9.32,124,462,4,3,5,1,1212,55,67,82,1
6.44,421,455,2,2,0,3,438,12,73,76,1
6.43,178,72,2,0,3,0,2513,81,45,63,2
7.71,331,212,0,0,5,3,1695,87,15,100,2
6.39,36,170,0,4,3,1,725,29,54,60,2
8.48,100,482,3,2,1,3,957,15,10,66,1
6.57,30,435,3,5,1,4,592,59,32,90,1
8.09,189,269,4,2,5,1,2121,10,85,94,1
6.03,145,218,4,0,2,2,2163,27,49,80,2
7.27,89,135,4,7,2,3,1127,65,51,71,1
8.71,5,34,3,5,2,4,1559,78,74,64,1
7.94,392,145,4,2,5,2,820,32,91,62,1
9.91,138,182,4,3,3,2,259,26,61,71,1
9.5,94,77,3,7,2,2,2737,21,97,69,1
7.44,118,307,3,4,0,0,148,29,40,89,1
6.18,365,252,4,4,5,4,2078,83,10,76,1
9.38,119,327,4,3,2,0,2464,87,6,78,1
9.64,385,432,2,1,4,4,2630,50,78,77,2
9.28,122,391,1,6,4,4,2463,0,83,85,2
6.51,284,420,3,5,1,1,912,37,15,87,1
9.99,365,235,1,5,3,2,278,45,28,91,1
7.03,376,321,3,2,5,3,1704,87,4,98,1
8.9,178,336,2,6,4,1,924,63,84,79,1
9.63,489,76,1,6,0,3,1487,64,63,80,1
6.94,324,373,2,1,1,2,1109,78,14,75,2
9.63,406,461,0,1,4,4,904,15,5,71,1
7.24,483,424,1,2,2,1,2113,4,48,60,2
9.91,6,488,1,7,4,0,2206,4,86,91,2
7.13,383,72,1,7,4,4,1978,21,50,73,2
9.81,311,26,0,6,1,0,1282,56,41,73,1
6.21,126,403,0,5,3,4,1457,74,92,78,2
8.84,76,37,2,6,2,4,1477,32,64,60,1
8.13,233,253,0,0,2,2,780,78,4,84,2
7.91,317,395,3,7,2,1,2309,18,72,72,1
6.89,73,425,4,7,2,3,1762,62,78,63,1
8.82,483,85,1,7,3,2,2574,46,96,79,1
6.76,463,356,2,2,2,3,204,90,23,63,1
8.21,270,433,2,0,3,4,2626,18,36,100,2
7.01,308,358,2,3,1,0,2605,40,52,65,2
9.82,426,30,2,0,0,3,1475,71,5,85,1
6.11,466,204,1,1,3,0,2362,90,38,86,2
6.8,468,192,2,1,2,3,2888,90,74,81,2
6.97,119,229,1,7,1,0,2665,36,88,88,2
7.66,34,180,2,1,1,2,2666,10,61,98,2
6.93,206,244,2,6,4,3,2029,74,81,99,2
7.97,495,39,4,5,4,2,1881,45,85,61,1
9.49,269,328,3,6,0,2,2289,64,59,95,1
8.85,92,422,0,5,0,0,507,49,40,82,1
8.32,452,393,0,0,4,3,2052,3,77,78,2
6.36,377,156,0,1,5,3,2487,64,9,75,3
8.78,176,167,3,4,4,1,1674,55,80,83,1
6.67,273,157,1,2,1,0,2425,99,92,93,2
9.15,178,129,0,1,3,3,1068,70,69,84,2
7.0,128,81,0,5,4,4,1745,41,6,70,2
7.67,124,155,0,0,2,1,961,97,4,64,2
7.4,26,174,1,1,3,3,2947,72,26,79,3
9.44,63,287,3,6,5,0,62,6,34,73,1
6.51,59,87,3,0,3,4,2022,38,54,80,2
8.26,218,101,1,6,2,3,350,82,16,85,1
6.57,216,247,4,7,2,2,5,63,6,97,1
8.82,168,205,2,2,2,2,2092,38,60,74,2
9.62,148,88,1,0,1,4,2443,15,64,80,2
7.74,269,344,2,2,4,4,1525,56,14,75,2
7.95,115,287,3,1,5,4,1097,17,57,70,1
9.71,244,410,2,6,4,4,175,70,48,73,1
8.08,147,309,0,5,1,0,14,57,74,80,1
7.95,91,95,2,4,3,2,1043,24,51,75,1
8.31,84,439,2,1,1,3,1549,30,25,61,2
8.76,86,158,3,2,4,3,578,86,42,61,1
6.43,394,113,4,7,0,2,2846,86,52,87,1
9.28,119,23,2,5,1,3,2240,32,55,64,2
7.74,449,162,3,3,0,2,1691,33,77,67,1
6.29,339,285,0,3,0,1,327,8,76,68,2
9.14,23,352,2,7,5,2,607,18,67,76,1
7.51,374,54,2,3,2,3,2419,96,100,78,2
6.4,88,63,0,6,2,1,669,31,32,85,2
8.54,36,32,1,1,2,3,2958,11,13,90,3
9.52,341,45,4,0,0,0,1852,77,76,93,1
9.55,382,218,0,4,4,3,939,76,16,88,1
9.83,407,480,0,5,2,1,2053,73,38,69,1
9.47,270,288,0,4,5,2,2507,96,47,99,2
6.01,11,195,1,5,2,3,489,27,5,70,2
7.52,493,252,0,6,3,2,1057,84,21,92,1
9.27,94,447,1,1,5,3,2886,20,86,90,2
7.47,490,285,4,2,0,4,1031,92,36,81,1
8.41,447,235,1,1,0,3,1802,40,99,88,2
8.43,30,78,4,3,2,4,1273,31,42,100,1
7.46,436,412,4,7,3,3,2004,14,44,80,1
9.62,349,445,4,2,3,3,1097,85,98,99,1
8.01,232,91,3,4,1,4,2705,88,95,71,2
7.86,339,95,4,7,1,0,2030,43,64,75,1
9.99,327,227,1,1,2,2,2103,81,3,85,2
7.97,299,285,3,0,5,1,2433,35,67,89,2
6.71,285,361,0,0,0,3,2315,78,96,82,3
8.05,34,234,0,6,5,1,1425,15,56,92,2
9.26,20,101,2,4,3,0,1849,12,33,83,2
9.11,110,251,4,2,3,3,2300,53,29,65,1
9.15,487,489,2,7,3,4,2249,89,38,93,1
8.83,318,139,4,3,0,4,565,43,78,78,1
7.02,347,322,4,0,1,3,91,9,95,82,1
9.45,486,142,1,0,2,4,773,2,89,84,1
9.57,144,239,1,1,1,0,358,44,38,88,1
6.78,11,265,0,5,3,2,2312,73,71,75,2
6.52,243,341,3,6,5,2,1978,63,89,61,1
9.9,497,60,0,4,5,0,909,25,16,88,1
9.47,145,22,4,0,3,4,1027,80,93,92,1
9.57,238,10,3,1,0,2,1051,4,98,77,1
9.55,91,15,2,2,0,4,50,53,11,68,1
8.17,315,48,4,5,0,4,1893,99,5,61,1
8.59,322,365,1,0,2,1,310,79,28,64,1
8.18,114,335,0,6,4,2,893,56,13,79,2
6.2,14,397,0,7,5,4,568,85,0,63,2
8.98,271,389,2,4,4,1,2196,66,90,64,1
8.02,21,169,0,1,5,0,1933,70,38,76,2
8.59,117,400,0,2,2,2,628,84,5,64,2
8.01,368,118,3,1,5,0,1658,47,96,67,1
7.97,94,478,4,3,2,0,1586,88,43,91,1
6.69,446,41,3,4,2,3,106,36,40,84,1
7.11,414,500,3,4,1,2,2904,10,94,84,2
6.64,256,9,0,5,5,0,1364,70,100,84,2
6.78,330,429,4,0,2,0,2331,21,31,90,2
9.89,261,467,0,5,1,0,2066,75,96,87,2
6.61,86,48,0,1,5,4,2490,9,83,74,3
7.08,392,264,3,2,0,2,2080,82,4,86,2
8.36,435,206,1,7,5,2,1543,79,46,98,1
8.44,463,166,1,0,3,2,1443,54,16,73,2
6.62,317,1,3,4,4,2,2228,63,32,72,2
9.17,57,67,3,1,3,2,755,67,41,91,1
9.14,229,307,0,7,4,0,1247,5,22,94,1
6.95,107,471,4,2,0,1,1907,5,69,73,2
7.15,18,209,0,5,4,3,863,50,49,95,2
9.75,364,138,0,7,0,2,1114,17,28,98,1
9.3,140,36,2,4,5,4,198,34,63,64,1
8.79,378,217,0,6,3,1,1267,39,3,67,1
6.33,159,455,4,2,1,4,1435,26,6,69,2
7.67,99,277,0,5,5,0,2976,2,78,61,3
8.24,264,179,3,1,5,3,2828,5,61,90,2
6.75,237,4,4,2,4,0,1212,28,58,98,1
7.79,237,129,3,0,5,0,623,91,20,84,1
8.4,48,132,2,0,2,2,1944,91,15,93,2
7.31,164,98,2,6,1,4,1624,54,69,74,2
9.12,286,159,4,1,1,2,2565,59,12,76,1
9.36,414,235,1,5,0,0,388,89,7,81,1
7.29,58,146,1,4,3,3,477,59,96,92,2
9.35,182,358,4,3,2,1,137,83,60,65,1
6.41,146,114,4,3,3,0,1655,15,2,77,2
9.35,446,3,3,3,3,0,2611,23,45,89,1
6.61,385,86,2,4,1,0,2534,76,61,62,2
6.33,300,45,4,6,2,4,936,31,22,90,1
8.57,95,82,0,7,4,1,53,42,7,71,1
7.89,42,153,3,0,2,3,971,71,19,69,2
9.63,353,305,2,0,0,0,2018,61,29,95,2
7.45,256,281,3,5,5,1,2912,35,74,65,2
7.15,212,326,2,5,1,0,416,10,53,90,1
8.0,188,287,0,0,2,1,2737,12,19,95,3
7.82,130,110,2,5,0,1,2181,28,1,92,2
7.38,346,116,3,1,4,4,2528,53,97,69,2
8.77,299,96,2,5,3,4,1734,28,16,97,1
9.04,390,427,3,0,3,1,2023,56,14,85,1
9.41,288,281,4,7,0,2,153,33,64,75,1
9.89,136,188,0,5,1,0,2414,18,68,83,2
7.07,29,87,3,0,3,4,78,79,97,100,1
8.86,145,306,1,0,1,1,624,41,68,83,2
7.58,311,442,1,6,1,2,2121,30,71,68,2
8.71,473,86,2,6,3,1,1564,26,67,84,1
7.9,467,421,4,3,4,3,498,50,42,82,1
9.98,485,25,4,2,5,1,600,48,11,62,1
8.92,104,379,1,0,2,3,703,13,99,91,2
9.81,286,428,2,2,5,4,1993,92,93,69,1
9.34,455,30,4,5,3,4,36,86,82,94,1
9.61,190,125,4,6,2,1,1255,91,21,81,1
9.26,470,197,2,0,1,4,2917,73,91,73,2
7.84,177,300,3,3,4,1,753,89,93,84,1
7.01,344,30,1,7,1,1,490,62,69,74,1
7.48,238,366,4,3,4,3,1848,86,19,89,1
6.08,0,316,3,7,5,0,2978,81,14,90,2
8.1,109,431,3,5,5,1,579,3,7,73,1
8.02,337,231,3,5,5,0,1319,56,36,67,1
8.1,274,44,3,5,0,2,933,10,27,67,1
9.9,370,492,0,2,5,4,1700,42,10,90,2
9.65,381,315,0,6,4,2,2882,39,69,96,2
6.65,233,188,2,6,4,2,529,39,26,96,1
7.48,63,51,1,3,5,1,566,12,41,62,2
7.7,243,51,2,7,1,2,2153,24,74,92,1
7.44,52,331,0,6,5,1,2973,6,82,71,3
9.19,261,498,2,1,5,4,153,93,75,91,1
8.1,16,464,2,4,3,4,1429,5,80,91,2
8.29,301,317,3,6,3,2,2067,40,7,80,1
9.41,492,409,4,4,2,1,2461,95,58,69,1
9.22,455,322,0,5,0,3,2023,36,59,100,1
6.53,373,78,0,0,4,3,1868,84,94,85,2
8.86,233,48,2,3,2,0,2103,28,61,72,2
7.74,72,229,4,4,5,0,1203,88,18,68,1
7.18,356,343,2,2,4,0,1882,73,42,92,2
6.2,438,370,1,2,4,2,807,18,59,90,2
7.95,90,477,0,5,0,1,2211,67,50,71,2
7.42,483,43,3,2,0,0,325,59,83,82,1
7.01,5,291,3,0,2,1,2172,92,63,84,2
8.78,197,436,3,7,3,2,1532,80,65,88,1
9.08,364,246,0,4,4,1,795,97,69,92,1
6.98,195,427,0,4,1,1,2458,4,90,77,2
6.2,469,218,3,4,2,2,667,69,47,100,1
9.4,295,21,0,2,4,3,781,98,17,71,1
6.04,346,129,3,5,0,1,279,67,19,95,1
9.75,484,6,1,2,5,1,2674,46,72,63,2
8.51,321,271,1,0,0,4,1244,26,66,72,2
7.29,136,471,1,5,0,4,2639,40,39,90,2
6.99,266,349,2,1,0,0,1000,0,17,81,2
6.04,403,43,2,4,5,0,495,79,11,96,1
6.94,115,239,4,0,3,2,1735,88,82,98,2
6.55,42,365,4,2,3,2,2787,39,25,89,2
8.45,230,64,4,1,4,4,881,3,96,93,1
6.67,57,245,1,3,4,4,1686,35,32,90,2
8.11,205,474,1,1,2,0,1781,52,5,65,2
8.36,409,72,1,6,0,4,969,10,57,85,1
7.19,293,70,0,0,0,1,380,57,56,72,2
6.14,93,196,0,1,5,1,2049,17,8,88,3
6.15,35,188,1,7,1,4,2997,22,9,85,2
6.11,229,157,3,2,1,2,1118,68,43,98,2
8.96,226,425,4,1,0,0,67,80,52,81,1
7.27,182,474,2,2,1,1,454,47,26,63,1
9.19,261,329,4,1,1,2,991,40,80,94,1
7.73,130,24,3,0,0,4,1029,12,51,64,2
7.81,64,337,0,3,3,0,2756,67,83,87,3
8.05,379,70,1,4,3,0,696,57,63,80,1
8.85,447,312,0,1,4,2,1355,93,53,68,2
7.09,185,222,0,3,3,2,62,45,12,69,2
6.49,116,159,3,1,0,2,939,14,30,99,2
8.22,185,305,0,5,1,4,2190,71,80,92,2
7.31,273,492,0,7,0,4,369,69,48,99,1
7.77,150,74,4,3,2,2,733,67,74,64,1
8.59,351,137,4,2,1,4,768,89,26,68,1
7.98,412,405,3,3,0,0,1,88,12,76,1
8.48,150,478,1,4,4,3,1413,20,45,92,2
8.18,383,40,4,7,4,4,2878,28,50,76,1
8.96,35,302,0,3,1,0,2872,73,42,65,2
8.82,325,397,2,6,3,3,2240,55,99,86,1
8.14,464,386,4,4,4,3,2664,83,78,86,1
8.72,465,471,2,4,5,2,101,41,85,73,1
9.49,94,333,1,3,2,2,380,83,88,64,1
7.73,133,308,0,7,5,0,834,88,18,76,1
7.65,161,15,4,6,5,2,1528,6,28,63,1
9.06,43,374,1,4,5,3,2477,4,86,100,2
8.33,299,188,3,4,1,0,2419,6,82,66,1
6.28,282,27,1,5,2,0,956,46,66,96,2
9.57,355,162,3,2,1,0,18,93,18,73,1
6.12,239,487,3,6,3,2,2734,27,12,72,2
8.99,51,385,4,7,0,2,1534,80,96,88,1
9.04,425,316,2,0,5,2,2081,26,87,93,2
9.81,280,439,3,7,1,4,244,81,37,93,1
6.22,73,481,0,2,0,4,1291,83,34,97,2
8.39,294,54,4,0,1,4,2995,57,32,98,2
7.71,237,273,3,0,3,0,733,1,44,84,1
7.32,166,454,4,2,2,2,2589,21,56,94,2
6.36,139,304,0,4,0,4,2568,17,48,79,3
8.25,138,101,4,5,2,0,1566,71,65,90,1
7.92,368,41,4,6,1,3,1899,10,82,84,1
6.42,234,262,3,2,5,4,1845,22,38,88,2
8.45,500,387,1,4,1,0,586,30,46,93,1
8.95,2,170,4,2,3,1,774,20,32,69,1
9.07,255,207,3,7,1,4,575,25,90,78,1
9.62,370,314,0,2,3,3,1153,58,49,98,1
7.64,277,48,0,7,1,0,2569,48,65,70,2
9.81,3,59,1,5,5,4,818,87,32,99,1
9.46,391,5,0,1,2,4,1716,99,48,99,2
7.19,269,147,3,3,1,1,311,35,70,95,1
6.64,211,286,1,2,0,0,1515,80,9,82,2
7.74,215,210,3,3,4,0,1401,41,27,97,1
7.61,269,371,1,4,0,0,2832,57,88,84,2
8.3,475,149,1,7,0,2,2051,97,94,80,1
8.33,15,84,3,1,3,1,1962,13,43,97,2
9.0,415,465,1,5,1,0,1538,26,12,86,1
8.04,63,159,3,7,2,1,2492,54,94,61,2
6.42,238,46,0,1,1,2,2504,48,28,65,3
9.43,459,161,0,0,4,0,2654,24,39,94,2
7.24,15,498,4,6,1,1,1785,71,8,68,1
9.89,51,154,2,6,4,1,658,71,94,79,1
6.47,18,229,2,7,4,2,829,45,28,92,1
9.83,324,299,0,5,0,1,1539,100,3,88,1
6.36,395,157,4,6,4,2,2566,83,80,86,1
6.92,92,160,2,5,4,4,627,41,80,60,1
6.19,260,410,3,3,5,1,1014,81,18,72,1
8.82,297,246,3,1,2,2,781,63,47,62,1
9.4,16,55,1,4,5,3,2575,32,66,60,2
7.74,110,150,2,0,3,0,2646,65,96,79,2
9.71,327,298,3,1,1,0,83,38,100,99,1
8.36,359,466,2,4,2,0,2290,5,41,85,2
8.52,487,53,1,3,3,2,940,6,81,71,1
9.38,93,222,0,4,0,2,2254,46,84,65,2
7.19,9,253,4,4,2,0,2647,45,57,68,2
7.42,211,67,1,6,2,2,1049,66,87,95,1
9.62,236,52,1,6,0,1,161,52,58,79,1
9.6,253,466,1,7,4,1,2241,34,15,69,1
9.91,15,244,4,4,0,1,1857,94,94,69,1
9.61,488,485,3,2,1,4,1490,62,59,90,1
6.51,143,39,2,5,0,0,2612,38,66,79,2
9.29,41,443,0,1,2,3,2521,13,16,84,2
7.64,2,341,0,4,0,0,1587,99,63,90,2
9.96,406,392,4,7,1,1,2175,19,32,100,1
7.89,469,350,0,0,4,0,2907,17,70,68,2
8.22,376,137,4,2,4,4,1596,91,21,100,1
8.12,155,265,4,4,3,1,952,37,6,83,1
7.29,493,413,2,4,5,4,798,37,96,63,1
6.3,172,137,2,5,3,4,546,97,4,96,1
9.58,483,441,4,1,1,4,2664,22,12,83,1
9.21,451,291,2,6,3,1,2856,60,93,73,1
6.56,485,209,3,7,4,4,1547,57,9,67,1
9.11,23,171,1,7,5,4,1523,31,13,86,1
8.5,274,184,0,6,4,3,1309,78,70,89,1
7.64,74,298,0,2,3,0,2782,92,30,73,3
7.02,39,239,0,4,0,3,2571,10,3,99,3
9.44,301,210,0,4,4,0,385,79,47,99,1
8.8,39,362,3,3,3,1,1489,43,62,77,1
8.19,61,150,3,0,3,3,971,38,3,72,2
8.44,237,387,1,0,1,2,2461,43,77,88,2
6.36,486,395,4,1,1,1,2239,94,78,87,2
7.9,244,123,2,6,4,1,2030,68,56,63,1
6.77,17,48,1,2,2,0,734,3,34,86,2
6.83,139,407,0,5,3,0,2619,89,97,95,2
8.65,397,396,2,5,0,4,1516,73,13,83,1
9.65,494,123,1,4,2,2,2651,90,76,83,2
7.62,81,67,0,6,3,1,655,6,23,62,2
6.83,188,474,1,7,2,1,2761,68,22,78,2
8.59,107,357,0,6,3,3,607,98,52,98,1
9.48,233,230,0,7,3,0,60,51,79,68,1
8.99,267,455,3,5,2,3,1295,33,98,81,1
9.48,103,345,0,2,1,0,2750,27,26,81,2
8.15,410,417,1,1,3,0,16,98,97,75,1
9.01,133,8,2,6,4,3,2967,4,84,67,2
6.56,343,265,3,3,2,3,1313,14,7,76,1
7.39,370,124,2,1,5,3,1629,32,32,96,2
7.56,32,370,4,0,1,0,1024,91,91,86,1
8.05,236,320,2,6,0,2,480,47,90,94,1
9.72,373,111,4,3,3,3,32,27,16,94,1
9.5,335,497,4,4,5,0,2448,83,57,73,1
6.54,177,327,3,1,3,3,1103,27,61,100,2
6.69,11,329,2,2,5,2,1749,78,77,81,2
7.43,350,53,0,2,4,2,540,84,29,81,2
7.16,440,426,3,0,1,4,1166,34,45,70,1
8.46,228,496,3,0,3,4,2938,63,16,91,2
9.61,308,442,0,5,5,2,789,67,66,86,1
9.85,268,88,2,0,1,3,1240,26,56,79,1
8.61,377,94,3,6,3,4,377,44,5,93,1
9.35,455,358,4,6,5,0,998,9,55,78,1
8.1,357,249,0,6,0,2,2887,13,88,69,2
6.83,130,442,1,6,5,3,1183,46,69,72,2
8.1,248,450,3,0,4,0,22,76,99,87,1
8.22,447,316,4,4,0,2,25,52,99,67,1
8.97,467,486,2,3,0,2,1582,65,49,81,1
6.88,57,165,2,5,5,3,1066,49,66,87,2
7.47,3,226,0,0,2,3,1924,42,34,75,3
7.46,235,135,4,1,0,1,2593,40,18,76,2
9.84,172,383,0,4,4,3,2555,40,74,99,2
7.78,321,64,3,3,4,0,1636,46,14,99,1
9.02,370,4,0,4,5,4,346,44,36,78,1
9.0,35,119,1,2,3,3,1974,92,95,97,2
7.06,278,370,0,4,5,3,1949,64,30,77,2
8.29,236,218,0,5,0,4,815,16,54,96,1
9.58,274,364,3,6,1,4,2630,43,85,88,1
7.9,295,473,4,4,2,2,467,56,70,74,1
9.78,327,42,1,2,5,2,2546,91,0,80,2
6.86,399,187,0,2,2,4,153,82,95,66,1
6.3,57,25,3,2,2,4,202,32,53,95,1
9.57,362,266,3,7,4,4,560,62,84,81,1
9.39,17,161,3,5,4,0,107,67,33,96,1
9.97,35,232,4,5,3,1,2512,52,71,65,1
8.72,407,129,0,4,0,0,2959,25,26,99,2
9.75,128,20,2,2,4,1,2417,87,42,73,2
9.31,0,370,1,0,2,2,2274,70,86,76,2
9.38,63,409,2,1,4,4,942,42,15,60,1
8.28,61,127,4,6,5,0,2152,52,77,61,1
7.53,365,75,0,1,0,4,1846,89,24,97,2
9.74,419,72,2,6,4,4,1601,79,68,95,1
7.73,330,232,2,2,5,4,2552,13,2,80,2
8.16,145,342,2,3,0,0,2494,50,67,64,2
7.78,271,105,1,6,3,4,820,36,74,79,1
8.26,16,388,0,4,4,2,1019,75,71,100,2
7.88,279,8,3,1,0,1,147,44,58,81,1
6.19,97,118,0,5,5,3,2987,10,96,99,3
9.53,451,49,2,5,5,2,518,64,60,82,1
7.78,226,9,0,6,0,1,452,34,85,60,1
8.36,462,112,3,0,5,3,1674,31,14,72,1
6.56,385,441,1,3,1,4,632,49,60,83,1
6.01,242,265,0,3,3,2,171,32,11,84,2
6.98,478,77,0,0,4,3,567,68,62,87,2
8.82,200,35,1,4,1,3,381,32,23,63,1
6.4,393,201,1,4,4,3,2679,65,70,82,2
9.64,436,311,2,2,2,4,744,32,23,63,1
6.86,472,117,2,6,2,1,1673,23,77,99,1
6.82,178,189,1,7,0,1,833,12,61,93,1
6.73,452,241,3,0,1,2,691,96,12,79,1
6.06,269,292,2,0,0,4,1720,6,9,76,2
9.09,233,168,3,5,0,1,721,34,64,89,1
9.5,111,229,1,7,0,2,233,18,4,87,1
8.46,485,47,0,6,2,1,2431,97,97,83,2
6.75,487,149,1,0,5,0,881,33,46,90,2
7.14,65,342,1,2,0,4,558,25,7,91,2
7.9,337,207,4,1,5,0,2409,69,50,97,2
9.82,348,60,1,4,5,1,2919,52,77,88,2
6.99,436,330,2,6,0,1,1808,53,36,66,1
8.93,244,116,0,2,0,0,1102,89,80,74,2
7.76,244,238,3,7,0,4,2607,98,42,65,1
7.19,467,370,4,6,1,2,444,22,85,76,1
7.82,447,354,2,6,4,3,569,62,56,92,1
6.28,71,47,0,6,1,0,2111,90,43,60,2
9.19,356,447,3,2,3,4,1310,9,64,62,1
6.97,48,244,0,5,5,4,474,35,48,72,2
8.9,495,467,2,2,1,3,2132,93,38,70,1
6.27,345,292,0,7,5,2,5,97,75,71,1
9.82,189,424,1,5,5,2,1679,32,29,77,1
6.77,292,4,0,5,5,1,2637,72,92,99,2
9.53,176,99,1,6,3,1,427,58,79,75,1
9.24,451,204,2,0,2,0,11,64,65,92,1
9.87,160,179,4,2,4,2,894,32,50,100,1
7.91,149,16,1,1,0,0,2028,70,78,63,2
8.91,69,89,0,6,3,1,1792,72,45,83,2
7.48,32,499,0,3,2,0,2099,60,7,95,2
6.74,283,107,0,7,4,3,1420,15,5,66,2
7.77,343,189,2,7,3,0,2551,93,58,68,2
6.66,259,179,3,2,2,1,2421,81,4,96,2
9.93,321,248,0,6,0,1,440,63,77,78,1
6.38,76,250,0,5,2,3,979,59,67,88,2
8.36,109,19,1,1,2,3,1427,87,2,65,2
8.51,304,358,4,5,0,2,1921,13,31,95,1
8.15,383,96,0,0,5,3,1678,45,87,81,2
8.65,138,221,2,3,5,3,2626,92,61,81,2
6.46,34,143,3,4,3,2,1639,36,87,97,2
8.22,422,6,3,4,2,3,1529,82,29,62,1
7.15,393,349,3,7,0,4,422,5,48,84,1
9.76,234,321,2,0,3,4,2964,68,11,73,2
9.05,329,267,3,6,0,4,180,10,88,64,1
9.89,199,426,3,7,1,3,1431,70,49,77,1
6.15,324,295,1,0,3,1,2142,9,81,87,2
7.14,150,0,3,4,1,1,2625,17,17,89,2
6.78,33,57,1,0,5,2,2054,96,92,95,3
6.04,123,386,1,6,2,1,2961,78,46,65,2
6.97,366,263,1,4,2,1,1444,74,62,90,2
8.72,31,89,2,0,2,2,2550,81,43,77,2
6.92,271,487,0,4,3,4,830,92,20,84,2
8.04,323,74,4,1,4,2,2747,2,47,93,2
9.55,309,444,3,7,3,1,2498,29,65,67,1
8.78,123,340,4,0,3,1,1008,50,31,87,1
7.58,411,260,0,4,4,2,1205,12,93,66,2
7.49,367,487,1,7,3,3,1803,89,44,93,1
7.82,491,281,1,0,5,1,619,18,50,84,1
6.71,315,340,1,6,1,1,2672,10,52,60,2
8.54,77,328,1,4,4,2,2186,68,27,61,2
7.46,75,400,3,4,4,1,4,24,88,93,1
9.41,59,356,0,5,1,3,2963,92,61,91,2
9.03,84,242,0,5,4,3,1959,21,28,71,2
8.44,367,498,0,6,4,2,466,44,60,85,1
7.46,79,321,4,3,1,0,364,88,7,81,1
6.84,373,434,1,6,0,4,2646,31,45,90,2
9.1,171,118,2,7,0,3,574,34,30,92,1
7.95,257,46,0,0,5,3,2988,56,65,81,3
6.9,278,167,4,1,0,4,1536,51,61,67,1
6.78,220,347,3,2,1,2,2474,54,17,75,2
6.66,45,26,1,2,2,1,2875,63,54,87,3
9.11,490,295,4,5,3,2,1270,80,84,73,1
6.92,72,0,2,7,4,0,1395,89,36,63,2
8.11,53,173,2,0,1,0,2191,2,85,83,2
7.81,326,394,3,7,3,4,2691,35,29,78,1
8.32,220,166,0,5,1,0,2000,59,82,84,2
9.51,491,17,0,4,4,0,1052,96,20,76,1
9.47,380,90,4,7,2,4,1461,30,77,95,1
7.8,336,302,4,4,1,4,752,6,12,61,1
6.06,8,201,0,1,3,4,2730,83,98,86,3
7.71,325,483,0,0,5,4,15,82,18,67,1
8.42,171,20,4,2,3,4,2088,44,3,96,1
8.23,83,155,1,1,4,3,1498,39,20,64,2
8.61,329,384,2,6,5,1,34,68,23,63,1
6.62,328,13,2,0,0,4,2596,31,44,65,2
8.59,11,19,3,7,4,1,2331,45,12,88,1
6.73,480,243,2,0,5,0,398,16,21,67,1
9.0,31,376,4,5,5,3,242,54,86,69,1
7.36,417,456,1,5,4,4,131,7,48,94,1
8.84,338,172,4,0,0,3,2179,98,47,69,1
6.19,288,444,0,3,2,2,834,5,16,75,2
7.63,319,410,0,1,1,1,2236,62,19,71,2
8.82,303,121,2,0,3,4,422,43,31,84,1
6.91,271,496,1,7,1,1,2532,67,49,74,2
9.18,177,183,3,6,1,1,1666,33,61,73,1
8.52,113,307,4,5,3,2,2163,0,14,65,1
8.35,406,67,3,6,0,1,463,91,41,95,1
7.41,25,292,3,1,3,0,1858,90,10,62,2
7.93,236,337,3,2,0,1,100,84,36,86,1
8.39,309,158,3,0,0,2,1500,88,67,76,1
7.89,171,48,4,7,4,2,718,87,37,84,1
8.79,232,180,0,4,2,4,2019,27,80,94,2
7.73,36,294,4,0,5,0,904,65,60,64,1
6.81,264,393,0,0,4,1,2656,70,60,89,3
6.86,477,392,0,1,2,2,766,74,92,77,2
6.02,12,347,4,6,0,2,1812,93,14,79,2
7.2,495,475,4,1,5,1,2922,82,27,86,2
9.0,315,140,4,5,5,1,2291,5,86,76,1
9.18,105,17,0,3,4,4,79,59,66,93,1
6.81,125,139,4,0,1,4,191,40,20,67,1
9.84,335,71,1,5,3,0,846,79,28,71,1
8.01,493,470,2,2,3,4,825,82,60,94,1
9.67,383,241,2,1,3,4,1747,25,15,62,1
8.83,129,260,1,7,2,3,828,14,42,73,1
8.89,478,262,2,3,3,1,1556,33,23,74,1
6.34,315,142,0,6,2,4,1527,13,95,98,2
6.88,255,194,4,7,2,3,115,68,30,62,1
6.04,440,145,4,4,5,3,2528,83,97,83,1
8.86,114,293,4,4,2,4,1550,11,84,61,1
7.38,298,25,1,3,1,2,2134,36,12,64,2
9.15,402,421,1,5,5,4,734,70,24,63,1
7.36,123,58,0,7,0,4,894,97,5,95,2
9.28,255,51,1,6,1,1,2598,31,85,61,2
6.52,138,416,4,4,0,2,1209,8,78,70,1
6.69,205,148,0,0,1,0,1566,36,42,76,2
7.36,46,400,0,1,2,4,2947,8,81,71,3
7.63,216,106,4,2,0,4,760,18,94,78,1
7.39,318,317,3,4,5,1,1591,75,50,72,1
9.05,390,58,4,0,3,0,999,63,74,78,1
6.39,462,257,0,6,1,3,1378,7,88,79,2
7.4,349,447,3,5,0,2,2763,11,40,80,2
9.35,122,280,4,7,3,0,2381,36,88,90,1
6.27,30,424,4,1,4,4,2626,15,81,90,2
9.77,471,18,3,0,2,3,2724,2,34,64,1
9.95,54,165,3,0,1,1,2512,7,43,99,2
6.35,152,24,2,5,1,4,2486,10,13,61,2
7.17,455,422,3,1,5,1,1952,81,55,70,2
7.49,285,3,1,4,5,2,1389,73,83,83,2
9.11,35,2,3,6,4,1,1746,96,57,90,1
8.38,305,417,0,6,0,0,2064,14,42,61,2
8.58,397,361,3,7,1,0,1857,22,58,85,1
9.03,284,393,4,4,1,2,142,11,54,76,1
6.47,410,368,1,0,1,2,66,91,36,70,1
9.33,372,26,3,3,1,2,710,2,33,72,1
8.82,255,367,1,4,4,0,1975,60,45,85,2
8.31,177,345,2,0,2,4,556,64,47,89,1
9.56,35,218,1,5,1,0,2696,34,89,79,2
8.8,253,384,4,2,4,1,2234,0,39,67,1
6.81,161,43,2,6,3,2,39,99,19,79,1
7.72,20,211,3,2,1,3,427,93,41,70,1
7.98,293,51,1,3,0,0,64,93,71,87,1
6.22,74,152,2,5,4,3,2041,73,63,70,2
9.82,480,201,3,0,0,4,1109,13,22,68,1
6.51,206,320,3,2,2,0,1684,87,50,95,2
8.79,459,463,1,6,3,4,1282,83,98,86,1
8.02,471,10,1,5,0,4,299,83,11,65,1
6.1,177,67,2,4,1,0,1576,32,50,87,2
9.7,381,226,1,7,4,0,2106,75,2,72,1
9.41,36,120,3,0,3,4,852,50,6,82,1
8.1,458,332,4,3,4,2,2134,68,36,70,1
6.92,119,468,2,3,5,0,2317,86,19,80,2
6.49,500,14,4,4,3,4,2560,15,87,98,1
7.45,402,56,4,7,5,1,2171,40,57,83,1
7.02,117,329,3,2,0,3,1132,90,88,70,2
8.03,0,63,4,5,2,1,1247,72,18,85,1
9.87,208,229,0,2,5,0,919,13,26,79,1
8.3,423,10,2,7,4,0,1434,28,76,88,1
9.56,310,120,3,3,1,0,747,13,85,63,1
8.6,207,223,1,1,4,0,222,94,35,77,1
7.9,153,224,3,5,5,1,2684,6,59,71,2
9.42,249,124,1,6,2,2,329,43,22,91,1
7.89,170,147,3,5,5,4,1447,8,83,90,1
9.47,314,227,0,5,0,4,682,60,29,67,1
7.17,306,29,2,3,1,4,245,77,82,84,1
6.52,106,9,4,5,1,3,2592,59,90,70,2
9.42,142,53,3,3,0,0,1832,82,38,85,1
8.35,7,185,2,0,4,1,76,52,65,100,1
9.56,93,206,2,4,1,1,2764,97,33,78,2
9.75,397,254,2,0,4,1,91,73,8,76,1
6.21,96,156,2,3,4,2,302,46,84,69,1
8.0,489,128,2,0,0,0,538,15,83,93,1
7.5,6,57,4,2,2,4,107,46,71,88,1
8.5,273,404,4,3,2,4,1230,36,49,87,1
9.17,11,398,3,2,4,0,395,22,84,77,1
7.12,1,194,1,7,0,4,2658,100,79,91,2
8.23,433,416,3,2,2,4,679,30,0,95,1
8.83,348,421,2,4,5,0,2063,57,1,64,1
6.54,404,402,1,2,4,1,193,62,68,77,1
9.26,6,387,3,0,1,3,2723,1,34,75,2
8.42,499,75,1,7,1,0,501,85,73,62,1
9.8,474,88,4,0,5,4,6,3,44,65,1
7.36,11,353,2,5,3,4,2163,96,9,92,2
6.43,339,80,1,1,3,3,1775,21,62,75,2
8.03,56,185,0,4,3,3,979,56,25,61,2
6.34,77,325,2,5,2,3,95,30,78,61,1
9.88,73,267,4,5,5,0,2771,75,2,64,1
6.15,232,382,4,5,1,1,2040,96,78,87,1
9.01,278,78,3,1,1,3,1943,53,45,60,1
8.1,29,144,0,2,2,2,2067,19,38,64,2
7.47,366,128,1,5,1,1,525,40,100,63,1
6.26,313,13,3,3,1,3,958,8,79,88,1
8.49,94,118,4,0,4,4,2172,47,49,61,2
8.34,307,1,1,3,1,0,264,22,59,74,1
7.12,55,3,4,1,4,4,2425,32,86,64,2
9.64,9,243,4,7,3,4,1116,82,18,90,1
7.22,402,65,0,5,0,0,2616,32,9,85,2
7.8,146,245,2,6,4,1,117,68,3,73,1
8.18,363,89,1,6,5,4,1318,62,96,100,1
6.4,86,429,0,6,1,1,2410,52,38,100,2
9.73,252,177,4,1,3,0,2889,20,76,70,2
7.5,186,59,4,0,0,3,1598,63,74,78,2
6.32,427,231,0,6,0,4,1213,31,42,69,2
7.55,232,435,1,5,3,4,1442,63,71,76,2
8.4,252,352,4,1,3,0,2507,40,92,77,2
8.05,442,175,1,3,0,0,2522,82,97,84,2
8.78,223,166,0,1,0,3,1583,45,36,74,2
6.22,339,382,4,3,1,0,2214,21,84,97,2
7.14,3,197,3,6,5,2,1185,17,17,92,1
9.28,352,59,3,7,4,2,2865,99,28,90,1
6.32,111,413,4,5,4,0,867,24,93,96,1
9.42,192,469,2,7,0,3,1006,99,45,95,1
6.37,140,410,4,2,0,2,2459,79,49,65,2
9.34,322,82,4,5,5,4,2892,89,16,67,1
7.44,139,73,4,4,5,3,724,76,22,70,1
8.45,348,310,0,0,2,0,1292,95,5,85,2
6.61,438,453,4,1,0,2,2426,66,90,88,2
6.26,444,25,4,6,4,3,762,99,34,61,1
6.86,94,425,0,5,1,4,2493,100,36,83,2
6.51,40,376,4,0,2,0,6,18,88,77,1
7.25,419,242,3,1,4,1,980,77,48,92,1
8.06,1,322,3,7,1,2,1239,20,2,80,1
8.36,277,115,4,7,5,4,463,95,39,81,1
9.16,149,322,0,6,5,3,383,49,59,92,1
8.62,40,179,4,2,2,2,2850,23,34,91,2
8.44,350,261,4,6,2,2,1416,60,39,92,1
7.65,115,496,1,6,2,0,518,79,58,99,1
7.9,119,113,2,3,2,4,188,100,3,73,1
7.66,236,265,0,0,2,2,2202,71,40,85,2
9.37,269,37,2,2,2,2,1810,59,54,86,1
6.92,348,379,1,2,3,4,127,92,4,69,1
6.02,290,76,2,4,5,3,2964,50,64,96,2
8.61,433,101,4,2,1,0,1450,49,30,66,1
6.81,8,11,3,4,4,2,2797,56,59,76,2
9.56,238,301,0,6,0,4,2041,68,42,63,2
9.44,117,48,0,2,4,1,2417,13,8,92,2
6.31,351,253,4,6,3,3,1854,23,90,75,1
6.43,314,346,2,3,3,0,744,9,57,83,1
7.98,311,379,0,7,2,1,423,68,15,80,1
8.44,474,248,1,7,3,3,915,44,69,88,1
7.1,9,71,1,2,4,2,904,53,87,74,2
8.87,24,446,2,7,3,0,2301,10,88,87,2
8.38,496,196,1,7,4,3,2712,96,33,77,1
7.3,172,252,3,7,2,3,885,92,34,67,1
6.1,224,483,4,5,2,3,248,97,84,68,1
9.0,10,357,0,3,3,3,16,65,95,65,1
6.86,100,298,4,1,5,1,1421,40,76,93,2
9.34,264,221,2,7,0,0,1138,54,37,62,1
7.68,390,59,4,2,2,2,1017,47,49,77,1
8.31,326,356,0,6,1,0,414,47,93,78,1
9.49,417,156,0,2,1,1,1165,40,11,68,1
9.45,82,341,2,1,2,0,1749,87,96,72,2
7.49,275,461,0,6,5,1,339,57,29,99,1
6.84,369,381,1,4,5,1,2203,38,43,64,2
9.1,489,201,4,3,3,1,422,84,86,98,1
7.73,344,266,3,1,2,1,492,71,88,95,1
6.77,260,34,3,1,3,3,38,9,93,83,1
9.62,367,254,3,5,4,0,656,52,95,96,1
6.79,220,22,2,6,0,4,1070,74,93,70,1
6.1,310,455,3,0,0,1,1752,59,91,69,2
6.08,218,404,4,1,4,1,2559,77,1,62,2
8.49,88,164,0,7,4,0,940,68,73,76,1
8.65,484,27,1,7,4,3,2162,49,99,64,1
7.24,14,371,3,4,0,2,2768,24,8,96,2
7.28,245,350,3,7,2,1,1457,25,70,94,1
7.36,175,313,3,4,1,3,1424,37,11,99,1
8.72,3,52,1,7,5,3,2458,43,33,77,2
6.23,333,283,4,4,5,4,2000,44,78,86,1
9.72,375,297,3,6,3,1,233,97,48,85,1
6.89,368,474,0,3,1,3,2063,93,50,90,2
10.0,464,487,2,3,3,4,1210,16,11,72,1
6.69,20,84,1,7,0,3,2386,52,5,75,2
9.09,207,456,4,6,2,4,2920,35,25,81,1
6.89,473,348,0,2,1,4,739,96,68,75,2
6.32,136,123,1,1,4,4,2882,94,48,67,3
9.5,321,444,1,5,4,3,2207,17,50,91,1
9.44,362,206,2,4,4,2,1387,11,73,77,1
7.61,462,416,2,1,5,0,863,69,84,92,1
8.81,418,438,4,7,1,4,2039,10,91,97,1
8.23,215,164,3,6,2,1,2258,25,40,89,1
9.41,367,46,2,2,2,0,2544,40,10,72,2
7.26,116,419,4,6,4,2,929,7,46,72,1
8.09,178,370,1,2,1,0,1005,95,13,63,2
7.94,245,155,3,4,4,0,2179,86,15,99,1
7.42,127,265,0,1,3,2,2578,4,43,65,3
9.57,357,278,1,2,3,1,436,93,57,96,1
6.66,77,475,4,0,1,4,2906,67,20,74,2
6.6,228,481,0,3,3,3,860,36,13,86,2
8.31,292,4,1,1,0,1,1585,46,75,91,2
8.63,261,81,2,4,0,1,2213,5,25,66,2
6.78,81,118,4,2,0,4,2119,21,72,90,2
7.56,341,261,0,2,3,1,1308,89,2,83,2
9.79,337,124,2,2,2,1,1056,28,87,61,1
6.99,306,425,0,3,0,0,169,28,48,67,1
8.67,65,302,3,1,4,0,420,68,40,66,1
8.96,95,214,3,2,2,2,86,18,18,60,1
7.79,144,27,4,5,1,2,1809,2,11,97,1
9.75,64,488,0,3,3,2,2907,39,54,67,2
8.95,8,268,3,0,4,3,529,77,1,63,1
7.83,396,497,1,1,1,4,2400,46,27,89,2
8.28,483,24,1,4,3,3,1592,59,41,78,1
8.77,356,6,3,1,5,3,746,39,64,96,1
8.37,185,193,3,2,3,2,139,86,28,79,1
9.51,157,79,4,6,4,4,301,26,2,72,1
7.43,30,441,4,4,5,3,2905,100,86,91,2
7.2,150,321,1,5,3,0,2175,63,7,61,2
6.86,318,35,2,7,3,3,529,12,77,72,1
6.15,241,257,0,1,3,0,2240,85,27,67,3
6.17,155,112,2,4,2,3,2523,10,41,91,2
9.48,58,293,4,1,0,4,2255,78,84,73,2
8.71,9,201,2,5,5,0,1285,92,2,80,1
8.64,344,13,4,0,4,0,107,78,59,92,1
8.46,123,154,2,0,2,2,1357,24,50,95,2
9.4,355,398,1,0,4,0,1862,84,77,80,2
7.92,345,84,4,1,2,3,42,42,18,65,1
9.48,281,139,1,4,3,3,2772,54,3,64,2
7.44,236,370,2,0,5,2,1859,72,86,89,2
9.71,332,426,3,3,3,1,2396,88,6,87,1
8.79,16,96,3,3,5,0,131,27,40,96,1
7.03,423,184,0,7,5,0,834,86,15,100,1
8.26,323,487,3,0,5,0,2553,28,64,71,2
8.13,22,341,0,0,2,3,1309,93,52,100,2
6.55,418,357,2,7,3,4,903,88,54,70,1
8.36,458,491,0,2,5,4,1644,83,19,65,2
7.26,459,499,0,6,0,4,2692,34,89,79,2
6.21,8,431,0,3,4,2,1202,0,3,86,2
9.79,206,188,1,7,5,2,789,45,36,88,1
8.57,44,81,0,6,3,3,1241,23,81,68,2
9.51,420,299,4,3,5,4,393,92,80,99,1
8.7,452,179,2,0,5,1,1724,88,21,66,1
7.43,402,445,1,7,1,0,2060,18,43,80,1
8.05,330,385,4,5,2,4,2360,18,97,77,1
8.7,456,348,2,2,5,1,517,32,60,74,1
9.84,482,454,1,4,2,0,1819,52,71,61,1
7.01,497,414,2,2,5,0,1639,86,45,92,1
9.5,26,104,3,7,3,2,2225,54,25,70,1
9.7,396,380,2,2,2,1,1300,51,2,65,1
8.68,440,209,3,3,1,4,640,98,88,72,1
9.73,187,328,3,0,2,4,285,91,54,76,1
7.59,139,248,2,0,1,3,1271,100,36,100,2
9.81,8,71,3,6,2,1,1235,40,46,84,1
8.81,233,160,1,0,2,0,2340,66,47,64,2
6.17,91,132,3,2,1,2,648,43,35,73,2
9.63,76,239,0,6,4,3,2914,11,14,88,2
7.94,339,77,1,6,5,2,2399,71,6,89,2
7.84,243,57,1,2,0,0,385,33,30,71,1
8.27,332,460,1,5,5,0,1491,69,60,86,1
6.6,154,124,0,1,1,2,1015,46,45,90,2
7.88,217,10,0,7,0,3,1710,65,14,88,2
9.32,446,467,0,4,5,0,2834,20,12,86,2
6.06,476,406,0,1,5,4,311,74,21,64,2
7.09,284,428,0,5,2,4,2641,32,49,68,2
6.01,149,26,4,4,4,4,106,12,51,85,1
7.66,328,206,4,6,1,3,2591,42,55,86,1
8.91,87,221,0,1,4,3,2112,78,43,74,2
9.2,105,311,1,1,1,1,1300,11,86,74,2
9.78,402,381,3,1,5,1,2333,22,66,93,1
8.43,293,249,3,1,3,4,2279,81,19,73,2
7.02,94,314,4,2,1,2,2231,88,82,61,2
9.7,252,207,0,4,0,2,926,92,45,65,1
9.1,38,108,2,5,3,4,2593,59,47,75,2
8.3,398,295,3,1,2,1,2706,19,29,68,2
8.78,254,401,3,1,5,3,2993,53,41,75,2
9.7,53,434,1,5,1,2,181,82,95,81,1
8.85,415,60,3,0,5,3,266,99,40,78,1
7.47,242,121,4,2,0,4,1564,77,29,67,1
8.85,109,238,0,3,2,3,1377,33,23,80,2
6.16,253,105,0,0,0,2,487,41,100,62,2
7.55,111,278,3,5,2,1,891,42,11,74,1
7.63,173,35,2,3,5,2,914,93,43,61,1
6.67,188,37,4,1,1,0,1899,52,52,81,2
6.09,220,71,3,4,4,3,2953,9,16,76,2
6.53,248,55,4,6,2,3,1623,71,72,75,1
8.62,51,166,2,3,5,3,2714,65,78,73,2
9.21,161,220,4,7,4,4,1009,85,24,100,1
9.95,456,75,4,6,2,4,2091,23,11,64,1
7.39,34,209,4,6,4,2,2593,69,77,80,2
8.4,453,497,0,7,1,1,2836,4,83,75,2
9.75,36,210,2,7,0,0,1040,93,45,90,1
6.67,333,227,0,3,1,1,1875,29,48,91,2
8.87,316,224,1,3,2,1,2720,95,44,75,2
9.02,110,452,3,6,3,0,523,2,36,68,1
6.36,369,253,0,4,0,4,1132,75,26,96,2
9.44,176,486,4,0,4,3,616,25,29,68,1
9.25,8,155,1,2,0,4,318,75,24,80,1
6.13,274,473,2,4,0,3,1690,33,91,67,2
6.36,470,362,2,0,1,3,1143,72,80,83,2
6.2,120,148,0,1,2,4,2049,71,25,75,3
7.34,104,317,4,0,5,1,742,21,70,90,1
8.04,155,278,4,3,5,3,780,46,46,79,1
8.13,335,404,2,0,1,4,313,58,38,64,1
7.07,25,458,4,6,2,1,2376,72,83,61,2
9.65,421,489,3,0,3,0,1531,87,7,62,1
7.47,295,375,0,6,1,3,607,75,27,91,1
6.18,24,230,0,7,3,1,147,75,14,84,2
7.2,354,399,4,1,2,3,1632,52,80,94,1
8.12,373,189,2,1,0,1,2167,45,90,89,2
7.63,68,224,3,0,3,0,287,54,25,74,1
7.1,326,474,3,4,3,3,22,17,52,88,1
6.53,150,64,3,6,2,4,121,16,14,61,1
9.28,344,107,1,1,2,1,1100,39,54,65,1
9.98,64,79,4,3,1,0,1107,36,12,88,1
7.32,149,132,3,6,1,3,2405,30,19,95,2
7.53,319,173,4,4,2,0,2626,8,80,81,1
8.47,244,63,2,5,3,0,670,95,88,65,1
8.87,451,209,2,0,4,3,2199,100,84,88,2
7.57,57,296,2,5,1,3,954,18,7,76,1
9.62,155,97,1,6,2,1,2837,52,16,91,2
8.24,111,171,2,7,4,4,519,41,99,77,1
7.8,122,88,4,3,4,0,2153,99,33,84,2
8.59,461,361,0,3,4,3,203,2,47,77,1
9.81,352,225,0,7,4,0,1831,87,9,70,1
9.18,451,142,4,7,0,1,195,35,94,64,1
6.16,361,195,0,4,1,1,2371,89,77,86,2
7.33,202,178,3,0,4,1,1636,83,74,65,2
7.88,486,53,0,3,4,4,1782,77,74,70,2
7.26,479,195,1,5,2,2,1639,58,28,99,1
8.8,3,216,2,6,5,2,216,95,15,88,1
9.31,128,488,0,5,2,2,1705,7,100,91,2
8.93,25,332,0,1,5,4,2017,52,18,63,2
9.96,288,297,1,7,0,4,2080,36,85,64,1
7.09,464,429,1,1,4,0,2782,100,23,77,2
9.5,26,24,0,4,0,0,676,74,42,67,1
9.07,41,66,3,6,5,1,2947,69,55,82,2
7.45,452,162,0,6,2,4,1478,36,38,97,1
8.94,70,499,3,6,5,2,1888,31,8,71,1
6.42,63,111,2,1,1,2,696,32,92,80,2
9.16,24,328,4,6,3,0,2667,45,47,81,1
8.13,71,205,2,2,3,1,580,80,32,91,1
7.17,481,405,0,0,5,1,2993,60,41,87,3
8.62,360,367,0,3,0,3,763,53,90,77,1
8.57,387,136,3,3,2,4,1259,97,91,62,1
6.84,267,407,1,4,3,2,963,98,33,89,2
6.12,313,278,3,4,4,2,1379,37,44,72,1
7.73,94,444,1,3,1,0,492,49,35,60,2
8.28,394,164,1,1,2,0,2863,21,31,94,2
9.51,356,428,1,4,0,4,1048,62,81,98,1
9.71,363,270,1,2,2,0,2414,65,25,85,2
8.12,314,440,0,4,1,0,1688,57,79,76,2
9.02,116,227,4,1,5,2,2885,95,95,91,2
7.76,163,126,4,0,2,4,500,22,32,81,1
8.98,364,269,2,2,5,2,1171,12,87,98,1
6.82,277,307,2,4,0,2,2503,27,42,84,2
7.48,64,247,2,0,4,0,2649,15,5,91,2
8.54,305,339,3,0,2,2,1922,59,51,83,2
6.07,259,486,2,7,0,4,1224,12,59,67,1
8.89,227,35,2,7,5,0,248,23,77,89,1
9.34,199,154,2,5,5,4,2543,67,83,72,2
7.6,472,144,0,3,4,1,1248,95,89,82,2
7.79,219,473,2,1,3,4,2950,45,77,96,2
9.41,179,424,4,3,2,4,2668,50,58,72,1
9.1,357,259,0,5,4,3,1728,44,43,89,2
7.15,227,386,1,1,5,4,2657,25,23,65,2
7.3,483,18,3,5,3,2,2806,42,70,89,1
8.72,251,424,0,0,5,2,1252,78,66,93,2
8.25,298,423,0,4,2,0,1667,79,39,76,2
6.65,360,57,4,1,2,1,2607,0,89,83,2
7.24,429,422,2,1,1,0,1765,27,19,68,2
9.6,3,262,1,0,2,4,1624,80,24,78,2
8.75,140,35,4,2,2,4,1839,15,93,90,1
9.94,165,210,4,0,4,2,1376,94,31,84,1
9.07,253,331,0,5,0,4,952,59,70,92,1
9.77,428,147,1,0,1,4,2768,100,51,97,2
6.86,152,101,4,7,2,2,457,15,84,96,1
9.09,66,75,3,1,4,1,306,67,20,94,1
6.08,54,412,3,0,5,4,1284,42,48,91,2
8.68,95,477,4,3,5,3,2955,23,22,81,2
7.88,166,467,0,0,4,1,1048,26,63,62,2
7.39,320,67,3,4,0,1,239,34,11,70,1
9.45,330,65,0,6,3,2,1183,33,67,83,1
9.42,385,302,2,0,2,0,1368,56,82,93,1
6.09,452,221,2,0,3,4,1400,84,4,89,2
8.44,375,150,0,6,0,4,1910,44,64,74,2
7.47,341,389,4,4,4,0,1380,12,94,70,1
7.66,61,273,2,2,3,4,160,72,63,79,1
9.33,173,436,2,7,0,3,1494,70,42,83,1
7.24,252,277,3,2,3,0,2363,43,47,69,2
9.77,460,484,4,7,5,2,743,28,1,98,1
6.72,111,67,0,2,4,0,2572,22,65,94,3
8.65,214,234,2,3,2,1,2833,61,74,90,2
8.69,238,202,4,4,5,2,2666,81,72,86,1
7.01,414,232,2,3,5,1,898,87,66,64,1
7.3,226,162,3,3,1,2,1447,47,32,71,1
9.34,229,458,4,5,5,0,2866,61,22,93,1
9.05,232,97,1,3,4,1,2502,4,81,70,2
7.32,162,8,3,4,3,2,819,23,61,88,1
8.14,125,414,0,1,2,4,1951,84,73,86,2
6.25,428,248,4,1,1,1,2801,92,58,75,2
6.83,252,489,2,2,5,3,153,32,94,74,1
7.94,332,479,4,3,0,2,2295,9,79,72,1
6.34,437,426,0,6,2,4,313,20,26,92,1
9.37,198,226,4,2,4,4,2972,17,67,64,2
8.87,196,240,2,3,3,0,282,29,42,89,1
9.77,121,74,3,2,5,0,2244,99,53,85,2
8.77,412,16,3,0,1,1,29,32,64,68,1
9.76,455,50,2,4,5,1,2127,51,45,64,1
8.22,263,227,1,3,2,3,2231,12,11,94,2
8.4,53,193,1,7,1,4,738,4,54,98,1
9.91,134,279,3,5,1,2,1917,63,57,99,1
8.57,338,237,0,3,2,3,1377,49,8,60,2
6.12,358,380,4,3,5,3,1616,5,92,98,1
8.9,150,270,2,4,3,3,1576,83,45,62,1
9.62,99,411,0,0,5,2,1895,36,36,68,2
9.18,233,386,4,7,0,3,2565,75,64,85,1
8.34,31,156,3,1,2,0,2874,11,82,61,2
8.69,61,253,2,4,0,0,866,57,76,87,1
9.96,428,307,0,0,1,0,1981,57,63,79,2
6.36,195,309,4,2,1,3,2966,12,72,85,2
8.67,29,313,3,3,3,3,37,4,21,73,1
7.13,242,300,3,6,2,4,74,83,24,61,1
8.56,105,117,4,3,5,1,1145,93,8,80,1
8.43,294,332,1,1,2,4,1567,16,34,78,2
6.61,132,49,1,2,4,0,1786,84,52,74,2
6.83,450,277,4,0,3,1,290,67,45,91,1
8.49,21,51,4,7,2,4,565,85,45,95,1
6.51,155,180,4,7,1,2,1363,6,62,73,1
7.06,405,30,3,2,3,2,1637,35,56,94,1
9.34,383,326,2,2,4,2,533,90,72,68,1
7.31,213,495,3,1,4,0,2853,77,6,93,2
7.95,225,431,3,0,5,1,1432,78,80,96,2
9.76,284,245,1,1,1,0,1856,82,75,90,2
6.91,170,89,4,0,5,2,1894,17,72,84,2
7.56,41,30,3,4,2,3,785,96,5,100,1
8.43,59,101,3,7,1,0,814,72,87,69,1
9.02,374,229,4,4,4,1,2276,79,18,93,1
9.61,76,387,2,6,3,0,159,60,54,74,1
9.66,454,418,1,3,2,1,1202,83,63,61,1
9.11,201,96,0,1,1,3,299,86,80,97,1
6.91,219,66,3,4,5,4,529,37,77,85,1
6.1,451,191,2,7,2,1,2782,63,64,94,2
7.54,186,210,0,6,3,1,946,49,55,91,2
6.57,95,136,4,5,4,2,2238,35,81,91,2
8.84,341,429,0,7,1,2,1947,5,93,87,1
8.64,211,338,4,7,4,3,37,52,87,86,1
6.18,367,183,2,2,5,0,1631,75,79,74,2
9.35,339,55,0,2,5,4,656,58,17,83,1
6.99,261,466,1,4,1,4,77,54,10,80,1
7.73,328,249,2,1,2,3,463,21,100,60,1
8.67,411,281,0,3,0,4,1562,36,63,80,2
7.72,76,59,3,6,1,0,2525,79,33,82,2
7.77,30,127,0,2,1,2,1729,23,37,81,2
6.26,38,204,0,3,4,3,2364,23,65,90,3
7.61,305,213,1,2,0,4,124,9,35,88,1
9.06,333,126,2,6,5,3,1459,93,26,98,1
9.66,213,495,3,0,0,3,866,76,7,60,1
7.65,125,71,2,7,0,1,320,9,79,60,1
7.69,164,215,2,4,0,1,2032,57,78,77,2
8.81,245,89,3,1,3,3,2530,89,0,100,2
9.77,108,431,3,2,2,1,1405,4,89,70,1
7.07,87,313,1,4,1,4,2695,48,94,96,2
7.76,199,232,4,3,2,3,1729,18,99,65,1
9.18,270,232,1,1,5,1,2881,51,66,71,2
8.44,50,62,3,1,2,4,2240,80,64,94,2
6.44,488,375,0,4,2,2,2528,64,3,100,2
8.51,197,246,0,4,2,2,701,95,9,100,1
6.75,22,441,2,6,3,3,2176,38,96,67,2
8.04,152,386,2,4,4,0,2881,0,70,60,2
8.12,222,134,4,0,3,4,2493,74,78,61,2
9.5,429,435,4,0,1,3,2028,80,72,94,1
7.85,220,369,4,1,0,1,894,21,68,93,1
7.12,150,445,4,7,4,2,2240,77,32,75,1
6.92,265,1,0,4,1,1,286,22,41,67,1
9.5,72,160,3,5,5,4,745,81,28,65,1
6.68,368,139,4,5,0,3,1662,18,62,99,1
7.7,76,303,1,0,3,2,604,26,24,63,2
6.75,31,459,4,1,2,4,1882,17,18,82,2
9.09,368,308,0,2,1,2,2007,53,80,73,2
7.9,434,201,2,7,5,2,2698,16,28,84,1
7.4,492,124,1,6,2,3,2635,54,84,95,2
7.44,424,424,4,7,2,3,70,89,78,93,1
9.41,64,372,0,5,2,0,797,29,89,97,1
8.22,448,346,2,4,4,0,2070,97,2,71,1
8.87,356,81,4,0,0,0,2446,79,29,80,1
9.59,423,441,0,1,2,0,2950,52,80,74,2
9.61,17,323,0,4,5,1,2348,80,5,76,2
7.31,163,487,3,1,1,0,2111,9,76,83,2
9.81,286,406,0,2,4,1,2738,93,70,87,2
6.1,53,468,4,5,0,2,1661,29,40,90,2
7.51,62,163,0,1,1,1,1044,25,79,90,2
9.58,256,349,1,6,4,2,971,70,4,80,1
7.1,238,239,0,6,4,0,450,68,80,92,1
7.09,435,212,0,1,5,1,345,20,64,69,2
7.21,483,470,1,2,5,2,2470,55,72,61,2
8.45,440,148,4,3,0,0,1669,7,49,70,1
7.75,8,71,2,6,5,2,2319,28,76,74,2
8.91,469,102,3,4,2,3,2010,31,91,84,1
9.58,119,182,2,2,1,2,2543,63,20,93,2
8.7,347,183,4,6,3,0,435,87,70,82,1
6.82,89,12,4,5,2,4,33,43,68,87,1
9.73,371,379,1,2,3,3,613,66,55,63,1
7.06,457,231,2,7,1,1,1405,55,71,62,1
6.6,311,149,0,5,5,3,1382,96,22,73,2
6.36,174,262,1,7,3,0,2551,67,32,88,2
8.25,2,23,1,4,3,2,331,10,64,80,1
6.46,129,188,3,5,0,4,1699,91,93,76,2
6.56,53,132,1,1,0,0,825,36,23,65,2
7.2,292,49,2,0,5,2,320,7,86,64,1
7.13,183,445,4,4,0,0,201,57,20,60,1
8.42,414,182,3,7,3,4,587,1,76,69,1
9.27,352,25,0,2,5,2,1513,5,97,64,2
9.05,223,498,2,1,3,4,2977,31,40,87,2
7.05,490,137,0,5,4,2,2797,99,86,91,2
6.98,11,10,1,3,4,3,1057,18,84,66,2
9.86,441,295,2,1,0,0,603,100,21,61,1
6.03,194,101,3,0,4,1,914,17,45,81,2
9.52,246,10,3,1,2,1,1118,98,28,87,1
6.8,367,111,0,6,4,0,317,88,52,92,1
9.79,153,93,4,0,4,1,336,39,22,98,1
7.37,77,259,3,3,2,4,2488,59,21,90,2
7.76,139,257,0,3,2,1,1048,39,97,93,2
8.83,499,460,4,1,1,0,1729,80,7,69,1
8.35,89,166,2,4,3,3,76,65,87,87,1
7.27,143,208,3,4,3,0,282,21,43,83,1
8.22,436,406,3,4,5,0,1875,36,8,73,1
8.92,71,44,0,5,0,2,961,32,30,95,2
6.17,432,329,3,5,5,1,2018,19,10,61,1
6.04,176,204,0,3,1,1,702,39,48,93,2
7.83,347,425,3,6,5,2,1364,11,94,94,1
6.53,262,358,0,0,1,4,2528,48,51,70,3
8.66,270,41,3,5,1,4,807,33,53,91,1
6.86,104,284,2,5,1,2,2890,98,66,97,2
7.73,419,399,2,2,4,1,662,52,24,95,1
6.79,71,450,0,1,1,4,252,59,76,76,2
8.19,73,99,2,5,5,4,2793,65,79,80,2
6.46,142,443,0,5,0,3,1230,27,43,90,2
6.09,61,387,0,0,3,4,2182,82,21,64,3
6.2,145,355,1,2,1,1,47,55,12,81,2
9.82,45,271,2,3,5,3,1591,51,18,88,1
6.57,228,424,1,2,3,3,2024,10,57,60,2
8.83,104,5,1,6,2,1,2794,42,60,89,2
6.27,108,41,3,3,0,2,615,47,91,85,1
6.43,316,383,0,3,2,0,1463,57,20,81,2
8.04,120,440,4,5,5,4,1014,56,25,69,1
7.86,498,411,1,5,1,2,246,13,40,72,1
9.81,42,355,3,5,4,0,409,87,41,84,1
9.78,427,406,2,0,5,1,2733,53,50,74,2
9.12,98,252,4,4,4,4,2553,1,80,60,1
8.41,193,75,0,6,5,2,1478,41,60,70,2
7.82,310,41,3,4,0,0,2406,6,6,94,2
7.42,213,350,4,0,1,1,2716,8,89,72,2
9.79,462,267,0,7,1,3,2441,32,56,78,1
8.41,228,379,0,1,1,3,98,90,57,71,1
8.32,422,479,4,3,1,3,1986,67,23,68,1
6.93,483,216,3,1,5,1,1686,63,16,79,1
6.19,388,63,4,6,0,0,2109,96,57,77,1
9.78,184,441,1,3,0,1,1267,62,63,84,1
7.25,111,178,0,5,0,3,1396,7,13,65,2
7.77,398,28,2,3,5,1,835,58,3,64,1
6.46,346,274,4,7,4,4,427,8,79,97,1
9.35,271,469,4,5,1,0,2221,11,19,71,1
6.11,312,215,0,4,5,4,1577,57,32,61,2
9.34,483,352,0,7,2,3,606,48,48,62,1
6.56,101,483,4,6,3,0,147,43,17,85,1
9.55,209,300,2,4,0,4,300,10,27,90,1
8.92,226,487,0,3,0,1,1050,15,81,65,2
6.66,280,53,0,6,5,2,1680,65,52,89,2
8.26,21,365,1,6,4,1,2966,37,11,91,2
7.25,247,79,3,5,4,3,1670,42,100,77,1
6.71,158,193,1,4,3,2,549,100,83,98,2
9.44,378,199,2,4,4,0,206,66,68,68,1
7.61,228,12,3,5,5,2,2510,98,57,94,2
7.59,417,221,4,7,0,0,1481,72,35,68,1
6.68,342,192,2,7,1,4,2216,58,62,65,2
7.53,399,395,2,2,1,4,376,99,63,94,1
9.49,453,368,1,6,4,4,1227,6,10,63,1
7.45,186,326,3,6,3,4,906,25,40,89,1
9.81,142,239,2,2,1,4,671,75,31,85,1
9.79,337,269,3,5,0,2,1462,79,0,69,1
6.58,357,297,4,3,1,0,2265,30,21,65,1
6.71,396,98,3,6,3,4,2869,23,21,90,2
9.45,23,219,1,4,4,4,1183,64,53,85,2
7.57,140,331,1,6,2,0,2553,55,76,66,2
6.02,448,103,2,6,5,2,656,62,46,67,1
7.1,239,431,3,7,1,4,1381,25,68,80,1
8.39,291,376,1,2,0,2,2118,57,30,97,2
9.2,304,407,0,1,3,4,299,26,79,92,1
6.53,81,64,1,3,1,2,123,68,29,75,2
6.44,47,144,4,3,2,3,1655,37,89,62,2
9.69,352,37,0,6,4,4,1448,46,82,62,1
9.0,357,27,3,1,1,4,1601,90,8,94,1
8.36,170,288,2,3,3,1,155,20,53,82,1
9.08,261,407,0,4,1,1,2005,78,82,71,2
7.72,464,366,1,6,4,2,2217,11,68,83,2
9.03,67,236,2,7,3,1,910,74,9,96,1
7.49,13,125,2,2,5,2,340,24,96,72,1
6.98,29,383,2,0,2,4,1893,67,88,74,2
8.92,109,325,2,6,0,4,223,85,7,66,1
7.68,211,84,3,2,5,3,2562,42,55,83,2
9.93,263,236,3,5,4,3,725,50,25,72,1
7.4,437,245,3,1,1,1,1113,90,31,78,1
9.69,321,387,1,0,2,4,1037,88,86,62,1
9.73,484,416,3,5,3,2,1060,23,11,64,1
6.97,387,374,2,7,5,1,2286,8,37,96,1
9.19,201,265,0,5,3,3,716,21,31,69,1
7.73,83,248,0,7,3,0,214,26,95,79,1
9.67,443,291,0,4,1,2,1944,60,25,75,1
7.8,375,204,0,4,5,0,15,87,1,66,1
8.98,52,227,0,6,4,1,135,64,93,93,1
7.87,354,239,4,7,5,1,1667,64,38,93,1
6.91,495,72,0,6,2,0,2708,13,98,74,2
6.8,255,158,0,2,3,1,427,92,4,64,2
7.7,73,387,0,6,0,1,1581,19,83,69,2
9.02,219,377,1,3,4,4,2588,96,59,67,2
8.42,142,211,4,5,2,2,2933,44,80,80,2
8.75,99,135,0,3,2,3,867,38,22,66,2
7.13,128,282,3,1,3,4,2093,83,96,99,2
7.93,405,163,1,3,0,1,1832,80,59,68,2
6.18,218,136,4,4,3,3,2569,29,39,88,2
9.27,476,170,3,0,4,1,1095,76,75,79,1
9.96,270,151,3,5,1,2,2344,85,56,76,1
7.63,457,164,1,2,4,1,2002,63,58,98,2
6.04,467,296,3,6,0,0,2826,72,27,81,2
6.68,21,103,2,2,1,0,816,91,4,66,2
8.61,177,221,1,2,5,0,1935,22,85,87,2
8.45,47,281,1,3,5,0,685,22,1,65,2
9.15,116,387,2,0,2,3,498,31,40,76,1
7.02,328,371,1,3,3,0,2195,80,65,61,2
9.05,375,128,3,3,5,1,2224,39,32,96,1
8.75,178,403,3,7,4,4,506,37,68,67,1
7.29,479,219,3,5,3,1,1052,61,87,66,1
8.18,272,172,2,4,4,1,1452,42,82,75,1
6.59,361,471,3,5,3,1,2007,91,37,61,1
7.81,338,347,2,6,5,1,22,84,28,81,1
9.52,359,475,2,4,1,4,1110,53,71,66,1
7.68,346,452,2,5,3,0,2530,40,49,85,2
9.36,178,95,1,5,0,2,2348,51,67,93,2
8.36,420,51,4,3,0,3,496,54,70,98,1
6.77,481,93,2,5,5,4,2079,93,88,71,1
8.32,494,63,3,1,3,4,1115,44,57,100,1
8.02,48,20,2,6,5,4,490,82,1,94,1
7.59,314,105,0,6,2,3,1024,45,6,61,1
6.48,393,335,1,1,0,1,2245,49,71,88,2
7.67,254,199,3,1,4,3,127,50,62,79,1
6.29,29,331,1,5,5,4,1874,86,46,78,2
6.4,84,351,1,7,3,1,2141,69,28,96,2
7.66,276,280,0,7,3,4,2754,18,60,85,2
7.22,33,450,2,3,0,2,2007,67,84,96,2
9.7,328,281,3,6,2,0,443,48,84,72,1
7.5,97,99,4,0,4,0,1589,22,88,82,2
9.03,433,336,1,7,0,4,2023,4,30,84,1
8.12,75,26,4,7,0,1,2948,63,90,82,2
8.82,174,244,4,1,5,2,229,32,32,62,1
7.04,340,435,2,7,1,2,1440,75,38,73,1
9.77,248,62,4,4,5,1,2353,99,13,74,1
8.12,339,341,3,2,0,1,2141,58,33,94,1
9.33,133,373,2,7,4,2,1536,51,30,73,1
7.46,177,428,4,2,1,0,2940,92,47,76,2
6.4,364,441,2,3,2,0,1409,77,100,65,2
8.69,227,37,3,2,2,2,899,6,69,79,1
6.03,62,418,1,6,0,3,2858,42,25,69,2
7.9,267,301,0,7,4,2,2515,47,92,73,2
6.77,424,126,2,3,2,4,2254,41,51,86,2
8.51,414,70,0,2,4,3,928,61,31,63,1
9.92,257,386,1,0,5,1,279,19,4,78,1
7.86,143,133,3,0,5,2,2202,36,51,61,2
9.27,384,252,1,0,4,2,228,77,60,99,1
8.03,387,12,0,0,1,3,2726,97,18,86,2
7.98,302,173,3,7,0,2,2838,40,72,83,1
9.72,499,462,4,1,4,4,2770,40,16,63,1
9.56,448,89,4,6,4,0,1804,86,37,61,1
9.14,51,367,2,4,5,2,2042,4,64,81,2
7.19,302,288,4,0,4,0,2623,32,76,80,2
8.18,98,206,0,5,0,1,624,47,20,73,2
6.9,460,61,4,1,1,1,1364,43,13,79,1
7.78,305,318,2,3,5,2,912,73,82,93,1
7.94,44,311,3,2,4,1,1522,9,52,79,2
9.33,41,38,4,2,3,2,2161,60,13,92,1
9.58,478,59,2,1,5,0,1935,10,71,68,1
7.66,467,104,4,5,1,3,2634,57,62,97,1
6.07,439,238,4,5,0,2,1511,82,24,72,1
9.45,326,461,0,7,2,3,1669,50,17,72,1
6.7,56,126,2,2,4,0,491,98,76,99,2
8.49,487,82,2,5,3,0,1141,14,87,64,1
6.1,32,219,1,0,2,3,99,90,55,92,2
7.6,411,407,1,6,5,2,849,4,8,60,1
9.94,113,433,2,2,2,3,819,60,89,86,1
6.4,299,104,0,0,4,2,2345,12,22,98,3
7.69,113,416,4,0,4,2,1918,44,97,65,2
7.23,55,459,3,2,2,3,990,22,12,63,2
9.62,43,73,4,6,3,0,900,15,38,99,1
9.48,211,134,3,1,1,4,2991,35,13,68,2
6.95,351,429,0,3,4,1,2198,9,60,85,2
6.32,328,377,1,7,4,4,1055,95,92,61,1
8.51,33,61,2,1,0,0,1181,44,90,83,2
7.35,269,0,0,4,4,1,2473,2,85,64,2
8.69,195,78,3,4,0,3,949,36,40,60,1
6.13,412,373,2,0,2,4,55,7,20,94,1
6.53,124,64,3,0,3,2,985,0,61,66,2
8.75,78,428,4,1,0,0,2193,82,42,63,2
6.85,254,467,4,6,0,0,1042,71,24,97,1
9.43,144,182,4,1,1,0,1957,86,28,80,1
6.23,82,65,2,0,2,4,1309,64,21,68,2
6.86,229,322,1,5,0,2,2793,29,76,85,2
9.99,136,355,1,3,0,4,1243,67,91,60,1
7.73,26,207,3,3,2,2,2666,84,12,79,2
8.81,176,53,1,4,4,1,345,84,85,70,1
6.73,206,220,1,5,3,3,2454,36,45,91,2
8.44,420,235,3,3,5,0,566,83,90,72,1
8.9,411,376,3,2,5,2,973,27,93,87,1
7.26,305,99,3,0,2,4,337,88,57,69,1
9.32,310,446,2,1,5,4,1069,96,27,61,1
8.41,387,437,3,0,1,0,1639,54,40,64,1
7.56,212,491,2,7,5,0,1972,61,40,66,1
8.23,353,102,2,2,1,0,1916,14,19,92,2
8.31,402,435,2,3,3,1,1466,96,98,66,1
6.66,36,181,3,0,1,3,1153,66,50,61,2
7.61,387,450,1,2,2,2,183,15,7,73,1
7.37,292,420,1,5,4,0,234,42,49,80,1
7.6,178,107,3,3,5,2,2927,89,31,77,2
9.04,159,11,1,6,1,4,1325,92,42,73,1
7.93,428,442,3,4,2,3,2361,20,60,72,1
9.76,367,403,2,5,1,3,1809,94,84,78,1
7.17,11,342,4,4,0,2,2333,95,85,80,2
7.66,168,85,0,4,0,4,2578,71,87,89,2
9.15,311,287,3,5,4,4,1652,42,84,94,1
8.18,79,326,2,2,5,1,1417,6,43,91,2
8.19,13,213,4,2,0,0,2650,6,35,77,2
6.21,53,43,2,1,0,4,2145,52,67,66,2
7.59,446,321,0,1,1,0,1100,57,10,71,2
7.08,253,77,1,4,1,0,2667,91,7,69,2
10.0,64,54,1,0,3,2,655,18,3,97,1
7.23,371,271,2,3,4,0,1396,26,73,62,1
9.54,57,343,0,1,0,2,2510,19,11,68,2
8.7,95,70,2,3,3,3,9,99,96,66,1
7.36,20,67,1,5,1,4,1183,30,36,85,2
8.17,259,179,2,7,5,2,1634,1,64,77,1
9.36,72,379,4,0,3,1,1410,84,80,98,1
9.53,247,420,0,4,0,2,2998,60,13,77,2
6.64,126,173,1,6,3,0,102,97,97,77,1
7.36,498,168,2,3,2,1,109,58,39,80,1
7.34,45,388,0,5,4,0,614,30,90,74,2
6.17,469,449,2,7,0,1,2426,73,23,65,2
8.39,267,260,1,4,2,2,641,55,81,77,1
9.42,127,446,0,6,5,0,2681,68,62,82,2
7.53,29,124,1,3,3,2,1599,35,15,91,2
8.96,93,130,4,0,5,4,1788,29,50,94,1
8.51,223,233,4,1,0,1,1005,22,15,94,1
7.5,315,391,3,2,3,3,2082,38,57,61,2
6.56,99,153,0,4,4,3,2753,72,34,83,3
8.84,70,329,4,1,5,2,1761,83,67,85,1
9.42,80,124,3,3,5,1,368,98,97,85,1
8.74,448,353,0,5,4,1,1545,69,32,63,1
6.07,397,493,1,5,1,2,263,36,86,81,1
6.86,366,378,2,1,2,3,1582,65,73,75,2
6.28,299,99,2,2,4,4,2981,58,56,89,2
8.28,107,52,1,4,2,3,2392,81,74,61,2
9.03,101,331,4,4,3,0,689,68,67,96,1
6.44,409,467,2,1,2,3,776,13,91,77,1
9.35,90,127,1,7,5,0,829,82,11,78,1
8.22,364,412,3,7,0,0,2212,50,16,89,1
8.76,15,13,3,0,1,4,1922,9,68,68,2
9.89,109,495,1,3,2,4,375,48,95,90,1
6.33,262,4,0,1,2,3,1524,52,1,77,2
9.6,159,249,4,0,4,2,2093,52,76,64,1
6.5,252,367,4,4,0,3,628,95,84,69,1
7.57,88,26,1,3,4,4,1266,88,12,97,2
9.41,94,124,2,4,2,0,2981,45,31,81,2
9.63,271,451,4,2,3,0,2508,96,100,99,1
8.03,246,28,4,5,4,2,2067,58,40,75,1
8.38,360,2,3,6,4,3,1332,64,19,82,1
8.83,377,480,3,0,0,2,1757,98,58,89,1
9.33,205,413,3,7,5,2,1747,53,0,69,1
6.49,344,227,4,2,4,3,2847,57,46,70,2
9.24,317,136,4,2,4,1,47,38,46,87,1
7.93,285,256,4,2,1,3,1757,90,86,89,1
7.8,247,239,2,7,2,2,2867,73,76,96,2
7.7,454,278,2,7,0,1,2871,56,4,84,2
8.04,395,322,2,0,4,2,2965,97,98,86,2
9.78,66,159,0,3,5,2,2531,68,3,67,2
8.19,474,471,4,6,5,2,277,78,92,69,1
9.81,45,5,4,4,2,0,1401,96,65,97,1
6.72,466,460,1,3,0,3,2570,23,47,93,2
8.9,42,304,1,5,5,4,2864,50,53,88,2
9.25,228,142,0,3,4,0,1164,86,2,76,2
8.72,438,441,1,3,3,3,635,0,21,86,1
8.43,300,180,2,4,5,0,579,77,77,82,1
8.26,443,29,0,4,1,3,136,91,76,86,1
9.44,233,459,0,0,0,1,2373,10,1,97,2
9.29,198,252,0,5,3,4,1636,72,54,69,2
6.49,496,39,3,1,0,1,1264,84,72,75,1
9.39,335,186,1,7,0,1,35,70,15,65,1
7.66,31,318,4,7,1,3,2007,70,11,60,1
7.01,263,303,3,4,3,2,1668,90,55,84,1
9.48,112,226,2,4,4,2,912,92,49,76,1
7.73,460,219,3,5,2,2,1814,74,65,92,1
9.23,317,379,2,1,3,2,574,4,96,91,1
7.05,458,323,4,4,5,4,2172,58,84,73,1
6.02,275,390,4,3,0,1,2748,11,78,63,2
7.98,145,430,1,5,5,0,692,90,77,91,1
6.4,356,42,3,4,3,4,2088,51,10,76,2
9.02,5,143,4,0,2,3,2504,64,17,84,2
7.1,339,277,2,4,5,4,2410,7,50,73,2
7.77,479,318,4,1,3,4,1250,53,88,65,1
6.35,493,173,1,3,2,3,2356,32,71,70,2
7.15,107,246,2,1,1,0,1241,100,65,87,2
9.13,412,172,0,7,0,1,2342,41,83,68,2
6.61,259,40,1,5,4,4,2542,65,56,67,2
8.59,70,408,1,4,3,3,2875,96,25,89,2
9.67,426,49,0,4,1,3,2344,67,73,97,2
8.72,339,322,4,6,5,0,73,34,71,75,1
9.24,161,179,1,0,3,4,2181,21,93,79,2
6.44,99,341,0,3,1,3,485,38,5,69,2
7.0,326,158,0,4,2,0,489,4,97,94,1
9.58,32,36,1,6,1,0,2262,7,55,66,2
8.86,142,405,3,0,5,3,423,61,46,69,1
8.56,243,26,1,0,5,3,2408,98,79,80,2
8.66,223,375,3,1,2,4,2428,50,18,89,2
7.66,213,385,4,3,1,4,2360,33,2,65,2
6.18,119,255,0,2,3,1,2383,40,12,93,3
9.14,167,277,2,5,4,3,381,19,81,71,1
8.71,348,248,1,6,0,2,1525,81,40,70,1
7.89,216,180,2,0,5,2,987,26,40,63,2
9.6,388,16,4,2,4,1,147,82,6,82,1
7.34,461,367,1,1,1,3,2322,72,21,92,2
7.18,433,124,2,0,2,0,842,83,30,92,1
9.49,354,311,4,5,5,2,386,70,82,73,1
9.19,321,211,3,7,5,4,66,15,18,61,1
8.06,216,471,4,3,3,2,1713,77,46,62,1
6.52,53,236,1,7,0,3,2543,72,14,77,2
6.86,207,414,1,2,0,2,2267,6,71,94,2
8.62,429,499,1,3,3,1,2128,20,92,63,2
7.54,79,298,4,2,1,4,2336,44,55,67,2
9.35,394,199,1,6,0,1,422,93,49,66,1
9.8,379,376,4,1,3,0,500,77,16,96,1
9.22,432,180,0,0,1,0,282,96,33,85,1
7.51,482,388,0,0,3,0,1890,26,41,70,2
9.15,150,129,0,1,0,0,1263,76,84,76,2
7.41,54,120,2,7,4,3,1736,1,28,64,2
6.67,4,186,0,5,0,3,2532,92,71,72,3
6.13,447,387,0,5,0,3,2782,70,5,79,2
7.54,34,226,4,4,4,1,2943,12,67,94,2
9.61,348,161,4,2,1,1,72,78,23,77,1
6.96,494,450,1,5,5,2,662,18,19,73,1
6.83,118,111,1,5,5,4,2918,72,82,72,2
9.88,196,467,1,2,3,1,2607,53,80,81,2
6.1,53,456,4,4,1,2,257,57,51,72,1
9.14,258,133,4,7,1,0,1611,9,87,64,1
7.29,261,185,0,1,3,0,1318,2,100,84,2
6.15,342,174,3,3,1,1,1719,16,90,74,2
9.67,365,260,4,3,5,3,2694,9,22,74,1
6.56,311,316,3,1,2,2,2644,88,77,74,2
8.21,1,488,4,3,5,4,1280,42,53,81,1
7.1,81,311,4,1,0,2,1854,50,74,95,2
6.26,349,357,2,2,2,3,1298,49,86,80,2
6.2,421,418,3,6,3,3,850,0,7,76,1
6.46,439,374,2,2,5,1,24,19,11,72,1
6.29,4,478,0,6,4,3,496,86,44,89,2
9.04,173,268,2,4,4,3,886,62,56,75,1
7.94,496,281,2,6,3,4,1271,79,64,75,1
7.37,138,469,0,5,5,3,947,41,67,94,2
7.67,192,223,3,1,5,0,396,53,100,61,1
9.72,137,251,1,5,3,3,858,98,3,67,1
9.64,296,63,4,3,1,0,466,56,61,86,1
8.86,115,462,3,1,0,4,1570,45,76,96,1
9.54,43,394,0,0,2,1,215,13,30,64,2
7.28,345,317,2,4,3,0,1981,75,53,87,2
7.52,288,463,1,0,4,1,831,53,30,100,2
8.45,218,430,2,4,0,1,1865,3,31,64,2
8.49,55,123,4,4,0,0,2855,99,39,82,2
7.93,241,69,0,4,1,2,396,62,3,97,1
7.6,395,237,1,6,4,3,2320,99,6,69,2
9.94,257,74,3,0,0,4,1939,20,55,85,1
9.28,0,441,3,7,4,1,844,0,56,66,1
7.74,448,499,0,4,2,2,1665,59,45,77,2
8.91,376,9,0,1,4,1,2067,22,48,78,2
7.08,380,399,2,1,0,2,1844,15,49,61,2
6.4,288,267,1,7,5,4,1662,13,48,84,2
7.41,469,454,4,0,4,2,1253,76,79,83,1
7.61,459,486,0,6,4,4,1149,1,42,62,1
6.07,102,474,1,6,5,3,2281,76,64,65,2
9.26,291,87,0,2,4,2,1922,6,5,86,2
7.44,148,49,0,2,0,1,205,77,85,80,2
8.32,83,142,3,0,2,3,260,82,29,77,1
6.3,419,58,1,7,4,1,2536,69,71,92,2
6.7,25,453,3,6,2,1,1197,77,66,75,1
9.56,174,317,3,4,0,3,1185,89,53,80,1
8.43,222,210,1,4,3,3,1297,11,73,96,1
9.8,128,71,3,4,4,4,1721,23,24,61,1
10.0,421,243,2,0,2,2,2308,21,41,61,2
7.49,141,238,4,4,4,4,776,45,71,98,1
7.2,345,189,4,1,1,0,1140,84,60,62,1
9.43,301,483,2,4,1,0,1189,29,37,75,1
9.99,297,49,0,0,0,4,1648,3,35,87,2
8.52,134,204,3,4,5,4,1888,92,40,87,1
9.18,54,53,4,1,2,2,1410,37,46,92,1
9.13,55,309,1,5,2,3,1946,74,86,90,2
7.42,373,480,0,7,5,0,297,43,30,79,1
8.3,75,223,4,7,5,3,2445,79,1,97,1
9.33,318,155,3,0,4,1,152,24,67,70,1
8.75,407,359,4,2,1,1,1737,67,33,95,1
6.08,338,50,3,0,4,3,2147,73,7,70,2
7.35,456,240,0,3,4,1,2494,97,55,98,2
6.58,354,329,2,2,5,0,608,79,95,65,1
6.93,131,160,3,2,0,0,1089,55,10,90,2
9.62,492,128,3,7,3,1,1439,3,86,97,1
6.15,41,84,0,0,0,0,2194,63,69,94,3
6.88,351,68,0,3,0,1,577,81,73,77,2
7.24,109,384,1,2,0,2,2703,44,67,68,2
8.47,69,372,0,5,4,2,819,82,66,87,2
8.14,283,54,4,4,4,3,532,95,11,62,1
6.87,125,84,3,3,4,1,350,12,60,82,1
6.66,347,344,2,7,4,2,2035,18,0,69,1
6.95,295,467,0,3,5,2,2253,8,77,64,2
8.01,178,428,3,5,1,0,2949,95,91,61,2
7.08,412,328,2,5,2,3,765,87,10,84,1
9.79,297,79,1,0,1,3,121,99,29,82,1
7.86,373,219,4,0,2,2,62,89,1,62,1
6.24,196,423,1,0,4,2,1035,67,5,76,2
8.92,260,109,0,3,1,3,554,59,23,100,1
7.32,100,252,4,1,2,0,1273,61,77,92,1
8.61,424,496,1,0,3,4,2694,93,35,87,2
7.12,60,316,3,1,0,0,2278,32,1,64,2
8.28,182,163,0,2,2,4,89,96,66,100,1
9.09,411,102,1,4,5,3,1527,30,25,82,1
9.71,296,112,4,5,1,3,2221,61,28,68,1
7.04,366,251,4,4,1,3,2022,78,86,65,1
7.34,8,151,2,1,3,1,441,75,49,65,2
7.86,412,335,4,5,2,1,679,74,6,68,1
9.71,205,397,4,3,0,1,1642,44,59,76,1
9.61,421,367,0,6,1,3,2411,49,67,72,2
6.36,317,250,4,4,4,2,2600,86,78,62,2
6.53,53,353,2,1,5,3,2439,12,22,68,2
7.98,179,87,4,0,4,4,466,97,21,73,1
6.43,103,494,2,1,2,0,364,90,70,62,2
7.38,125,458,3,2,5,4,2035,35,49,95,2
6.59,33,492,2,5,3,0,419,9,81,79,1
8.54,164,99,0,1,0,4,1738,49,88,77,2
9.8,432,119,1,0,2,0,526,45,47,60,1
9.99,297,384,1,6,2,2,2771,59,14,79,2
7.5,269,302,3,1,5,0,2035,21,5,88,2
8.4,465,203,0,0,0,3,222,86,58,83,1
9.43,288,148,3,5,1,4,2185,59,75,91,1
6.47,117,200,3,0,4,1,2117,33,79,78,2
8.76,353,294,4,2,1,2,807,72,25,64,1
7.64,91,2,4,7,3,4,1213,1,38,84,1
6.82,99,399,0,2,0,2,680,83,71,83,2
7.61,492,67,1,4,1,1,156,52,26,99,1
6.3,495,153,2,6,2,1,2545,71,90,87,2
8.78,484,493,4,0,2,1,2826,27,64,98,1
7.01,86,181,0,0,3,1,2877,60,42,85,3
7.25,233,12,0,6,3,1,196,83,40,86,1
6.48,400,188,1,7,0,3,2725,43,60,75,2
9.46,123,19,0,6,1,0,763,6,31,70,1
7.97,202,338,0,0,2,1,476,72,2,86,2
8.29,31,282,1,7,0,4,2277,95,93,87,2
8.28,356,385,4,4,0,4,1010,31,60,99,1
7.64,462,9,1,3,2,1,930,60,16,65,1
6.77,451,187,3,2,1,2,491,28,8,74,1
8.98,38,344,4,2,4,1,2267,26,56,60,2
6.51,93,18,3,0,3,3,513,47,47,95,2
6.42,9,142,0,7,5,0,2069,52,6,76,2
8.84,214,102,3,4,1,4,2732,26,31,67,2
6.84,407,302,1,7,4,1,2156,14,92,83,2
7.23,99,240,1,0,4,0,2356,95,57,98,3
7.9,243,151,2,2,2,0,2305,1,81,82,2
7.8,57,271,0,5,4,1,2485,14,4,94,2
8.83,452,336,1,4,3,0,579,43,97,85,1
8.49,356,187,4,1,0,4,2465,43,38,70,1
8.58,490,463,1,2,1,1,11,10,14,87,1
8.86,319,209,4,1,5,2,1367,72,69,65,1
7.17,18,176,0,3,3,1,1329,66,31,96,2
7.29,356,387,2,1,4,4,188,95,52,84,1
7.75,116,193,2,4,0,1,1504,33,58,69,2
7.23,135,176,3,1,0,1,430,51,2,92,1
9.94,326,368,1,3,4,1,1492,67,24,84,1
9.26,295,414,0,2,3,3,16,28,56,60,1
6.66,12,65,3,3,5,3,2772,47,50,73,2
6.02,100,309,0,4,4,4,1918,14,16,70,2
6.17,379,1,0,7,1,0,1032,10,46,85,2
6.98,154,316,3,5,0,1,2679,41,10,98,2
6.46,81,270,0,5,2,1,2543,100,34,63,3
8.13,87,59,3,7,0,3,1348,48,5,73,1
9.43,104,367,1,1,4,2,926,73,24,87,2
8.95,129,42,3,1,5,3,309,14,16,67,1
6.86,271,92,1,4,4,0,1691,10,54,82,2
7.6,13,225,2,0,2,1,2527,48,29,87,2
8.03,127,423,3,4,2,1,1805,9,9,99,1
9.24,400,479,2,6,0,4,214,15,27,81,1
9.36,59,468,3,6,4,2,135,86,66,77,1
9.64,453,285,0,4,0,4,976,10,54,69,1
8.04,226,62,2,7,3,2,411,68,81,95,1
8.78,16,279,4,3,4,2,2627,77,79,66,2
6.45,44,427,4,3,5,2,2924,53,25,75,2
8.26,37,13,4,4,0,2,1336,86,82,98,1
6.99,123,27,2,2,5,4,594,48,80,62,2
7.73,359,141,1,1,4,1,270,20,40,100,1
8.54,63,439,3,7,4,1,385,94,60,63,1
7.03,376,107,0,4,1,4,2855,12,56,99,2
6.21,252,289,0,0,0,3,19,23,44,74,2
6.04,261,77,2,1,4,0,2371,82,27,94,2
6.09,443,246,4,6,2,2,854,49,19,65,1
6.03,111,472,0,2,2,4,2735,49,37,61,3
6.44,101,11,0,4,1,2,2739,67,93,76,3
6.96,48,183,1,5,4,2,1001,70,12,72,2
6.88,276,316,0,2,0,2,2546,17,12,83,2
9.95,226,360,0,5,5,4,193,62,31,73,1
7.22,22,444,3,1,0,1,903,53,90,67,2
6.51,331,295,0,0,5,3,989,88,22,69,2
8.18,184,403,3,1,5,3,1287,59,54,87,1
9.43,63,239,4,5,5,4,1353,75,36,92,1
8.71,156,425,1,5,2,0,2421,54,95,86,2
7.18,282,262,0,7,3,3,1136,16,15,61,2
8.25,389,334,1,1,4,3,1011,7,10,95,1
8.86,148,376,1,5,1,2,1388,2,83,82,1
8.91,326,72,1,4,1,4,352,38,10,91,1
8.67,362,67,2,6,5,1,1861,30,24,70,1
9.48,168,286,3,6,4,4,176,98,35,83,1
9.48,463,470,1,1,4,4,864,62,44,74,1
8.32,132,325,4,4,5,3,166,99,51,84,1
7.72,398,219,0,4,1,2,424,47,34,81,1
8.57,404,459,1,5,1,4,851,95,24,82,1
9.27,313,46,1,5,0,1,2657,80,1,60,2
6.02,131,434,0,6,1,2,2461,73,49,81,2
9.97,196,57,4,6,5,2,1656,57,26,85,1
6.73,134,405,1,2,2,1,2725,44,49,79,3
7.88,34,23,1,5,1,1,755,86,35,69,2
9.49,419,289,4,6,1,1,1671,2,18,72,1
6.9,376,318,1,0,2,4,1258,76,25,80,2
7.91,398,443,4,7,2,2,2509,33,32,84,1
6.53,219,402,1,7,4,2,1535,52,3,75,2
7.58,385,23,0,7,5,0,2405,22,65,74,2
6.71,375,63,4,4,5,0,146,48,29,64,1
7.45,184,254,0,3,1,0,2954,91,72,83,3
7.49,4,147,0,5,2,4,184,30,65,86,2
9.97,70,115,1,5,0,4,1815,89,55,93,2
9.98,341,97,4,7,3,1,599,71,92,99,1
6.46,240,238,2,7,2,4,1000,20,9,60,1
8.9,350,282,0,2,3,2,2276,55,39,93,2
6.21,415,441,0,4,1,2,2989,10,71,100,2
6.12,455,299,0,6,0,3,1100,2,56,85,2
6.42,296,92,1,4,5,3,1236,6,48,71,2
9.86,425,64,1,2,0,4,1403,37,65,68,1
9.76,330,374,0,1,5,3,1926,67,92,92,2
6.78,192,173,1,4,4,4,632,54,18,99,2
6.65,494,483,1,7,5,1,1930,92,20,86,1
6.96,167,309,1,0,5,1,1738,8,71,66,2
8.06,338,375,3,4,4,3,1859,72,55,82,1
8.28,235,234,4,2,1,4,1190,66,60,87,1
6.89,293,166,1,3,2,3,847,80,23,92,2
9.03,297,236,3,2,0,2,1801,99,95,74,1
7.24,247,493,3,7,1,4,196,9,14,94,1
9.69,164,6,1,2,1,0,1638,44,5,84,2
8.63,311,309,3,7,5,2,1906,22,81,80,1
7.75,70,42,2,0,2,4,2299,17,42,64,2
9.16,230,275,3,1,0,3,414,61,76,92,1
9.27,54,339,4,7,5,3,318,55,68,83,1
7.16,472,152,3,6,5,3,545,4,43,90,1
7.36,181,42,1,0,0,4,2700,89,79,77,3
9.74,21,212,0,6,0,3,2167,80,19,90,2
6.66,282,200,2,0,4,4,2531,81,2,62,2
6.17,104,382,3,4,0,4,704,79,4,93,1
7.82,174,154,2,3,3,3,1021,67,40,83,1
9.2,293,219,4,2,5,1,588,82,73,100,1
9.09,367,152,3,0,2,1,2211,79,80,100,1
9.68,38,35,3,6,0,2,102,84,30,89,1
8.13,398,225,2,0,2,4,574,35,93,70,1
6.4,374,321,3,7,2,3,373,1,77,90,1
8.35,449,120,3,5,3,3,2705,28,77,85,1
9.11,444,8,0,1,0,3,1314,74,46,85,2
6.37,59,338,2,1,2,1,1469,24,92,97,2
6.69,391,334,1,5,5,0,2522,22,68,100,2
6.05,299,180,1,7,0,4,62,52,3,96,1
8.37,298,20,4,3,3,2,2662,63,95,85,1
9.55,389,433,0,7,4,2,95,77,26,79,1
8.68,211,271,2,2,4,2,2314,75,96,80,2
9.93,154,193,2,0,4,4,434,74,79,72,1
6.25,172,25,0,4,4,4,1927,3,70,77,2
9.61,22,427,0,5,1,2,938,73,76,99,2
9.26,239,284,4,1,2,2,313,12,86,85,1
7.26,487,480,1,0,1,3,673,28,70,61,1
9.89,208,97,2,4,0,0,239,20,37,76,1
7.15,121,429,0,0,5,1,746,97,79,85,2
9.56,252,218,2,3,4,4,2787,7,86,97,2
9.52,140,326,1,7,0,0,951,97,99,90,1
9.03,451,432,2,7,3,2,2825,7,83,80,1
8.25,339,398,2,5,2,2,173,92,22,100,1
6.48,361,272,0,3,3,2,806,83,47,92,2
8.13,319,392,0,4,2,2,1171,38,77,71,2
7.43,152,460,0,1,3,3,2528,80,35,65,3
9.17,380,287,1,5,3,4,2402,38,45,82,2
9.03,213,65,3,3,5,2,318,91,3,74,1
9.64,307,314,1,1,2,2,2795,52,62,84,2
6.06,47,415,0,4,0,4,909,69,33,97,2
9.24,316,110,4,5,3,1,2851,36,81,90,1
9.75,16,211,2,6,2,3,809,94,84,66,1
9.16,295,170,2,4,2,3,1591,70,28,88,1
6.52,330,338,2,0,3,0,719,44,86,91,2
6.33,344,365,2,7,0,3,2447,31,53,86,2
6.08,68,474,4,4,4,0,356,30,80,67,1
8.51,84,483,0,0,5,1,96,0,61,64,2
8.52,281,58,3,1,1,4,2190,1,18,67,2
9.95,207,29,2,6,4,2,540,53,83,91,1
7.59,439,266,3,5,3,0,1723,30,28,65,1
7.33,39,463,1,6,3,3,2034,13,60,87,2
8.5,468,374,1,0,5,2,2659,23,86,78,2
9.3,495,153,2,5,2,1,1958,12,26,91,1
9.75,95,349,0,1,5,4,1506,83,17,76,2
9.21,451,1,4,3,0,0,2185,74,91,83,1
7.71,485,417,2,1,5,3,1904,2,8,70,2
8.54,249,168,1,6,5,2,276,72,88,71,1
9.43,372,213,1,2,0,2,1314,33,82,84,1
7.96,135,250,3,0,3,2,743,9,90,98,1
6.87,72,30,4,7,0,4,2117,78,16,67,1
6.68,300,318,2,3,1,0,156,69,68,86,1
6.0,272,182,0,1,5,4,2229,10,68,67,3
8.87,168,372,3,4,0,3,2724,98,28,85,2
6.44,332,188,4,6,0,0,1694,28,33,95,1
6.98,392,212,3,7,5,1,1263,29,39,80,1
7.19,197,126,0,0,2,1,1051,78,85,77,2
8.24,346,291,1,1,3,4,2026,1,29,76,2
7.59,105,295,2,3,0,4,1788,86,27,83,2
8.7,100,22,2,5,3,4,1675,12,43,82,1
6.22,358,409,0,6,0,1,1937,89,31,74,2
6.5,234,17,2,6,0,1,2682,36,36,99,2
8.0,279,78,2,4,0,0,2738,20,48,72,2
7.35,328,33,3,5,2,0,620,20,93,84,1
7.18,376,469,0,0,0,4,2080,41,97,99,2
6.27,105,411,3,6,4,2,2221,68,61,64,2
9.58,394,106,2,3,1,0,1554,61,31,98,1
8.77,34,304,4,6,5,1,2454,70,59,64,1
6.49,156,447,4,4,5,3,28,87,36,73,1
6.26,391,198,3,5,0,2,2324,58,7,60,2
9.9,272,190,1,2,5,1,1440,78,88,94,1
8.72,454,231,1,4,4,2,2357,67,43,76,2
7.67,395,61,0,5,3,3,1451,22,97,84,2
8.81,239,41,4,0,2,4,2898,47,18,79,2
9.03,206,23,4,2,3,2,1124,88,23,92,1
9.12,244,162,3,1,2,3,765,14,94,76,1
7.91,92,460,2,2,3,3,87,44,21,91,1
7.72,108,182,0,2,3,2,2146,12,66,86,2
6.04,305,432,3,2,1,2,1488,1,64,90,2
9.71,113,332,1,6,1,2,1009,56,73,76,1
8.41,23,94,2,6,1,2,1066,8,69,82,1
6.81,292,442,0,4,3,4,2637,22,41,68,2
9.68,461,82,2,7,5,1,2527,12,46,64,1
9.66,251,92,1,7,2,0,2030,36,60,97,1
9.96,266,277,3,2,1,4,2544,68,70,92,1
9.5,354,104,3,2,2,2,1818,16,72,62,1
9.99,208,84,4,6,2,3,216,82,32,86,1
6.98,442,60,3,1,0,4,988,21,55,81,1
9.37,54,207,4,2,4,0,1983,31,85,80,1
9.29,26,157,3,5,3,0,481,58,76,72,1
6.92,491,68,0,4,4,4,1624,21,49,89,2
6.39,322,488,1,3,3,3,1138,14,38,88,2
9.92,443,443,2,6,2,3,323,100,93,72,1
7.18,1,488,1,3,4,3,1981,15,40,78,2
9.48,67,261,1,4,0,1,2606,32,42,84,2
6.02,401,340,4,7,4,3,2943,34,49,100,1
6.08,147,233,4,4,5,0,1070,80,30,97,1
7.86,468,369,0,2,4,2,639,28,25,72,1
6.95,318,138,2,4,0,2,501,74,97,84,1
8.76,461,279,3,2,0,0,1096,80,60,93,1
8.26,327,475,3,7,1,3,1516,91,48,98,1
6.31,129,334,1,0,5,2,910,86,79,87,2
6.65,473,230,0,1,3,0,1922,18,80,66,2
7.55,82,365,2,1,2,3,1535,1,1,80,2
6.74,41,359,3,1,4,1,2182,24,89,84,2
9.17,155,50,1,6,4,2,2109,86,5,62,2
7.66,156,238,0,0,2,3,1700,21,18,98,2
6.37,452,18,2,1,0,3,1476,52,19,74,2
7.94,106,177,1,2,0,2,1916,4,72,95,2
6.36,283,208,1,5,4,3,2292,82,65,76,2
6.52,187,386,0,3,4,4,1808,61,100,79,2
6.96,104,130,0,7,2,4,2368,13,29,60,2
9.44,111,230,0,7,2,1,632,91,32,80,1
9.7,473,383,0,1,5,0,776,7,25,72,1
9.31,132,91,2,6,3,4,1888,81,61,60,1
7.34,270,30,0,1,0,4,1443,34,47,60,2
7.09,109,361,0,2,1,1,2072,66,99,86,2
8.2,72,248,0,5,5,4,621,15,14,69,2
8.89,415,123,2,2,1,4,615,60,97,81,1
9.97,435,368,3,1,5,2,1186,69,14,62,1
6.53,345,430,1,4,2,1,2437,36,76,88,2
6.2,292,135,4,0,3,3,1829,88,57,79,2
8.78,142,272,1,6,4,3,81,60,88,77,1
9.33,424,354,2,7,2,0,1428,64,93,72,1
9.39,259,99,0,3,2,0,2704,54,54,73,2
8.71,244,218,2,3,5,4,875,30,79,60,1
9.82,436,103,3,6,2,4,599,96,63,91,1
8.04,483,300,4,0,1,3,1649,11,38,75,1
9.66,339,96,3,6,2,1,1092,62,41,80,1
9.87,154,315,0,1,3,2,2416,21,2,86,2
9.39,148,369,2,1,1,0,940,3,74,81,1
7.24,59,202,2,1,3,4,727,92,30,70,2
6.78,85,20,0,1,5,0,2847,95,6,69,3
8.19,191,197,0,1,1,3,2885,21,21,79,3
7.81,326,111,4,5,5,1,2779,58,41,97,1
9.51,430,148,3,7,3,3,221,71,59,92,1
6.4,181,380,0,3,0,2,1229,79,13,88,2
7.03,286,242,0,1,0,1,1517,98,52,98,2
9.01,272,441,3,2,1,2,483,44,70,65,1
6.38,254,182,0,4,0,2,2621,58,28,72,2
7.28,433,283,4,1,4,1,2441,9,77,93,2
7.55,6,336,4,5,5,2,2866,19,18,71,2
8.49,125,337,3,2,3,0,658,34,70,80,1
6.63,82,458,1,3,1,4,1533,50,21,65,2
9.44,27,301,4,2,5,1,15,10,26,67,1
7.79,265,299,2,0,0,3,2328,85,43,86,2
9.67,282,88,2,0,1,3,863,74,75,77,1
7.87,396,221,1,2,4,4,757,73,32,92,1
7.1,449,499,4,1,1,3,1199,55,72,81,1
6.57,469,247,0,7,1,4,1737,77,13,65,2
6.01,250,408,1,1,5,0,635,16,17,98,2
8.13,467,454,0,5,2,3,2512,60,81,76,2
6.43,187,176,2,1,2,3,2528,51,49,66,2
7.57,382,484,1,5,2,0,1303,80,72,61,1
8.36,298,117,4,7,2,3,1527,55,70,74,1
7.1,68,173,2,2,3,3,1684,61,96,100,2
6.7,318,218,4,0,4,0,557,100,41,99,1
9.1,325,375,0,0,1,0,119,50,32,90,1
9.79,98,217,4,3,5,0,292,39,10,69,1
6.4,192,318,1,6,4,3,1929,72,64,62,2
6.62,226,76,0,7,1,4,2318,28,74,60,2
9.84,450,87,1,5,5,4,1451,48,89,99,1
6.15,181,395,0,7,2,1,2381,26,70,77,2
9.91,419,77,1,6,3,1,445,47,33,100,1
6.02,326,440,2,0,1,3,2385,53,7,65,2
9.49,92,200,1,7,1,3,918,43,63,99,1
7.23,142,63,2,0,0,4,2693,52,92,83,2
9.75,202,414,3,4,3,2,612,91,98,69,1
7.27,401,3,4,0,3,1,827,58,71,96,1
8.62,491,437,0,2,3,4,1824,85,34,67,2
6.32,131,82,4,5,4,3,989,12,45,84,1
6.97,471,192,2,1,2,1,1228,15,18,62,1
9.09,266,476,2,2,0,1,1571,43,62,82,1
8.11,133,492,2,5,4,1,2308,59,90,84,2
9.71,377,5,1,1,5,3,2517,67,39,98,2
7.72,178,192,4,1,2,4,338,6,41,68,1
9.48,185,216,2,3,1,2,1327,77,43,66,1
7.8,443,346,3,5,0,3,1127,4,45,91,1
9.92,17,21,2,7,4,1,73,6,83,81,1
9.84,462,144,4,0,0,0,1102,73,40,67,1
7.32,322,442,2,3,2,4,1526,17,14,75,2
9.54,400,284,2,1,5,3,2492,66,16,84,2
9.39,96,450,0,6,5,1,1898,12,51,81,2
6.84,33,144,2,4,4,2,1587,76,67,86,2
8.5,413,1,4,4,5,1,1112,48,1,73,1
6.29,402,287,0,7,4,1,909,27,6,74,1
9.35,392,405,0,6,0,3,1187,15,18,95,1
6.7,423,358,2,5,1,2,2320,82,53,72,2
6.28,299,224,2,3,1,0,2116,23,75,83,2
7.6,350,441,3,3,1,3,2383,52,77,63,2
8.31,186,436,4,0,2,4,1055,40,4,80,1
9.42,346,213,4,3,0,2,2177,16,25,86,1
9.9,110,430,1,6,5,0,318,58,88,90,1
7.76,408,387,1,3,2,0,1793,90,73,78,2
6.24,246,165,4,7,2,2,1185,17,19,77,1
9.0,70,372,2,2,5,4,2730,7,11,65,2
8.26,308,140,0,3,1,1,2241,33,70,69,2
7.79,431,316,3,5,1,3,421,63,23,67,1
7.24,326,470,2,3,1,4,2612,88,0,79,2
8.01,211,63,0,5,5,0,35,47,22,63,1
7.35,308,332,4,6,0,4,2120,69,8,63,1
9.03,107,211,2,5,0,1,687,89,11,70,1
8.18,176,288,3,2,5,4,1379,40,67,67,1
9.51,426,97,1,1,1,4,2419,17,3,78,2
8.17,227,165,0,5,2,0,2178,72,54,92,2
6.95,18,125,2,6,0,4,2476,28,58,80,2
9.4,321,156,3,6,4,3,941,98,56,76,1
8.23,417,249,2,1,2,2,332,35,60,97,1
6.83,247,60,4,2,5,0,186,26,5,80,1
8.49,208,31,0,0,2,2,920,63,43,70,2
7.43,215,394,4,3,3,4,278,6,60,84,1
9.38,200,273,4,5,0,1,1577,49,64,60,1
7.81,437,300,1,0,4,0,1541,25,78,82,2
8.91,256,20,4,4,0,4,644,7,71,62,1
6.38,105,11,3,0,2,4,722,36,76,77,2
7.58,475,243,0,6,5,1,2158,17,81,71,2
9.93,310,102,1,3,0,4,2017,43,22,65,2
9.23,270,275,2,1,2,3,2070,28,53,78,2
6.64,382,6,4,3,4,1,2886,52,24,67,2
7.11,468,346,2,5,2,0,486,89,57,71,1
7.32,270,454,1,3,5,0,2926,28,49,82,2
8.6,120,129,2,3,1,2,372,36,92,67,1
9.03,406,298,3,0,5,3,1803,85,74,63,1
9.0,244,96,1,6,2,3,1198,15,89,97,1
8.04,65,276,0,1,1,0,2729,2,49,65,3
9.24,429,284,0,1,4,4,2183,100,72,86,2
7.75,227,287,0,5,4,3,280,22,53,81,1
6.5,369,172,0,0,2,3,1160,55,14,80,2
8.26,136,331,1,0,1,4,268,11,49,68,2
9.81,193,204,1,0,2,1,394,32,80,63,1
9.17,193,102,1,4,4,4,395,34,52,88,1
8.31,145,491,4,4,1,2,1940,40,32,74,1
8.59,144,112,1,3,3,2,278,13,18,88,1
9.72,488,442,1,5,3,0,2070,48,48,92,1
7.71,71,359,1,7,4,1,1833,87,51,68,2
7.33,353,130,0,4,5,3,2104,49,60,73,2
9.91,417,38,3,6,1,0,2883,25,100,96,1
9.45,452,306,0,0,2,0,1148,73,37,82,2
7.29,191,371,3,0,5,3,35,43,87,88,1
7.86,43,7,3,0,5,3,1296,68,90,86,2
7.66,156,365,3,1,4,4,658,22,92,65,1
6.6,445,45,0,5,4,2,2445,17,20,62,2
9.83,475,193,4,6,0,3,22,10,91,98,1
7.62,15,5,2,1,5,4,2057,71,94,66,2
9.5,77,367,4,4,5,2,879,96,96,85,1
6.76,51,57,0,6,2,1,1417,62,51,70,2
8.19,1,168,3,2,2,1,1042,5,23,78,1
6.1,231,121,2,2,3,1,237,44,38,78,1
9.06,60,248,4,0,0,3,704,14,82,73,1
8.32,131,500,1,1,5,2,1318,66,28,64,2
8.5,381,206,4,7,2,2,1889,12,9,79,1
6.21,51,114,0,5,5,1,1720,16,16,68,2
6.84,296,238,2,3,2,0,620,89,32,70,1
6.3,179,53,1,4,3,2,2743,74,42,92,2
7.16,30,75,2,1,0,2,2128,98,83,72,2
8.51,409,168,2,0,0,4,2436,69,4,100,2
8.26,154,47,4,0,1,1,970,51,45,63,1
8.45,120,223,3,2,5,0,32,91,0,95,1
8.2,50,69,4,5,4,4,2272,30,99,87,1
7.09,481,499,1,6,1,0,1748,34,35,83,1
6.98,94,154,0,5,0,0,786,19,61,60,2
6.55,175,46,4,0,5,0,1987,18,20,78,2
9.4,10,460,3,6,3,3,710,12,20,81,1
8.47,391,372,3,0,1,2,2697,3,14,75,2
6.75,11,278,4,3,3,2,282,5,49,81,1
6.71,354,201,1,4,0,4,1642,43,52,97,2
9.49,44,141,3,7,5,0,1968,73,69,83,1
8.97,289,316,3,3,3,0,2323,54,27,82,1
8.64,204,450,1,6,1,2,838,68,16,87,1
7.63,218,125,1,2,0,0,130,54,67,94,1
7.05,327,331,1,1,0,0,1820,43,41,63,2
9.92,430,152,1,5,1,0,2160,55,57,62,1
9.19,255,64,4,2,5,1,1230,94,37,100,1
7.21,247,95,4,5,4,1,2756,60,63,91,2
9.39,20,407,2,0,1,1,1973,98,79,76,2
9.04,40,180,2,4,1,4,2858,94,45,77,2
7.19,458,495,2,0,5,0,2834,41,62,69,2
7.71,277,361,3,4,2,1,2173,29,43,90,1
6.74,276,456,1,4,0,1,263,55,39,95,1
6.44,411,177,4,7,2,3,356,78,10,65,1
8.89,194,128,4,4,2,4,821,11,23,65,1
7.07,70,489,1,1,2,1,508,37,92,84,2
9.28,269,38,2,2,3,1,1231,19,93,75,1
9.98,334,457,3,6,1,1,2554,16,13,73,1
6.31,72,299,4,5,2,3,2501,6,85,62,2
7.89,307,490,0,5,3,3,214,7,87,82,1
9.21,426,360,3,1,3,4,1677,28,64,61,1
9.16,198,349,3,6,0,0,1350,19,82,60,1
9.04,75,132,2,1,1,0,301,31,95,74,1
7.4,274,378,1,1,5,4,874,43,13,72,2
7.82,282,451,0,3,4,0,1378,73,4,74,2
8.38,145,499,2,3,1,2,1282,76,70,61,1
9.9,12,379,1,3,3,0,2441,17,83,80,2
7.31,362,108,0,6,1,3,404,25,55,84,1
9.69,128,71,4,1,0,3,842,55,80,64,1
7.08,229,207,0,0,1,1,1877,60,67,86,2
9.96,84,64,2,6,3,3,765,35,68,77,1
8.68,161,240,0,3,3,2,188,11,66,87,1
7.85,396,78,0,3,2,2,2699,57,48,90,2
8.45,364,87,0,6,3,2,360,72,92,90,1
7.09,370,398,4,6,0,1,2325,66,57,81,1
7.1,488,177,1,1,3,0,722,18,37,87,1
6.45,50,261,0,2,1,1,2754,38,47,76,3
6.46,214,65,3,0,5,3,2532,57,29,78,2
7.39,0,324,2,4,5,2,2781,87,21,64,2
9.05,470,370,3,6,5,1,1394,90,41,75,1
8.43,376,422,1,4,4,1,1686,9,61,90,1
6.41,411,104,2,5,3,2,1730,75,73,77,1
9.41,122,97,1,6,5,4,1223,17,23,60,1
8.41,287,486,2,0,0,2,932,100,10,95,1
9.84,199,95,3,7,0,4,2853,46,84,74,1
8.68,182,412,3,1,5,2,1170,50,6,63,1
6.7,409,476,4,6,0,0,1179,38,96,94,1
7.9,397,471,1,2,5,4,2782,64,21,82,2
8.59,215,45,3,2,0,4,74,35,85,90,1
6.11,239,377,2,7,1,1,1769,86,30,100,2
6.06,348,30,0,4,2,4,1119,68,58,70,2
6.52,67,407,0,2,4,3,2384,75,39,86,3
7.01,318,374,0,4,5,1,1299,79,2,97,2
7.72,81,381,4,5,2,1,1338,4,88,64,1
7.95,141,398,3,3,2,0,1521,79,41,80,1
6.55,410,203,1,7,2,1,1697,2,91,72,1
8.69,40,147,1,5,1,1,1853,39,16,71,2
8.38,238,131,4,1,4,3,2157,50,71,77,1
7.18,2,185,2,2,3,1,1540,16,3,84,2
6.05,93,460,3,1,3,4,281,10,83,68,1
6.31,58,188,3,3,5,0,57,45,7,80,1
7.57,227,488,2,0,4,3,2373,98,23,73,2
6.62,406,126,2,0,4,2,91,62,40,74,1
7.51,17,363,3,0,0,2,4,35,55,95,1
8.51,493,393,3,4,2,2,533,18,89,69,1
8.19,238,296,0,4,0,3,415,75,27,97,1
6.92,359,308,1,0,1,2,636,40,33,63,2
7.38,73,86,0,3,1,4,1233,1,71,75,2
8.46,375,454,0,5,4,2,263,26,100,98,1
9.44,331,120,1,7,1,2,745,27,3,92,1
9.01,500,331,4,6,4,0,1627,93,17,97,1
8.21,168,303,4,4,3,2,1649,60,33,70,1
7.45,263,398,4,5,2,2,2163,36,27,65,1
7.46,159,134,4,5,1,1,2445,73,37,87,1
9.52,336,327,2,0,0,4,311,34,68,69,1
6.16,168,198,0,1,1,3,607,18,28,91,2
9.95,428,170,2,0,5,0,1732,58,35,69,1
8.66,205,259,2,6,2,3,1545,52,42,75,1
8.72,356,123,1,0,1,2,2874,81,5,66,2
6.15,8,241,4,6,4,1,2987,100,93,89,2
8.42,345,434,3,1,1,2,109,66,51,92,1
7.94,303,70,4,7,3,2,2334,17,94,63,1
6.42,114,381,0,5,3,0,2520,84,38,64,3
7.11,151,58,2,7,1,0,368,77,13,78,1
9.56,86,108,0,4,0,3,1130,34,44,70,2
8.2,94,40,2,5,1,2,61,49,89,95,1
7.65,230,444,2,1,4,3,2115,39,89,93,2
6.29,427,285,2,6,4,2,373,56,44,70,1
8.86,185,378,3,4,4,0,2295,41,9,98,1
8.81,449,145,4,3,0,1,423,85,6,74,1
8.46,113,285,2,4,3,3,2973,34,15,64,2
8.04,273,390,1,6,4,3,2316,72,13,66,2
7.74,463,51,2,6,4,4,338,79,25,70,1
8.37,28,175,4,2,1,4,1477,82,41,90,1
6.93,202,278,4,4,3,1,613,66,64,80,1
9.77,1,379,3,2,4,4,2812,93,50,78,2
8.36,77,164,2,4,4,1,2463,59,93,72,2
7.24,323,326,1,6,1,2,2828,23,62,89,2
7.8,230,485,3,1,1,4,2736,0,86,81,2
9.22,97,476,3,7,2,4,2032,49,1,99,1
6.65,116,481,2,4,1,3,2582,73,3,74,2
7.17,109,251,2,7,1,1,517,94,89,77,1
8.72,166,102,3,0,2,3,2808,54,61,94,2
7.26,456,52,3,4,4,4,2803,55,42,77,2
9.17,487,254,3,1,5,2,2132,21,45,66,1
6.52,296,360,0,1,1,0,2043,86,13,90,2
9.05,454,172,3,4,0,1,336,21,77,62,1
6.27,370,250,4,6,2,1,1228,64,42,94,1
6.05,336,176,1,4,5,2,2519,68,0,67,2
9.59,377,48,1,4,5,2,64,25,27,88,1
8.33,86,110,2,5,2,1,2302,60,83,97,2
7.41,492,209,3,5,5,1,1433,80,18,74,1
6.93,458,247,1,3,4,2,1661,97,66,61,2
8.47,21,174,1,7,5,2,384,52,96,65,1
8.04,209,106,4,6,5,2,2146,94,61,72,1
9.97,304,152,4,7,1,4,125,33,99,74,1
9.93,411,346,0,7,0,1,2152,77,77,75,1
8.54,271,154,0,7,4,1,2580,11,7,82,2
7.77,489,139,1,2,1,2,2691,99,83,98,2
7.96,323,150,2,4,4,3,448,78,59,98,1
8.73,445,272,1,4,5,0,903,2,55,81,1
6.41,419,43,2,2,2,1,259,72,57,77,1
7.31,277,70,1,0,2,4,1963,9,43,63,2
6.3,138,124,4,3,1,0,2284,68,48,95,2
6.29,340,151,3,3,4,3,1837,1,85,79,2
6.78,376,454,1,7,5,4,162,89,89,73,1
7.94,231,348,0,7,1,2,2261,69,98,79,2
9.14,232,315,2,0,5,3,2476,5,47,70,2
7.94,79,308,2,2,3,2,768,68,77,60,1
7.34,425,219,1,6,1,4,426,45,22,65,1
6.33,54,214,2,2,5,4,1476,91,49,75,2
8.2,456,329,0,1,3,2,140,82,50,95,1
7.09,290,143,4,2,2,0,2611,23,68,83,2
8.46,440,106,3,5,0,1,2133,36,0,70,1
9.91,33,495,3,6,2,1,2159,89,89,61,1
6.45,328,353,2,3,0,4,1159,78,14,83,1
6.85,332,280,1,6,4,3,115,15,50,63,1
7.89,453,321,2,5,0,2,2238,51,75,61,1
9.87,387,305,0,7,4,3,1467,94,84,99,1
9.09,251,324,1,1,3,2,40,49,100,68,1
9.59,429,333,4,4,4,3,110,28,16,99,1
7.33,475,478,0,4,1,2,537,54,72,78,1
9.97,124,423,4,4,1,4,633,85,0,98,1
6.41,10,389,1,7,5,0,1798,54,94,77,2
6.21,481,63,4,7,1,1,2779,38,80,68,1
9.42,316,283,0,1,2,3,1984,56,83,88,2
9.71,121,264,0,3,5,1,556,18,52,76,1
6.36,34,5,2,2,1,3,2049,5,3,99,2
6.45,68,500,1,1,4,4,1617,49,24,64,2
6.13,312,400,3,6,4,4,901,34,97,98,1
6.42,486,167,3,3,4,3,1452,42,6,86,1
6.84,138,354,4,6,1,3,1338,55,62,74,1
9.88,11,459,3,7,5,3,914,35,90,84,1
8.67,124,172,3,7,3,4,1187,14,1,80,1
9.11,298,337,0,2,3,0,1700,36,44,99,2
9.1,146,118,0,0,2,0,2,53,4,86,1
8.14,76,426,0,3,4,3,2834,80,67,82,3
9.19,67,225,3,5,4,2,2027,7,66,77,1
8.38,205,173,4,5,2,0,1302,12,24,73,1
7.26,235,446,1,0,4,4,823,79,48,72,2
8.24,58,128,2,6,0,4,943,68,25,100,1
8.13,257,186,4,4,5,4,2712,63,90,80,1
9.29,253,62,0,6,2,1,2080,50,43,85,2
9.93,391,462,4,4,4,1,1122,23,32,100,1
7.64,405,380,1,3,2,4,229,89,60,93,1
9.05,242,273,0,5,0,0,2955,82,8,66,2
6.4,460,85,1,0,0,1,778,66,34,61,2
9.11,276,209,2,1,5,2,2519,7,7,73,2
7.49,468,496,4,2,1,3,371,25,12,67,1
6.16,219,192,2,4,4,1,102,45,67,87,1
7.45,224,237,3,4,5,1,202,94,40,69,1
8.44,412,19,4,4,0,0,2567,92,4,93,1
6.48,100,439,3,4,0,0,816,94,13,78,1
9.7,341,181,1,5,5,2,2293,82,75,88,1
6.31,121,47,3,3,0,2,589,46,19,75,1
9.72,217,227,1,5,1,2,2763,19,4,92,2
8.83,74,53,2,3,4,2,2184,44,88,65,2
7.32,330,101,0,0,2,1,471,85,12,71,2
7.56,236,88,2,7,1,2,1124,28,22,86,1
8.96,481,143,3,1,4,2,2055,44,41,60,1
8.41,338,147,1,0,0,4,778,10,44,78,1
8.69,239,229,3,5,1,1,396,0,36,83,1
7.56,164,302,0,5,3,1,479,8,62,85,1
7.95,333,249,4,1,3,1,933,81,55,66,1
9.96,156,224,4,3,0,3,154,0,30,66,1
6.86,210,390,4,4,4,2,5,68,37,82,1
7.67,420,406,3,0,4,2,1711,54,90,97,1
7.17,276,458,4,1,1,2,775,75,73,67,1
9.06,215,160,1,2,3,0,1316,91,45,100,2
9.06,217,167,0,1,4,0,1447,23,59,65,2
7.17,232,109,2,7,1,0,254,100,65,100,1
6.33,375,260,1,7,1,3,2404,29,83,60,2
6.05,11,172,0,0,3,2,2802,82,27,60,3
7.71,431,366,2,6,0,1,1089,38,78,84,1
7.64,82,296,4,3,1,1,2050,39,34,72,2
9.95,430,391,2,4,0,4,579,58,55,84,1
7.88,112,242,3,2,3,0,103,52,0,96,1
7.03,477,208,3,6,1,3,1294,84,87,75,1
9.56,270,242,4,0,2,4,2043,22,28,74,1
7.96,194,253,4,3,3,3,2297,2,42,94,1
8.4,368,81,1,1,3,1,345,72,54,98,1
6.38,140,433,1,3,2,2,2021,13,89,70,2
7.53,442,474,3,3,3,1,2255,30,82,81,1
9.78,456,30,0,7,2,1,1520,5,33,78,1
8.36,123,3,1,4,2,0,553,0,19,96,1
7.38,140,193,0,0,3,1,1736,74,64,63,2
8.5,207,55,3,5,2,3,250,54,79,84,1
9.64,114,260,1,7,2,2,2358,84,40,99,2
7.1,205,80,0,3,3,0,1661,17,76,65,2
8.02,455,53,0,1,2,4,2154,87,87,86,2
9.83,402,379,1,6,0,1,1426,69,87,61,1
6.69,440,486,4,6,3,0,2578,33,24,70,1
8.88,287,95,2,1,3,0,2195,71,98,97,2
8.46,354,348,4,7,0,0,677,16,30,69,1
8.72,342,335,2,4,4,3,2529,30,38,80,2
7.4,148,256,0,3,5,4,96,93,80,77,2
7.26,209,203,1,1,1,0,89,93,44,95,1
8.74,111,210,3,5,2,3,215,1,48,65,1
6.86,141,328,1,1,5,4,2763,28,62,75,3
7.68,463,495,4,4,2,2,2197,15,56,78,1
6.75,23,316,2,3,5,3,2219,68,77,90,2
6.03,48,125,1,4,1,0,2911,69,91,76,3
9.88,499,6,2,6,2,1,1379,81,21,71,1
7.73,287,413,4,3,5,3,799,76,7,79,1
9.88,330,124,4,1,2,2,1869,34,0,83,1
6.56,364,270,1,7,0,4,234,57,55,68,1
8.35,10,107,3,5,0,2,138,3,10,81,1
6.8,187,259,3,0,5,4,560,7,58,89,1
9.16,67,318,2,7,0,3,2885,32,28,66,2
9.13,444,69,1,1,0,4,2303,53,78,74,2
6.45,89,37,0,0,3,0,1856,74,72,60,3
9.65,109,174,4,3,2,3,1391,6,16,74,1
6.78,388,187,2,3,1,1,2865,24,26,77,2
8.45,163,226,4,2,2,2,1704,18,82,80,1
9.94,480,257,2,3,3,2,1100,57,98,60,1
9.53,447,196,1,6,3,3,749,59,66,70,1
9.83,205,7,2,3,2,1,444,66,41,75,1
7.37,31,50,2,2,5,3,1833,35,53,93,2
6.42,326,372,0,0,2,0,1498,64,39,75,2
6.75,73,221,2,3,0,0,2863,58,82,70,2
8.0,250,367,3,4,3,1,171,98,86,68,1
9.17,449,18,2,7,2,3,1856,10,62,63,1
6.6,393,349,2,7,1,1,2016,45,70,61,1
8.64,354,246,1,3,1,1,2077,91,7,81,2
7.29,20,30,2,3,0,0,502,70,68,65,1
7.36,295,79,0,7,0,0,2206,77,92,88,2
8.65,297,357,1,7,2,1,541,84,56,71,1
7.87,327,21,4,1,1,1,2812,5,92,64,2
9.25,301,288,3,3,5,4,475,99,62,77,1
6.62,337,241,3,6,3,0,207,96,28,92,1
9.16,72,213,4,3,4,1,1508,6,34,61,1
6.26,373,199,2,4,1,4,348,60,52,82,1
6.78,40,164,0,2,3,1,1488,59,22,92,2
8.62,93,139,0,2,1,4,1471,30,11,64,2
9.42,131,369,0,2,2,1,908,90,16,90,2
7.01,98,452,0,1,4,3,1945,22,58,73,3
7.31,397,319,2,3,4,0,1160,0,78,64,1
8.15,397,408,4,0,2,1,1792,40,82,81,1
6.85,52,437,4,0,2,2,2424,89,86,81,2
9.24,495,284,3,4,0,2,2545,35,18,87,1
9.09,228,12,4,1,3,4,352,56,53,68,1
6.58,127,500,0,5,5,0,2136,34,28,87,2
7.86,211,25,2,1,3,4,2437,49,80,62,2
9.1,284,21,1,3,0,0,1171,52,42,98,1
7.35,278,348,1,5,3,2,2129,66,4,100,2
8.53,494,75,0,0,4,2,1180,83,98,85,2
6.2,340,495,3,1,1,4,1304,51,37,73,2
8.43,158,365,1,4,4,3,2252,41,10,60,2
6.61,351,490,0,6,0,2,1823,20,21,69,2
9.32,232,91,2,0,3,0,967,29,65,90,1
7.42,70,328,1,6,3,1,1923,62,12,98,2
7.13,204,374,0,7,1,1,2252,37,25,76,2
9.36,188,265,1,1,5,1,474,41,36,96,1
6.2,150,47,2,3,1,2,744,93,50,63,2
7.59,7,498,4,7,1,3,1795,25,32,100,1
7.48,331,169,4,3,4,2,1967,5,55,63,1
7.14,99,345,2,6,0,0,1397,86,85,74,2
9.65,15,244,2,5,0,2,166,6,60,95,1
9.0,153,227,4,3,0,2,797,92,6,79,1
6.26,156,186,2,3,4,2,1256,19,27,100,2
8.86,92,436,2,0,2,2,2156,74,4,93,2
8.11,261,167,2,0,3,0,1837,5,57,71,2
9.6,36,202,4,1,4,2,433,83,32,67,1
7.25,160,445,4,4,0,3,2993,49,65,95,2
8.3,350,5,1,6,4,4,221,26,68,89,1
8.0,173,131,4,2,4,0,507,93,86,96,1
7.96,316,244,1,2,5,3,989,79,86,84,1
7.82,424,90,4,3,2,1,1754,47,36,73,1
6.82,17,310,3,1,5,1,2891,32,98,92,2
9.02,485,125,1,2,1,0,358,78,67,92,1
7.81,366,471,2,2,5,4,2586,95,5,77,2
9.83,350,452,3,2,5,2,746,84,43,87,1
7.04,15,241,4,2,0,0,615,98,69,65,1
8.73,359,248,4,6,4,2,124,53,91,93,1
9.76,434,386,3,6,1,2,1308,0,76,90,1
8.65,420,6,0,5,3,1,150,25,70,83,1
9.49,269,87,2,2,3,4,2432,99,37,83,2
9.31,358,85,1,5,3,2,924,90,95,75,1
7.44,67,395,3,5,4,0,460,80,62,64,1
8.4,29,354,1,1,4,1,2752,63,100,65,3
6.63,315,144,4,2,2,2,2796,59,85,100,2
8.14,308,450,0,2,0,1,1427,14,98,69,2
6.92,224,330,0,5,1,1,2735,21,39,82,2
8.97,163,197,1,1,5,0,1108,25,53,94,2
8.11,413,362,4,6,3,0,614,8,18,68,1
7.64,319,163,0,0,1,3,2900,32,23,97,3
7.08,13,144,2,0,2,2,466,59,96,93,2
9.99,278,341,4,0,3,1,2437,58,0,64,1
6.29,431,0,3,2,1,3,1352,10,52,77,1
6.17,155,491,3,1,0,0,555,18,83,60,1
6.87,121,119,3,0,0,4,1743,20,6,99,2
9.88,262,66,2,3,2,1,2938,41,46,97,2
9.92,169,463,4,3,1,4,2149,1,42,77,1
8.62,9,354,1,1,2,4,1678,10,1,100,2
9.52,451,461,1,7,2,1,540,50,37,87,1
6.86,171,48,4,2,2,3,1610,62,31,84,1
9.89,357,306,2,7,4,3,6,3,68,71,1
6.57,12,326,4,5,0,1,2798,7,39,75,2
6.4,212,473,1,0,4,2,1791,46,40,66,2
6.45,160,375,4,2,5,4,2580,8,1,84,2
8.29,231,426,3,5,4,3,1604,41,42,72,1
9.12,475,367,4,6,0,1,878,41,2,78,1
7.47,470,286,0,0,2,0,1987,0,77,84,2
9.91,159,23,4,4,1,0,1567,88,85,83,1
7.74,126,210,1,4,2,1,1492,4,70,94,2
6.6,47,292,1,2,2,2,2905,77,96,95,3
7.86,260,448,1,3,4,0,1932,97,35,99,2
8.72,60,472,3,2,1,2,560,72,14,63,1
9.33,121,62,1,0,0,1,745,61,81,100,2
7.84,89,55,0,2,3,1,2165,97,96,68,2
8.37,358,457,4,2,0,4,2844,16,71,73,2
7.07,254,17,2,7,1,1,2681,98,14,84,2
8.58,89,361,1,0,0,2,1737,34,94,73,2
9.94,2,448,4,3,4,3,713,63,27,69,1
6.2,279,412,3,4,1,0,39,89,51,82,1
9.55,116,76,4,5,3,0,982,33,69,70,1
8.25,97,259,1,0,3,4,2219,48,43,77,2
7.01,161,120,1,2,1,3,1009,69,35,80,2
9.82,339,395,1,1,0,2,2817,68,47,89,2
7.93,374,183,0,2,3,2,1742,11,8,85,2
7.33,477,47,4,5,5,4,1624,13,54,82,1
6.73,297,146,2,2,1,1,753,9,38,95,1
6.98,403,281,0,1,1,3,1481,29,54,75,2
9.33,296,363,2,5,1,0,146,74,67,89,1
8.46,81,293,1,2,2,3,1289,75,57,68,2
9.65,357,79,2,1,0,4,1273,39,38,70,1
6.93,147,235,2,6,1,1,1549,26,56,83,2
6.48,5,408,0,7,1,3,2859,64,80,67,3
6.02,377,439,0,2,2,1,1122,60,80,84,2
8.03,184,457,4,3,4,3,2436,91,18,68,2
9.99,425,228,2,5,2,0,555,52,15,61,1
8.78,251,283,0,4,1,2,1759,19,84,92,2
7.23,24,60,4,3,0,3,1183,23,95,96,1
9.51,40,219,2,0,2,2,1049,26,26,99,2
9.13,168,344,2,0,1,2,216,73,20,66,1
6.06,2,88,1,2,5,2,1100,90,76,67,2
9.27,363,434,0,6,0,4,1877,33,100,67,1
7.2,170,395,3,0,2,0,1986,22,16,81,2
6.6,429,263,0,6,3,2,1550,15,21,61,2
6.91,56,227,1,0,0,0,1908,49,36,63,2
7.87,82,377,4,6,5,3,713,23,19,78,1
7.7,329,102,0,2,1,0,1092,63,63,64,2
7.16,178,441,2,2,0,1,69,90,48,100,1
6.69,132,87,3,4,0,2,881,58,20,74,1
9.05,85,22,4,1,1,3,2573,36,44,66,2
9.96,456,292,0,2,3,2,1109,75,10,71,1
9.11,352,266,4,6,0,2,2318,97,17,98,1
7.18,270,16,2,4,1,3,1161,96,3,71,1
6.98,343,475,3,3,0,3,2906,56,99,84,2
6.87,93,439,2,0,4,4,746,97,39,66,2
6.55,381,436,3,6,3,4,300,10,49,99,1
8.21,355,450,4,6,5,4,539,96,58,68,1
8.42,249,385,0,1,4,0,1193,27,1,63,2
8.82,294,498,3,6,0,1,1374,74,68,73,1
8.72,197,284,2,7,3,1,2604,94,50,89,2
7.17,78,312,3,6,1,0,1440,93,100,66,1
7.32,165,161,4,6,4,4,582,21,97,68,1
8.73,38,77,4,5,3,1,1752,7,99,66,1
7.4,307,121,4,3,3,4,1577,57,70,93,1
6.85,213,480,0,7,0,3,2036,2,94,69,2
7.5,130,111,4,2,5,0,2062,18,93,61,2
7.09,500,238,0,3,4,4,1325,85,76,70,2
6.35,156,209,1,5,5,0,1178,66,96,68,2
9.32,476,348,3,4,1,2,1636,21,92,65,1
9.41,381,1,2,2,2,0,677,12,74,81,1
6.88,158,379,0,6,0,0,228,32,75,73,1
6.26,492,202,0,7,5,4,946,14,28,75,1
8.96,321,286,2,6,3,0,2333,68,54,78,1
6.85,226,116,3,2,4,2,980,10,90,65,1
7.57,44,368,4,1,2,3,1898,33,26,72,2
6.26,200,460,3,4,5,1,1400,93,12,91,1
6.91,21,299,0,0,3,3,1256,60,19,62,2
9.17,338,382,4,3,4,0,2167,66,67,88,1
9.22,241,345,1,5,4,2,2743,47,74,92,2
6.83,228,439,2,1,2,2,265,0,16,94,1
7.34,393,481,3,5,3,3,2975,92,39,93,2
6.54,237,437,4,1,2,4,2424,21,54,74,2
6.3,148,436,2,6,1,1,1493,93,13,87,2
9.97,272,113,3,7,0,0,658,52,13,72,1
8.62,66,73,0,7,0,0,948,41,92,71,1
8.17,6,459,0,2,1,3,2125,31,90,93,2
9.06,232,240,0,3,3,2,395,33,87,92,1
9.36,356,469,1,1,2,2,281,10,99,93,1
9.23,291,301,0,2,0,4,2714,7,2,80,2
6.07,255,53,0,2,1,1,1753,78,4,65,2
6.75,66,158,0,4,4,0,2677,13,52,89,3
8.62,249,466,4,2,5,3,589,37,76,99,1
7.5,76,108,2,0,5,4,2614,61,53,73,2
9.93,488,279,1,6,0,1,1496,28,4,86,1
8.66,413,152,3,7,0,0,669,72,97,64,1
9.83,86,162,1,4,1,1,1699,19,70,79,2
6.81,251,56,2,4,2,0,564,44,8,77,1
9.46,454,327,0,0,0,1,1140,63,33,72,1
7.29,221,324,0,0,2,1,2545,14,59,73,3
9.96,412,213,3,5,5,3,1660,74,27,91,1
6.63,71,27,1,6,1,4,908,97,57,62,2
8.07,201,203,1,1,4,2,1005,30,65,92,2
9.17,416,32,3,7,0,1,176,92,27,68,1
7.73,58,308,1,6,5,3,2035,24,44,91,2
7.87,275,121,1,5,2,2,2311,74,3,67,2
9.95,220,15,1,6,2,4,2759,1,87,79,2
7.7,156,153,3,1,5,4,85,40,65,83,1
8.42,180,395,3,7,5,1,2613,71,61,100,1
6.22,212,342,2,5,3,0,1361,1,61,99,2
9.37,128,496,1,7,2,4,2799,52,37,95,2
8.59,242,217,2,0,5,3,1604,65,58,77,2
7.62,417,104,4,1,5,1,2221,71,32,97,1
6.06,171,76,4,0,5,4,625,94,52,82,1
8.37,479,86,1,7,2,1,1992,32,23,64,1
6.05,364,30,0,0,1,0,274,87,96,76,2
6.0,269,99,4,5,2,4,1680,24,97,92,1
8.46,420,154,0,2,3,1,2655,0,80,76,2
6.76,162,291,2,1,4,3,560,89,45,82,2
6.77,442,314,1,4,3,4,2857,20,83,73,2
8.61,23,494,2,4,5,0,2879,86,83,67,2
6.21,496,105,2,1,4,2,2281,99,86,92,2
7.25,192,470,3,1,0,2,1562,51,43,64,2
6.6,365,229,1,1,4,1,970,59,62,66,2
8.32,389,2,3,1,4,4,591,47,68,60,1
8.65,496,221,2,7,5,4,671,66,93,67,1
8.88,451,120,0,2,5,0,1448,4,20,63,2
7.02,293,159,1,0,3,2,2609,92,37,83,2
6.36,128,270,1,7,1,3,2240,26,16,83,2
6.31,40,485,4,1,1,2,173,27,78,72,1
7.7,30,330,0,5,4,4,258,13,18,95,2
9.78,35,193,0,7,3,3,693,5,26,77,1
6.87,456,217,2,1,1,3,1743,13,60,87,2
7.03,360,190,2,0,1,0,55,18,17,95,1
6.4,252,251,2,0,3,1,152,0,86,73,1
8.42,437,225,4,0,4,1,2716,61,51,88,2
8.72,364,0,0,7,5,0,1798,28,43,63,1
8.57,214,458,3,5,0,4,2472,39,8,88,1
9.44,286,132,0,3,3,4,2512,6,82,74,2
7.95,255,89,3,4,5,1,1655,83,38,79,1
6.54,412,5,1,7,3,2,194,43,46,98,1
7.16,368,482,3,5,3,0,2314,73,36,92,1
8.65,468,243,1,1,4,2,2301,69,1,76,2
8.45,386,132,2,2,4,0,1027,12,94,86,1
8.12,185,115,0,2,5,0,1675,76,95,94,2
8.73,473,72,2,6,3,1,2671,71,80,97,1
8.55,60,155,0,0,1,1,2713,94,25,65,3
9.53,261,210,3,2,0,2,834,16,84,80,1
8.34,275,68,0,4,5,4,1161,21,82,97,2
9.11,110,470,3,7,2,3,2749,81,78,81,1
6.99,316,491,0,1,3,2,1235,4,60,60,2
8.71,429,299,1,7,3,0,241,8,67,91,1
9.61,140,143,3,6,4,3,2235,80,8,67,1
7.54,232,198,2,2,4,3,1630,69,53,97,2
9.12,22,205,2,4,2,3,2689,52,96,81,2
8.9,78,405,2,4,5,3,1000,68,57,72,1
6.24,493,200,2,3,4,3,1547,30,26,65,1
8.33,30,238,1,3,4,2,1744,45,2,98,2
6.52,3,406,1,2,5,1,1565,2,65,88,2
9.87,458,426,4,4,1,1,2039,17,64,80,1
9.25,117,67,4,0,0,0,2151,54,56,77,2
6.44,65,170,4,3,1,4,2214,18,3,62,2
6.49,399,409,4,4,3,2,4,61,51,85,1
8.38,370,296,0,3,1,3,252,13,82,64,1
7.38,286,69,3,1,5,1,472,82,64,72,1
6.14,175,286,2,6,2,0,2974,17,99,92,2
8.17,122,16,0,4,1,3,2547,60,14,60,2
7.55,230,136,1,4,4,0,2314,67,41,65,2
6.4,42,218,2,5,2,3,1260,39,64,86,2
9.21,491,310,3,1,2,3,1974,99,55,72,1
9.66,3,5,3,5,3,1,1652,60,85,62,1
9.03,189,197,1,3,3,1,1577,43,76,76,2
9.29,303,447,2,7,4,3,1208,37,75,73,1
6.87,411,131,4,1,0,1,1556,40,81,78,1
7.05,249,499,2,6,2,2,1798,2,1,68,2
6.83,143,362,2,2,4,3,1366,13,44,73,2
9.06,486,450,3,0,3,1,1790,19,62,99,1
9.79,344,343,1,3,3,0,2064,78,46,60,2
8.87,381,183,2,6,0,0,784,27,70,76,1
9.53,332,17,0,4,2,0,919,75,82,66,1
8.55,452,415,0,2,2,4,796,54,33,72,1
7.55,157,495,1,3,4,0,2963,35,0,90,2
7.7,64,212,4,6,0,0,618,66,58,78,1
6.3,324,47,2,6,1,2,1704,35,97,74,2
6.13,269,28,2,7,4,2,2645,68,81,88,2
8.78,74,415,3,0,2,4,387,38,46,82,1
7.75,417,152,2,4,4,2,904,13,4,82,1
8.21,439,331,4,1,4,1,1447,16,77,63,1
8.23,28,237,2,0,4,0,1244,7,28,75,2
7.11,465,318,2,5,4,1,1308,12,52,99,1
7.9,334,264,3,3,2,4,925,71,87,81,1
7.88,237,198,0,4,0,1,2836,55,10,91,2
7.55,152,13,0,3,0,1,2027,40,90,96,2
9.28,93,275,4,0,3,1,337,51,21,61,1
7.8,236,467,1,6,5,2,1102,50,44,100,1
8.41,321,9,1,4,3,0,2212,76,74,86,2
9.58,114,138,3,6,1,1,225,16,61,77,1
9.46,295,166,2,0,0,3,37,24,20,88,1
9.56,218,146,3,3,4,0,786,74,53,88,1
7.08,245,402,0,5,5,0,2505,60,35,67,2
6.14,496,244,4,4,3,3,1221,33,67,74,1
7.04,398,426,1,7,4,4,76,44,16,80,1
7.11,31,444,2,6,1,4,761,28,1,62,1
9.64,19,69,1,6,0,0,1986,11,19,81,2
8.6,52,327,0,6,2,2,2562,39,54,71,2
6.33,205,320,2,6,1,4,1813,40,10,62,2
6.54,218,406,0,7,2,4,2320,65,97,96,2
6.62,194,103,1,4,0,1,676,70,65,78,2
8.52,304,228,1,6,2,1,99,54,44,98,1
8.94,194,315,0,6,0,4,1108,50,51,79,1
9.44,460,137,2,4,4,2,2338,75,24,99,1
9.76,344,318,0,3,1,1,98,79,12,83,1
6.81,81,385,2,2,4,2,1556,30,16,70,2
7.24,0,35,3,5,0,0,1261,83,31,76,1
6.96,166,117,3,3,0,2,371,78,55,78,1
7.44,316,254,2,1,4,1,1175,13,46,97,2
9.66,182,312,0,7,5,3,2695,57,13,83,2
8.3,452,449,2,2,4,2,685,8,58,66,1
8.95,385,334,1,7,4,4,452,80,20,60,1
7.96,349,19,0,3,1,2,1072,82,32,61,2
6.12,272,297,2,1,1,2,2674,86,58,69,2
6.26,156,20,1,7,5,2,1355,45,15,79,2
8.15,372,477,4,7,0,4,2815,30,85,94,1
8.88,361,255,1,6,3,2,2373,33,10,66,2
6.86,387,247,2,0,4,3,2830,42,92,80,2
8.89,200,471,0,1,2,4,1771,18,89,90,2
9.24,191,449,0,5,2,3,946,35,20,76,1
7.65,340,165,3,4,5,3,1384,91,18,71,1
8.99,298,469,2,5,2,3,2953,0,38,67,2
7.62,75,348,1,2,5,4,44,63,14,91,1
8.71,139,254,1,3,4,1,1760,88,51,74,2
9.06,305,77,2,7,3,4,2265,14,30,70,1
9.97,195,452,1,6,5,2,1728,82,41,62,1
7.38,60,279,4,5,3,3,1080,84,61,97,1
7.64,475,281,3,3,5,2,978,33,58,90,1
6.66,456,385,0,4,5,3,1035,55,48,83,2
6.82,359,429,1,7,1,3,2405,36,30,82,2
8.77,306,364,4,2,3,2,2527,81,49,87,1
9.67,479,33,2,7,2,0,894,53,26,66,1
7.58,332,445,1,2,2,3,569,47,6,91,1
6.72,353,470,2,5,4,0,1759,5,72,89,2
7.14,82,424,4,4,1,4,105,10,77,66,1
7.82,333,98,4,2,5,3,2024,100,93,94,1
7.16,4,142,0,4,0,3,621,53,62,99,2
6.93,218,54,2,1,5,4,2903,23,0,69,2
8.94,411,2,3,5,1,2,550,4,16,62,1
6.03,253,331,0,6,0,2,2680,72,64,61,2
8.16,473,421,2,7,5,0,2055,29,60,97,1
9.18,393,434,2,4,1,4,2978,74,17,94,2
7.06,87,400,4,3,3,3,2690,75,44,97,2
8.41,208,485,4,0,1,0,2092,19,87,90,2
8.68,179,218,2,1,4,2,1218,64,44,78,2
8.62,207,210,4,5,0,3,2710,60,81,81,1
7.78,272,304,2,5,3,2,248,31,19,78,1
7.39,64,495,2,7,3,0,1634,15,57,80,2
9.34,379,148,0,5,1,2,37,40,91,86,1
9.03,20,231,0,3,3,2,1337,73,49,80,2
7.29,437,87,3,1,2,4,2699,8,37,75,2
6.41,366,407,0,3,2,0,573,84,12,88,2
6.29,176,210,1,6,2,3,2011,34,39,92,2
6.38,362,222,1,2,1,2,654,96,49,70,2
8.33,21,295,4,4,0,2,2632,52,64,69,2
6.21,324,147,1,3,1,1,1617,49,75,80,2
7.35,447,206,0,3,4,0,2125,60,32,76,2
9.01,35,359,3,6,3,0,1768,91,63,69,1
7.18,249,418,2,2,2,3,879,26,43,88,1
9.05,148,431,3,6,1,4,2639,18,36,65,1
8.98,439,226,0,0,1,3,1449,44,11,69,2
6.98,72,416,0,6,3,0,740,89,84,66,2
8.92,90,359,0,0,1,2,1230,9,65,70,2
8.99,175,183,4,4,2,4,2142,24,5,97,1
7.59,125,40,1,2,3,4,2750,59,63,99,2
6.84,203,181,0,6,0,0,1210,0,1,82,2
8.09,401,43,2,6,2,0,47,50,86,91,1
9.69,245,209,1,7,4,3,1151,91,98,84,1
8.56,98,336,1,1,4,1,2564,93,49,62,2
6.69,270,455,4,3,5,0,329,67,63,87,1
8.73,497,249,3,4,5,0,353,53,16,68,1
7.71,43,83,1,0,3,3,1594,34,68,63,2
8.37,221,138,1,1,2,0,1783,67,9,64,2
8.94,428,477,0,5,5,3,188,68,74,72,1
8.06,96,474,2,2,2,0,712,46,39,68,1
9.26,35,230,0,7,2,2,591,67,30,74,1
8.89,167,397,2,7,4,0,230,82,66,80,1
8.46,434,425,1,7,3,1,1949,27,86,79,1
6.6,500,462,2,5,4,4,321,86,30,63,1
9.34,29,11,0,3,5,3,2534,65,48,95,2
9.74,281,467,0,5,1,1,1396,91,96,86,1
6.55,84,272,3,7,5,3,78,10,22,72,1
7.95,356,487,4,5,0,1,1480,93,23,68,1
7.04,490,89,3,3,4,3,2567,85,63,71,2
9.02,120,461,1,0,3,3,1624,80,53,83,2
8.89,286,24,2,5,4,4,193,23,80,87,1
6.56,247,25,0,6,1,0,2794,99,71,66,2
9.51,183,430,0,0,1,3,2892,85,97,99,2
6.72,252,152,0,4,1,3,809,76,60,74,2
9.19,444,472,0,5,1,4,1834,89,14,76,1
7.83,272,59,1,7,0,3,419,52,79,68,1
7.31,208,59,4,7,2,3,1442,100,90,93,1
6.63,353,282,3,5,5,2,1929,82,90,97,1
6.67,381,170,3,7,1,2,817,88,16,99,1
8.65,23,75,0,3,0,2,2454,82,85,62,2
8.2,121,275,0,3,4,4,421,94,84,93,2
6.49,224,446,2,5,1,3,2364,16,4,65,2
6.45,387,207,0,5,4,4,12,89,37,71,1
6.29,392,408,3,6,4,4,2427,43,28,67,2
8.98,385,154,2,3,3,1,2340,44,69,86,1
8.85,418,179,2,3,0,0,2858,7,10,73,2
6.23,122,81,0,1,0,1,864,63,25,81,2
8.24,293,9,2,2,1,0,895,11,78,100,1
6.34,172,242,4,1,1,1,1922,63,99,65,2
9.61,142,177,0,5,1,3,2975,25,56,88,2
9.63,490,285,4,2,0,4,2836,15,71,65,1
8.79,425,256,0,1,4,1,886,59,32,99,1
9.7,386,309,4,4,4,1,645,41,99,63,1
9.25,414,3,0,2,1,3,2248,32,47,99,2
9.31,435,214,3,3,4,4,572,54,87,83,1
8.28,168,390,0,7,1,0,1632,16,71,78,2
7.22,56,29,3,2,5,1,2761,68,31,78,2
6.87,41,345,1,3,2,0,1146,3,23,91,2
7.31,308,64,1,4,4,2,1569,66,82,97,2
8.51,118,123,0,7,5,1,326,64,34,99,1
6.69,120,284,3,6,0,4,2656,71,56,80,2
7.03,311,152,3,5,5,2,1284,18,22,96,1
7.87,250,39,2,6,3,2,2220,25,95,82,2
6.93,342,25,2,2,5,1,2286,35,46,76,2
8.35,331,272,4,0,5,1,2396,51,88,90,2
9.69,455,158,2,3,5,2,675,0,16,97,1
8.99,436,188,0,2,0,1,1395,80,64,62,2
8.67,340,263,2,7,0,4,2594,99,40,94,1
8.33,340,68,2,1,3,4,2161,37,54,68,2
7.95,415,0,0,6,1,2,165,91,41,71,1
6.75,336,78,0,2,4,1,1505,13,38,68,2
9.58,181,227,4,3,0,2,2021,44,41,90,1
6.99,164,326,3,0,4,4,188,21,16,80,1
6.37,471,45,2,0,3,1,1233,35,43,99,2
9.0,263,107,1,7,5,4,1023,10,16,98,1
6.7,209,500,3,6,3,1,2675,81,27,95,2
7.49,10,474,0,1,4,3,1082,3,24,94,2
6.11,181,354,2,4,4,4,2649,51,17,81,2
6.55,443,123,4,0,3,0,304,41,38,65,1
6.69,250,474,1,5,1,1,72,95,94,74,1
6.22,137,147,3,4,4,3,2628,78,81,87,2
8.63,217,465,2,3,2,3,1670,94,75,70,1
9.35,238,423,0,2,5,3,2648,93,38,69,2
7.49,453,251,3,4,2,4,2772,13,48,98,2
9.5,370,1,1,5,4,0,1283,13,78,90,1
6.85,336,221,0,7,0,3,1897,46,97,79,2
7.3,86,188,1,7,3,2,1047,84,36,63,1
6.6,297,485,2,3,1,1,2131,80,13,71,2
8.48,292,477,3,3,2,1,1665,66,66,86,1
7.68,91,70,4,6,2,0,791,19,52,65,1
8.45,207,358,2,3,0,0,2049,98,7,95,2
9.05,203,332,2,7,4,4,2415,29,29,96,1
8.18,185,96,4,7,0,2,2053,53,100,81,1
8.51,84,231,4,5,1,1,2117,33,66,84,1
9.74,314,29,0,1,4,3,595,100,81,91,1
7.2,151,29,1,5,2,3,1836,5,68,72,2
7.44,155,214,2,1,2,1,909,95,0,72,2
8.87,292,172,0,4,3,2,2841,72,79,89,2
8.45,20,279,0,3,1,2,2636,96,85,88,2
6.71,160,467,2,4,2,3,2555,66,35,92,2
7.5,385,475,1,0,0,1,1262,90,100,90,2
7.87,484,439,4,4,2,3,285,95,56,90,1
7.68,338,210,2,2,0,4,1259,55,45,89,1
6.71,155,316,1,3,0,1,2423,100,43,73,2
9.7,142,496,4,7,5,2,2433,8,75,82,1
9.05,256,396,3,4,5,3,2850,87,100,95,2
7.93,106,124,2,1,5,0,1595,64,9,92,2
8.72,283,79,2,2,4,0,1249,80,98,87,1
9.59,49,183,1,4,4,4,449,79,7,99,1
6.54,34,14,0,4,2,0,1226,72,55,91,2
7.0,223,10,0,6,2,4,210,24,16,100,1
8.17,155,395,1,4,0,4,2741,15,55,85,2
9.2,392,341,2,7,4,2,322,47,74,63,1
6.15,407,88,2,5,2,2,2263,15,88,82,2
9.94,190,2,2,5,4,1,1283,26,52,73,1
7.82,387,23,3,5,1,3,2425,5,10,92,1
7.44,183,88,0,1,0,0,1241,4,84,64,2
7.17,236,8,3,4,5,3,525,35,25,69,1
6.7,296,475,2,5,4,3,522,45,55,68,1
9.17,322,45,0,0,2,4,1414,87,95,67,2
9.82,303,93,2,7,0,0,1477,38,80,72,1
7.65,341,70,2,0,3,2,1458,37,95,72,2
9.81,487,187,1,0,0,3,2471,41,73,61,2
9.3,57,138,0,4,1,4,939,87,82,81,2
7.92,38,9,2,2,0,2,341,81,5,93,1
8.7,240,2,4,6,5,4,379,68,72,96,1
7.74,24,18,4,6,5,3,1832,67,12,96,1
8.23,315,129,2,7,4,3,1249,34,78,71,1
6.23,495,400,1,1,4,3,317,21,91,64,1
8.79,116,220,2,0,2,0,527,68,64,92,1
6.21,341,129,4,0,2,0,906,98,72,81,1
9.27,369,436,0,5,0,3,513,44,61,87,1
9.3,239,399,1,2,5,0,2378,5,51,70,2
6.95,174,112,2,7,0,4,2028,76,49,96,2
7.29,481,137,4,0,5,4,28,67,78,82,1
7.93,444,451,0,1,0,1,1061,96,25,95,2
8.39,339,42,4,2,4,2,1883,100,24,70,1
7.15,227,217,1,3,4,4,1590,44,73,98,2
8.37,484,57,3,1,3,2,2679,97,31,82,2
7.19,486,112,2,1,3,1,395,72,36,72,1
6.22,252,187,0,4,3,1,725,78,97,82,2
6.01,410,121,1,3,2,2,293,48,46,73,1
6.4,379,407,1,3,4,3,2470,51,44,92,2
9.17,110,459,3,6,0,2,1273,83,60,76,1
9.85,240,84,3,2,0,4,970,49,70,74,1
7.71,223,105,2,0,3,2,1975,57,92,66,2
8.05,297,399,2,3,2,4,2604,14,54,97,2
6.59,51,355,1,2,2,4,1669,0,32,89,2
8.2,220,98,2,3,3,4,2303,73,100,87,2
6.58,488,8,2,5,0,3,1208,73,36,81,1
8.44,303,5,3,1,2,3,403,68,86,62,1
9.73,287,107,1,5,5,1,1039,58,93,60,1
6.78,151,448,4,3,5,0,2355,41,62,62,2
9.06,386,461,4,0,1,3,1177,80,86,95,1
6.09,117,151,0,2,5,3,204,12,19,91,2
7.5,410,393,3,0,3,1,993,67,16,73,1
6.44,456,337,0,4,0,1,67,19,38,94,1
7.41,423,236,1,0,1,1,1524,36,16,81,2
6.69,278,456,4,0,4,2,806,78,53,81,1
7.49,134,26,4,2,0,4,701,49,0,87,1
7.67,208,118,4,5,1,3,581,34,92,64,1
7.2,126,210,0,1,4,4,1070,22,25,80,2
8.63,292,99,2,5,2,0,103,94,1,64,1
9.68,6,2,0,3,0,1,751,78,44,64,2
7.6,221,293,4,3,0,0,624,14,50,82,1
6.77,76,456,3,6,2,1,2876,27,98,62,2
7.08,337,329,3,2,0,1,919,91,11,62,1
9.42,350,328,0,2,3,0,1427,11,9,68,2
8.29,277,16,0,5,1,4,1493,88,12,68,2
7.82,333,105,1,6,4,0,1346,31,38,85,1
6.6,337,229,0,1,4,2,1141,100,24,70,2
7.8,226,303,0,1,1,3,821,4,36,100,2
7.11,400,176,4,4,3,3,2697,56,53,91,1
9.77,274,426,2,3,0,4,2719,30,55,78,2
9.54,350,83,4,3,2,4,2400,30,63,88,1
6.34,294,262,2,6,2,4,1400,27,69,81,1
8.07,116,195,4,4,0,0,586,76,63,66,1
6.9,291,248,4,2,5,0,2980,92,26,88,2
7.64,270,381,1,6,4,0,409,39,77,73,1
9.51,446,457,2,3,1,1,1921,52,53,76,1
8.11,156,148,4,0,1,0,2774,27,26,98,2
7.34,59,205,4,2,4,3,901,35,85,71,1
6.83,183,408,2,6,1,3,161,76,99,86,1
9.2,423,80,1,2,4,1,949,35,6,68,1
8.5,143,188,2,1,3,0,1725,82,44,72,2
7.87,160,411,1,7,0,0,1955,50,69,62,2
6.87,88,205,1,5,4,2,931,80,30,75,2
7.34,15,307,3,6,3,2,595,40,80,92,1
9.84,413,268,1,4,4,3,139,52,70,64,1
8.08,248,289,3,5,3,4,2282,58,12,82,1
7.6,97,382,0,5,3,3,540,62,21,98,2
8.09,449,360,1,2,3,1,2186,77,14,94,2
9.12,103,450,2,1,0,0,803,78,42,74,1
7.36,299,387,3,0,4,2,133,48,94,96,1
6.71,234,299,0,0,5,3,2718,59,74,75,3
8.34,421,381,0,3,4,1,2386,30,84,64,2
8.66,306,254,1,7,4,4,1517,83,0,99,1
8.85,443,398,2,4,3,3,1857,2,42,75,1
9.53,273,467,1,4,1,0,1732,38,86,63,1
7.48,260,7,4,1,1,0,2238,37,62,68,2
6.3,238,113,0,3,4,2,1386,39,28,72,2
9.83,423,4,4,5,1,1,624,29,64,82,1
7.74,261,449,4,4,5,4,2901,71,91,63,2
8.49,331,475,3,3,1,4,494,23,38,83,1
8.67,114,341,4,1,1,1,274,20,7,88,1
8.19,267,72,0,3,3,2,1630,63,51,90,2
6.82,11,347,0,6,4,0,521,50,34,70,2
9.02,72,120,2,2,5,4,1716,27,48,61,2
9.22,361,301,1,2,5,1,2843,51,22,90,2
8.21,405,448,2,2,4,2,2405,86,81,72,2
7.95,304,371,2,2,5,0,2722,7,51,90,2
6.46,177,483,1,7,2,1,438,72,83,83,1
6.34,463,368,0,0,2,2,1035,36,7,70,2
7.36,259,233,3,5,1,3,2295,57,33,71,2
7.24,433,65,4,0,4,1,1474,77,82,73,1
9.81,258,229,3,4,1,4,287,51,80,83,1
9.13,399,409,4,0,3,1,940,19,55,94,1
8.64,269,30,1,5,4,0,56,94,63,66,1
8.07,319,306,1,6,5,1,345,11,90,77,1
6.67,119,296,2,3,3,0,147,82,81,86,1
9.91,168,50,1,3,3,2,2336,99,0,85,2
7.5,485,146,4,0,4,3,420,87,95,74,1
6.43,67,94,3,3,1,0,583,7,83,94,1
7.98,58,328,3,5,2,2,2733,85,67,78,2
9.5,129,386,3,4,1,2,257,27,39,65,1
9.55,374,37,3,1,2,3,2849,91,28,97,2
6.04,265,197,2,0,0,4,121,19,4,87,1
9.55,74,240,3,2,2,4,2238,34,35,63,2
7.09,486,172,4,3,4,1,844,22,24,95,1
6.16,89,492,2,3,2,4,19,26,69,100,1
9.39,356,255,2,1,0,1,2447,69,76,74,2
9.46,153,454,2,7,5,0,2832,81,80,64,2
8.38,387,40,1,4,5,0,2972,61,29,68,2
8.3,217,408,2,6,2,1,1995,57,38,83,1
9.25,485,472,4,3,1,3,2843,100,75,69,1
9.15,27,433,3,2,2,3,1745,31,23,93,2
9.56,129,128,1,1,4,4,1959,98,3,97,2
8.21,65,53,3,6,4,0,653,45,2,69,1
9.87,143,85,0,7,3,0,496,18,77,89,1
9.98,379,211,1,3,1,3,589,88,30,76,1
6.47,312,268,4,5,1,2,328,8,16,61,1
9.4,406,295,1,5,2,3,25,64,58,84,1
8.0,406,20,2,2,2,3,681,5,62,91,1
7.55,460,214,1,6,4,2,1294,81,7,90,1
8.45,276,424,2,5,3,4,2603,36,24,63,2
6.22,102,188,3,3,0,1,2004,79,10,65,2
8.03,408,160,1,2,2,4,2516,74,89,97,2
9.48,313,200,1,5,1,2,298,81,25,89,1
6.85,36,28,4,6,5,2,923,44,29,92,1
7.71,248,380,0,1,2,4,33,21,61,93,2
9.76,432,243,1,7,3,1,927,76,9,68,1
7.71,460,182,3,6,1,4,2704,42,90,63,1
7.43,398,31,2,6,5,0,647,44,8,83,1
7.76,155,266,3,4,5,0,2424,72,89,74,2
8.08,450,435,4,0,3,0,1552,54,67,92,1
8.53,470,35,1,7,1,1,350,96,4,79,1
9.2,131,92,0,5,2,1,275,69,100,74,1
7.81,46,367,0,0,3,2,2550,92,15,99,3
9.27,433,158,1,4,4,3,2929,94,76,79,2
8.13,443,397,0,3,1,1,1260,33,1,74,2
7.35,445,446,3,1,3,3,1873,58,17,74,1
8.63,194,179,2,7,3,0,1601,81,90,65,1
8.87,102,437,1,2,0,0,277,82,36,91,1
8.23,327,372,2,6,0,3,737,55,100,75,1
6.23,170,305,0,1,5,4,183,54,48,60,2
6.68,88,472,4,4,2,2,523,79,8,75,1
7.14,245,378,2,3,4,2,611,83,65,95,1
7.13,57,437,4,3,4,4,1444,77,29,68,1
8.69,104,217,3,6,3,3,39,50,54,76,1
6.07,179,469,4,7,3,3,562,41,17,97,1
9.02,459,328,2,4,5,1,2844,67,39,90,2
7.06,68,352,2,1,3,0,2068,15,37,99,2
7.24,480,342,1,7,1,0,1703,23,12,69,1
8.11,301,226,4,0,2,3,491,32,87,100,1
6.86,152,211,3,1,2,1,1433,33,25,67,2
9.54,24,352,1,7,0,1,1919,76,30,86,2
6.34,376,162,1,7,5,2,1789,41,54,89,2
7.78,34,365,3,5,3,2,1736,81,63,77,2
9.4,444,157,1,3,3,3,212,88,74,80,1
8.46,14,109,3,7,1,2,2928,95,7,67,2
7.17,105,54,0,3,3,1,2930,32,95,76,3
7.68,217,349,1,6,3,4,1324,91,88,75,1
8.83,383,213,2,5,2,0,2985,35,84,98,2
9.89,73,364,0,6,3,3,2644,15,30,88,2
9.57,343,384,1,5,5,2,1273,37,82,85,1
7.37,418,14,3,6,1,2,373,1,13,73,1
9.99,284,152,0,7,1,1,461,1,56,92,1
6.01,37,19,0,4,4,2,1062,53,87,98,2
6.11,196,454,2,1,4,0,1494,12,77,81,2
9.3,279,399,1,0,0,3,2172,9,75,63,2
6.8,274,51,1,1,1,2,1322,67,15,84,2
6.24,173,342,3,5,5,4,1099,28,94,91,1
6.95,304,468,0,3,1,4,1230,13,29,90,2
7.7,43,320,2,1,5,3,1680,36,21,89,2
8.92,456,366,3,3,5,4,2087,94,49,79,1
8.5,153,83,3,3,2,4,1500,43,98,93,1
6.95,152,366,2,7,4,2,1128,27,16,63,1
8.01,290,466,1,2,5,4,1482,92,38,95,2
9.7,497,325,2,6,0,2,2862,73,87,68,1
9.26,419,485,1,7,2,0,1556,26,41,98,1
7.29,141,223,4,0,5,1,1371,62,89,91,2
9.93,255,128,0,4,2,2,854,0,22,86,1
8.83,311,349,2,5,4,1,2336,2,68,64,1
6.25,133,381,3,0,2,2,2679,11,63,91,2
6.14,31,15,1,1,4,2,177,61,8,87,2
6.67,25,410,0,5,1,3,303,25,97,79,2
8.91,398,273,0,5,1,2,2053,91,100,95,2
6.73,254,76,2,2,4,4,1982,18,7,81,2
8.05,432,299,3,3,5,4,2551,51,63,95,1
6.37,222,305,2,0,3,2,777,97,39,97,2
9.68,55,91,3,3,3,0,455,21,14,85,1
7.38,292,457,4,3,0,4,2706,36,89,64,2
9.63,124,269,2,2,3,1,1966,30,88,79,2
9.78,229,51,1,5,0,0,1265,28,81,63,1
6.02,52,348,2,7,4,1,728,27,11,79,1
7.86,441,120,2,5,5,2,2554,36,15,84,2
6.1,100,458,4,6,4,2,1745,52,27,90,1
9.63,466,49,4,7,4,2,2641,59,59,100,1
8.07,333,378,2,0,0,4,2284,66,27,70,2
6.3,291,474,3,7,2,0,1557,86,23,71,1
6.44,356,491,4,2,0,1,2851,88,2,69,2
7.53,266,272,4,6,5,3,1210,85,22,79,1
9.76,282,379,3,3,5,0,1914,36,81,95,1
8.77,1,119,0,0,2,1,1841,36,97,84,2
9.47,21,386,4,5,1,3,1762,46,89,87,1
7.47,65,445,4,3,1,0,2253,12,49,92,2
6.17,211,94,3,3,2,0,2190,42,60,90,2
9.9,235,148,3,0,5,2,1604,85,2,68,1
6.07,367,288,2,4,2,0,382,48,33,76,1
9.79,16,256,2,2,3,1,2008,86,28,71,2
7.47,387,453,0,1,2,2,2182,33,85,94,2
6.04,13,370,0,5,2,0,2452,82,90,90,3
8.76,6,183,0,3,4,2,2912,20,44,78,3
9.92,334,259,1,5,0,3,2062,71,91,60,1
9.86,221,149,3,2,2,1,373,61,23,71,1
6.64,399,204,4,2,4,3,1201,61,83,87,1
6.72,103,441,3,0,2,1,1287,72,36,72,2
8.26,449,171,3,0,3,4,2787,24,33,62,2
8.55,402,312,0,6,2,3,2738,48,90,74,2
8.96,0,221,3,0,2,4,2190,11,48,65,2
6.72,286,167,1,2,4,2,532,17,79,86,2
9.84,383,243,4,0,2,3,2268,36,20,62,1
8.55,246,217,0,7,4,0,1933,26,14,67,2
9.39,387,55,2,1,0,1,313,18,12,68,1
8.16,90,62,4,2,4,0,2297,37,15,96,2
7.66,313,102,2,0,5,0,177,50,60,82,1
9.91,311,372,2,6,0,2,1772,50,28,77,1
8.33,436,166,3,3,5,2,455,60,56,78,1
9.47,472,6,4,2,2,0,949,68,35,75,1
9.81,213,141,1,4,0,0,1972,30,43,99,2
8.7,42,124,3,4,1,0,1889,10,14,66,1
8.2,73,89,2,2,5,1,1454,73,10,70,2
6.01,241,401,4,2,1,2,1851,11,10,99,2
6.16,480,310,3,4,4,3,1545,70,27,64,1
6.8,48,370,4,3,3,2,1077,47,80,72,1
6.74,367,439,0,3,2,0,1627,97,64,91,2
7.02,363,215,1,3,5,3,2319,27,83,78,2
7.22,315,440,1,1,1,3,2786,15,58,60,2
7.44,221,122,1,5,3,3,2898,20,51,67,2
7.68,349,371,2,5,4,2,2366,27,98,76,2
6.4,143,185,2,6,0,0,1237,43,58,64,2
6.17,328,370,1,1,2,0,2868,81,13,71,3
8.7,208,152,4,6,5,4,164,100,34,100,1
8.15,98,248,0,3,0,1,2746,25,2,99,2
7.78,187,113,2,4,2,2,2274,48,63,86,2
8.54,113,95,3,1,1,4,421,43,94,64,1
9.31,174,197,3,0,3,4,412,31,38,77,1
7.71,270,335,2,5,4,4,1276,38,100,65,1
8.56,62,2,1,1,2,2,1182,41,95,100,2
9.81,495,148,4,4,1,1,1567,60,70,66,1
9.36,283,415,0,7,5,3,2056,73,66,98,2
7.7,403,385,3,7,4,1,2022,0,88,77,1
8.58,224,110,2,7,2,1,1123,27,93,93,1
6.71,446,19,4,4,1,0,967,48,92,82,1
8.24,160,202,1,2,4,4,850,63,16,86,2
9.93,35,370,0,4,0,4,1968,0,20,62,2
8.07,380,401,0,6,3,3,2276,35,15,68,2
9.71,140,181,3,3,3,0,2234,22,49,95,1
7.63,317,330,3,6,5,3,2133,55,24,93,1
10.0,195,226,2,7,5,2,1796,13,41,85,1
8.32,150,291,0,7,0,0,608,71,86,93,1
6.17,455,357,1,7,3,4,1616,35,92,99,1
8.35,268,75,1,7,3,3,1298,59,6,74,1
7.1,343,316,2,4,2,0,2018,63,3,92,2
6.13,39,315,0,1,1,0,1814,50,59,63,3
9.28,237,222,3,1,0,1,283,6,66,89,1
7.1,413,372,1,1,5,0,2080,57,45,75,2
9.19,379,35,4,4,1,0,1479,73,60,65,1
7.15,221,477,2,7,3,4,2856,92,69,86,2
6.78,280,427,1,7,1,2,2918,16,0,71,2
9.9,224,323,4,3,4,3,1260,20,98,89,1
7.45,456,449,4,5,0,2,957,75,30,91,1
8.41,153,299,1,3,0,0,1256,51,72,100,2
8.44,279,332,2,2,0,4,2890,90,99,83,2
8.24,352,89,4,0,2,4,164,0,90,87,1
9.66,38,28,4,7,1,4,2314,12,30,93,1
8.7,216,175,0,7,1,4,2931,51,36,81,2
7.61,243,419,0,3,5,1,131,58,90,76,1
9.45,108,219,0,6,2,0,1100,51,13,73,1
6.72,462,135,4,7,0,1,1248,92,87,74,1
8.18,60,388,4,5,2,1,1599,49,66,74,1
9.8,488,351,2,7,2,0,2419,57,39,67,1
8.5,495,477,3,5,3,4,350,39,8,73,1
9.27,432,461,0,1,0,3,906,72,44,60,1
8.61,424,174,3,7,5,4,1958,45,22,60,1
9.36,197,125,0,2,4,4,20,4,21,76,1
9.78,275,170,0,5,5,1,1887,99,30,96,2
7.09,171,393,2,3,3,2,403,99,49,72,1
6.68,271,265,2,3,0,4,2027,100,62,73,2
7.94,404,133,1,6,0,0,426,77,58,75,1
8.81,270,271,0,7,0,0,790,23,82,100,1
6.91,422,443,0,0,1,0,1652,81,31,81,2
6.02,41,25,0,0,0,1,2542,51,61,80,3
7.37,188,276,2,0,0,3,332,51,11,97,1
9.88,259,99,0,3,4,3,2321,76,5,94,2
8.78,151,441,1,5,0,3,362,32,31,78,1
7.61,130,424,4,6,2,4,2060,52,7,73,1
6.77,113,361,1,3,0,4,1631,11,34,84,2
7.42,384,29,4,1,0,2,2879,20,78,73,2
6.68,221,132,2,7,5,2,2888,30,91,60,2
6.43,396,393,3,4,0,2,2258,31,57,97,2
9.63,53,495,2,0,1,1,2075,52,21,76,2
9.99,337,350,3,1,3,3,2496,97,58,81,1
6.66,295,138,4,1,1,4,2165,12,45,85,2
6.22,382,485,3,5,4,2,1599,28,94,63,1
7.32,394,190,4,2,5,1,427,93,8,99,1
7.85,41,390,3,1,5,2,2246,93,42,99,2
6.82,92,186,4,0,4,4,156,8,2,68,1
7.21,259,139,3,4,2,2,1150,69,63,86,1
6.8,280,319,4,6,2,1,402,46,72,84,1
9.1,355,378,1,7,4,1,2029,3,66,96,1
8.85,419,236,0,1,3,2,619,78,82,70,1
8.54,191,368,1,6,5,4,2542,74,67,63,2
7.55,124,296,2,3,3,1,825,30,5,72,1
9.64,427,443,3,3,4,3,2058,61,75,91,1
9.88,295,199,4,1,0,1,1563,27,97,79,1
6.69,347,283,1,0,1,0,2322,37,90,76,2
6.89,428,378,1,5,1,2,2345,47,72,82,2
8.1,391,79,4,5,0,3,565,35,27,63,1
6.37,340,446,3,4,3,4,13,51,41,81,1
7.75,34,500,2,4,1,3,2711,73,87,98,2
8.33,427,258,2,0,1,1,1320,93,21,91,1
8.09,401,100,2,3,2,1,1771,14,61,81,1
7.32,46,31,4,3,3,0,2600,0,100,70,2
8.17,152,276,1,5,4,3,2354,75,97,61,2
9.84,237,120,2,6,4,1,2680,52,26,84,1
6.82,424,54,1,5,0,4,2417,93,27,75,2
8.62,4,492,2,2,1,4,1565,68,75,89,2
6.17,447,17,2,1,4,3,2634,88,17,96,2
6.27,445,308,3,5,0,3,2678,59,97,71,2
8.21,124,367,4,1,2,0,2782,23,5,91,2
6.42,366,120,3,7,3,3,1174,86,27,61,1
6.09,327,109,1,5,1,4,2746,30,64,92,2
6.69,86,330,1,6,1,3,1247,44,82,63,2
8.26,2,60,4,3,0,1,2346,26,17,67,2
8.81,491,433,2,1,1,1,2071,18,79,87,1
6.81,164,263,4,0,3,3,1988,100,48,70,2
8.67,222,267,2,7,4,2,1512,11,3,79,1
6.73,348,434,0,4,0,3,2818,86,93,93,2
8.45,296,499,0,5,3,0,718,49,80,72,1
7.65,403,449,4,2,1,4,375,81,23,75,1
8.62,450,296,0,0,4,4,410,11,11,60,1
9.98,342,405,0,0,3,3,2966,20,74,69,2
9.75,423,126,1,7,4,2,2350,56,95,72,1
6.02,340,136,2,0,4,4,360,18,72,92,1
9.54,460,77,0,1,0,2,2276,16,10,76,2
6.27,391,206,3,7,1,4,715,58,79,99,1
9.81,388,394,1,4,2,1,878,38,9,75,1
7.13,24,396,2,6,2,0,2551,72,14,75,2
7.53,38,183,1,7,2,4,2748,53,60,60,2
6.37,420,411,3,6,3,3,2384,61,94,80,1
6.45,380,88,2,2,2,1,1514,5,18,83,2
8.91,104,319,4,3,5,2,399,19,6,79,1
9.78,4,228,4,0,5,0,1256,7,60,73,1
8.44,135,63,1,0,1,2,303,17,67,60,2
8.86,491,325,4,6,2,2,1152,85,82,81,1
9.05,3,54,2,0,4,4,1363,57,74,66,2
7.05,168,292,3,3,5,1,316,54,61,96,1
6.18,315,416,3,6,4,0,1608,81,98,91,1
6.01,309,280,4,5,4,1,895,20,67,63,1
7.4,405,369,0,1,2,1,2297,19,81,75,2
6.97,77,278,0,1,1,4,1938,64,78,76,3
6.25,18,187,0,4,1,2,293,29,64,89,2
6.72,204,439,4,1,2,1,368,21,18,93,1
6.5,354,190,4,1,1,2,792,8,97,99,1
9.66,323,391,4,2,5,1,593,52,94,66,1
6.56,32,272,2,7,2,0,2703,92,58,79,2
8.15,149,94,0,2,1,3,1944,81,81,92,2
8.37,192,89,1,6,0,3,2907,91,79,95,2
8.17,138,246,2,1,0,3,190,72,90,71,1
6.4,271,440,2,2,1,4,1777,5,80,74,2
7.28,195,74,4,5,4,4,2804,85,18,74,2
6.21,126,61,4,4,5,2,447,37,22,79,1
7.58,348,221,2,1,0,4,780,65,42,76,1
6.75,230,266,4,7,5,3,99,100,67,88,1
8.25,43,450,0,2,3,4,348,6,78,83,2
8.77,229,423,2,3,5,3,1802,95,6,100,2
8.13,215,423,2,7,2,1,439,31,45,74,1
7.74,243,120,2,2,3,3,1069,87,88,71,1
7.55,8,311,4,2,1,3,348,46,45,78,1
9.37,249,308,2,6,1,0,1061,71,88,72,1
6.88,199,340,1,3,4,0,2953,30,30,92,2
8.94,333,482,1,4,0,0,1636,36,77,89,1
9.03,78,27,0,3,5,0,2403,53,11,66,2
7.68,244,341,2,4,0,3,1899,19,21,77,2
7.19,189,425,2,5,5,2,1464,71,64,84,2
7.88,85,370,4,6,3,0,1713,70,28,71,1
6.37,484,301,3,3,0,4,954,28,68,93,1
6.18,270,273,3,4,1,4,764,33,82,80,1
6.45,261,22,2,4,4,4,1589,21,85,66,2
6.75,0,409,0,0,2,3,1897,69,53,89,3
8.02,19,98,1,6,3,1,1510,75,13,75,2
9.4,488,284,2,0,5,1,2175,53,79,98,1
6.94,419,307,2,2,3,0,2956,41,5,81,2
9.74,129,109,0,3,2,4,2291,45,91,75,2
9.82,325,202,0,4,1,0,2901,27,64,64,2
9.84,257,105,3,0,3,3,1053,89,69,68,1
9.35,130,45,2,2,0,4,2276,72,1,87,2
7.46,6,256,2,2,0,0,1765,48,59,90,2
6.29,339,446,4,7,0,2,1524,26,28,79,1
8.28,240,143,1,2,4,3,696,38,68,77,1
8.23,191,24,4,7,2,3,2537,91,98,76,1
9.4,424,61,4,7,1,3,663,95,31,89,1
9.98,309,229,1,0,0,2,772,97,78,95,1
8.03,296,81,2,5,0,1,2528,55,58,73,2
7.38,114,335,3,1,4,1,1296,95,9,84,2
6.74,388,210,1,6,0,2,2372,73,81,99,2
6.02,472,399,0,6,5,1,988,34,30,63,1
8.04,101,196,2,5,4,2,2582,17,17,61,2
8.22,337,346,1,7,5,0,2056,36,43,89,1
9.3,318,491,1,5,2,2,2791,23,69,85,2
8.02,0,197,1,7,3,1,2398,23,96,70,2
9.67,24,376,3,7,0,2,2162,29,58,65,1
8.51,208,161,4,2,0,2,1717,26,61,97,1
9.36,429,207,4,6,2,4,1882,29,4,78,1
6.59,142,308,1,6,3,2,426,3,19,78,1
9.42,196,406,1,1,4,1,123,26,25,70,1
8.7,144,426,4,1,3,3,54,66,16,65,1
6.68,148,43,3,1,0,0,1913,5,41,88,2
6.76,180,287,2,7,2,2,1433,6,40,73,1
9.71,54,490,4,2,5,1,2146,84,13,69,1
6.13,470,278,1,4,1,1,1115,70,81,96,1
7.85,362,403,3,1,2,4,499,1,26,85,1
7.25,137,274,3,0,4,1,1546,72,94,100,2
8.66,208,220,1,0,4,3,242,66,54,90,1
9.36,184,455,0,1,0,1,965,14,14,95,2
7.44,64,284,3,1,2,3,396,48,32,69,1
7.71,36,145,4,1,1,0,2312,34,79,85,2
9.93,111,68,0,6,2,2,344,84,74,69,1
9.14,262,139,2,0,4,0,1793,16,1,79,2
9.59,75,9,4,3,2,2,793,69,76,80,1
7.76,295,110,1,4,0,0,2861,14,66,77,2
6.94,177,36,0,3,4,3,175,11,83,71,2
7.65,253,80,4,0,2,2,779,32,1,72,1
8.86,0,95,3,0,2,2,1214,9,86,63,2
6.44,147,54,1,2,0,0,2263,69,23,86,2
7.08,363,131,0,3,0,4,40,41,26,68,1
6.19,158,222,3,1,2,4,1095,32,21,87,2
7.73,323,383,1,5,1,0,2413,12,64,70,2
9.31,473,62,1,6,4,1,2192,65,30,69,1
6.1,267,473,0,1,2,0,694,17,12,86,2
8.7,149,11,0,0,0,3,1407,80,100,87,2
9.73,128,145,0,2,4,3,2976,97,20,69,2
6.95,125,263,4,3,0,1,2776,7,52,87,2
8.77,0,31,1,2,4,4,702,55,39,99,2
9.9,386,467,2,4,2,3,356,92,26,62,1
9.85,116,48,3,2,5,3,1287,5,100,74,1
6.94,459,359,0,4,5,2,2908,78,83,92,2
6.4,148,446,1,6,3,2,807,94,39,76,2
6.59,268,460,3,3,5,1,1101,44,99,86,1
8.81,188,186,2,7,3,3,1587,29,44,95,1
8.9,140,342,3,1,4,0,1493,83,53,82,1
8.7,500,450,2,4,0,4,1148,25,83,100,1
7.34,104,98,0,1,0,1,1148,19,59,87,2
6.68,465,166,4,6,0,0,1703,55,63,86,1
8.32,251,305,2,6,2,0,717,23,35,78,1
7.93,416,212,0,2,4,1,524,59,38,69,1
8.92,389,198,3,2,2,1,1352,39,0,73,1
7.77,280,245,3,7,3,3,496,47,47,77,1
7.35,406,153,3,6,3,4,1131,15,71,60,1
7.17,343,406,4,3,0,3,1380,57,65,61,1
6.85,100,95,1,1,0,0,565,67,22,77,2
7.06,281,62,2,3,4,3,1213,97,60,97,1
6.38,387,193,1,7,3,3,236,66,52,83,1
7.39,357,422,3,4,4,4,23,66,84,80,1
6.15,162,321,4,2,3,2,2018,62,34,73,2
6.75,496,358,0,2,1,4,2039,37,64,92,2
8.99,202,301,4,2,4,3,742,64,19,99,1
7.3,99,398,1,5,1,2,285,11,58,71,1
8.67,280,271,3,2,2,0,2712,82,51,76,2
8.87,403,375,2,6,3,4,848,98,46,93,1
8.32,256,89,4,2,1,1,193,68,48,84,1
9.83,93,327,1,4,2,0,883,42,1,90,1
6.09,323,271,1,7,4,2,926,50,15,63,1
8.95,278,84,0,4,1,0,2084,38,23,84,2
9.84,226,294,2,6,1,1,1578,73,95,95,1
9.45,361,394,1,3,2,1,746,9,92,93,1
6.67,149,471,2,0,1,4,2432,100,4,93,2
7.31,350,35,3,2,2,4,2471,35,11,92,2
6.69,61,17,4,2,5,3,2208,98,66,96,2
8.41,128,406,1,0,3,3,698,88,65,97,2
8.85,186,76,3,7,3,0,2976,48,37,81,1
7.27,67,48,0,3,3,1,765,50,59,71,2
8.16,402,491,2,4,1,0,2892,57,94,62,2
8.76,29,497,3,2,1,2,266,94,69,63,1
7.69,384,425,2,3,0,2,2105,99,92,67,2
9.42,303,358,2,0,0,3,845,82,83,91,1
9.09,274,235,1,4,2,0,2127,6,67,64,2
6.26,126,43,2,4,1,2,2812,8,92,82,2
8.48,435,108,3,3,2,3,2430,88,73,98,1
6.94,212,128,0,1,4,0,2078,22,51,73,2
8.23,405,6,1,1,1,1,821,76,61,78,1
9.83,305,303,4,5,5,2,1613,62,34,82,1
9.52,449,111,0,5,4,2,1712,41,26,96,1
7.62,133,212,3,1,1,1,2859,10,0,80,2
7.17,447,399,1,6,3,3,2642,98,40,70,2
6.94,404,303,2,0,2,2,1319,87,24,95,2
8.13,480,461,0,1,5,1,1932,33,22,100,2
6.46,402,426,1,3,0,3,2226,44,49,99,2
8.2,218,306,4,4,3,4,393,78,19,70,1
6.01,420,362,4,3,5,3,2481,10,10,84,2
7.3,318,65,4,7,0,2,644,51,88,75,1
6.88,156,30,1,3,1,3,2045,82,70,83,2
9.88,187,294,0,2,4,2,2267,59,3,83,2
8.91,475,264,2,7,4,3,1628,47,56,70,1
7.4,161,296,0,0,5,4,24,27,5,83,2
6.37,128,318,2,4,3,3,2045,56,12,76,2
8.07,303,13,0,2,0,4,2628,37,97,96,2
6.85,88,57,0,6,5,2,2302,13,19,99,2
8.15,382,457,1,0,2,3,1716,70,61,100,2
9.34,404,495,4,4,2,1,1940,31,33,77,1
8.46,161,343,4,7,2,4,1343,55,76,84,1
8.54,409,241,4,7,0,0,733,0,5,67,1
8.16,35,352,4,2,4,4,2913,60,72,98,2
9.71,226,247,0,5,4,3,1475,85,93,75,1
9.73,150,97,4,7,3,4,2707,96,61,88,1
8.05,80,467,0,7,0,3,2197,47,26,68,2
7.22,46,447,2,1,1,2,2472,11,8,66,2
7.84,489,411,3,3,1,2,1301,28,73,73,1
6.75,203,387,3,5,2,1,1364,32,37,84,1
8.55,427,161,2,1,5,0,768,32,0,96,1
8.0,147,387,0,4,5,2,1335,21,2,78,2
6.41,230,246,4,5,5,1,1545,69,33,61,1
6.79,26,325,1,5,4,0,2098,94,54,78,2
7.92,489,441,0,2,4,1,2655,83,35,61,2
9.55,188,341,0,2,0,2,32,79,32,83,1
8.27,164,3,2,2,0,0,1065,32,43,69,1
8.73,211,305,2,3,3,2,1751,10,47,72,2
7.36,307,260,1,2,0,3,2932,33,44,96,2
8.29,74,330,4,0,3,0,1941,100,66,60,2
7.79,91,44,3,0,2,1,1100,54,51,74,2
8.64,61,418,4,0,2,3,2958,100,30,66,2
6.2,65,210,4,7,4,1,2646,91,5,99,2
7.97,407,243,0,5,4,2,479,62,15,75,1
7.18,79,202,1,1,4,2,616,5,42,66,2
7.3,139,202,0,4,1,3,2991,43,76,77,3
9.84,399,372,2,1,3,3,1450,0,96,87,1
6.73,419,26,3,5,5,0,2716,36,64,73,2
7.24,129,385,1,1,5,1,965,85,45,76,2
8.04,472,437,1,3,2,4,436,96,59,82,1
9.45,253,494,4,5,3,2,91,17,53,82,1
7.67,445,117,0,1,1,4,989,92,8,83,2
8.98,319,455,4,3,1,4,1872,1,85,80,1
9.43,28,225,4,6,2,3,184,64,49,81,1
7.24,475,359,1,0,2,1,8,69,97,85,1
7.57,201,467,3,7,4,4,1227,26,33,95,1
7.43,236,470,2,7,1,1,1858,14,52,88,1
9.33,86,462,4,0,4,3,1025,77,64,66,1
6.18,95,431,3,1,2,4,2388,95,36,76,2
7.23,286,204,4,1,5,4,2858,10,22,70,2
8.72,338,246,3,7,1,2,2015,4,17,96,1
8.26,398,478,0,6,1,4,2738,82,11,84,2
7.75,438,48,2,0,0,0,592,90,4,100,1
8.16,288,365,1,6,1,3,2483,64,19,67,2
6.79,251,252,0,7,4,0,816,40,82,63,1
7.72,464,77,4,2,0,4,1987,96,54,96,1
8.01,179,256,4,7,1,4,295,94,65,68,1
9.6,99,119,2,0,0,0,838,28,3,96,1
7.04,403,474,2,6,1,2,933,64,26,73,1
9.47,72,416,2,2,3,2,1572,26,71,73,2
8.58,421,34,4,0,5,0,1100,60,33,82,1
6.08,130,437,4,4,4,0,2634,40,70,92,2
8.9,181,311,1,7,4,3,1015,70,28,77,1
6.14,193,142,2,7,0,2,2535,59,39,69,2
9.99,17,196,3,7,3,1,2425,63,81,72,1
9.49,470,484,1,3,0,4,1704,94,54,83,1
7.19,125,259,3,3,0,4,1517,28,57,83,2
7.03,210,365,0,4,2,0,2127,66,40,62,2
7.53,6,83,2,2,0,1,1697,42,10,79,2
7.42,418,191,1,1,1,2,194,1,71,62,1
7.49,379,486,1,1,2,2,1563,49,65,96,2
7.27,113,21,0,3,2,2,2392,8,72,69,2
8.48,339,23,0,1,0,0,1139,60,40,85,2
6.66,83,430,0,2,2,0,967,93,5,96,2
9.38,338,74,1,6,4,4,1050,77,63,75,1
9.25,360,365,4,7,5,4,253,47,28,63,1
7.91,463,133,3,1,2,2,2198,83,13,96,1
9.41,101,410,3,0,2,4,2498,13,78,100,2
6.99,468,393,0,4,1,4,400,85,50,92,1
6.07,92,166,4,3,4,2,1936,26,46,95,2
8.48,491,457,4,6,2,0,1273,78,47,93,1
7.83,315,109,0,1,1,4,2391,25,46,69,2
8.27,101,89,2,6,4,0,1294,14,4,82,1
9.6,492,36,1,7,2,1,2856,94,74,76,1
9.88,250,309,2,2,0,0,1289,10,100,67,1
8.54,23,480,4,1,2,3,40,13,86,90,1
9.06,484,50,0,6,5,3,1375,3,17,93,1
6.34,476,59,1,7,4,2,1863,98,73,60,1
6.64,478,71,3,4,5,3,2426,58,46,79,2
8.93,364,127,4,0,2,1,2605,95,84,95,1
7.73,499,306,1,5,5,0,981,35,69,64,1
7.78,166,61,1,3,4,0,413,49,75,86,1
7.23,139,304,2,3,0,4,1672,31,5,73,2
8.43,93,178,3,2,2,4,2249,77,11,93,2
6.74,180,27,2,0,4,4,698,97,1,85,2
8.51,63,239,2,1,5,0,1043,58,90,90,2
6.7,3,419,2,1,1,0,2531,66,76,61,3
6.26,93,231,2,5,5,4,2680,36,75,87,2
7.32,388,152,4,6,2,0,1563,48,2,81,1
6.92,271,419,3,7,5,1,1749,22,24,67,1
9.56,282,332,2,5,5,4,2007,35,23,81,1
6.22,131,443,4,6,5,3,1230,85,62,70,1
6.71,71,6,4,5,0,4,2252,49,45,60,2
8.19,303,64,1,2,1,3,2684,0,32,65,2
7.92,391,456,1,0,5,2,438,99,70,81,1
6.18,80,122,0,2,2,3,2105,49,10,61,3
6.03,173,475,4,7,4,1,1285,13,5,85,1
9.95,299,35,0,4,3,0,2787,57,95,66,2
8.64,450,237,4,4,5,1,985,80,88,92,1
7.46,474,477,2,1,1,2,2142,14,49,75,2
7.88,51,72,2,4,4,1,938,58,68,72,1
7.07,289,29,0,2,1,1,1867,90,75,91,2
7.38,445,226,2,3,2,2,1992,80,84,62,2
8.6,236,302,2,4,0,1,2150,1,63,80,2
9.53,276,346,1,7,5,2,1932,88,97,90,1
6.74,490,284,2,6,0,0,2221,71,71,83,1
9.36,279,4,1,2,5,4,2655,62,61,66,2
6.49,43,64,3,3,5,0,1877,9,78,98,2
6.86,369,234,4,6,1,0,2512,27,56,67,1
6.15,253,114,1,3,3,0,2264,57,16,65,2
6.56,424,452,1,5,2,1,2262,35,69,73,2
9.67,412,318,1,6,4,0,186,34,21,79,1
7.84,358,245,4,5,2,2,781,79,22,61,1
6.31,133,348,4,4,3,2,1289,80,45,73,1
9.84,55,439,4,0,4,2,1773,51,48,94,1
9.52,13,16,2,5,3,2,1903,64,69,84,2
9.02,177,382,1,4,2,0,1352,85,19,77,1
9.73,461,306,4,4,2,3,471,67,96,99,1
6.88,100,368,3,0,1,4,49,59,25,67,1
9.35,179,36,4,4,5,3,632,26,62,65,1
8.76,471,343,0,2,3,1,29,20,18,87,1
9.48,460,371,0,0,0,0,1329,74,3,68,2
9.19,256,380,1,2,3,3,179,30,71,84,1
7.39,267,218,1,3,3,0,1986,67,55,66,2
9.1,370,136,1,0,4,2,840,86,91,94,1
7.05,361,245,2,3,5,1,1941,43,34,75,2
7.31,407,37,0,5,4,3,1009,99,91,79,1
6.43,36,250,0,1,1,4,2017,23,42,66,3
9.74,467,52,1,6,0,2,2866,10,83,77,1
7.16,453,396,0,1,2,2,1479,36,50,78,2
8.08,203,345,0,2,0,1,2921,11,25,61,3
7.57,468,308,2,3,0,2,1241,61,47,88,1
9.84,258,202,3,3,0,2,555,52,31,87,1
7.34,154,374,1,0,1,3,678,9,93,74,2
9.11,237,471,3,7,1,2,1580,53,21,89,1
9.42,308,374,3,1,0,1,700,99,50,63,1
7.74,99,480,2,2,2,0,842,29,31,67,2
7.51,272,48,0,2,2,1,240,14,83,78,2
8.99,112,121,1,0,2,1,922,70,13,89,2
9.65,109,325,4,0,1,0,2814,31,75,85,2
9.02,142,418,3,5,4,3,2523,39,0,68,1
6.91,166,15,3,2,2,4,1110,70,42,87,1
9.55,259,268,2,0,4,4,184,5,22,66,1
7.55,144,235,3,7,0,1,1710,43,27,92,1
8.3,229,120,3,5,2,3,753,93,21,63,1
9.33,394,138,3,3,0,3,2266,61,48,67,1
6.75,267,86,2,2,0,3,1317,78,9,93,2
9.14,494,129,0,4,5,3,420,97,60,69,1
8.38,31,251,3,1,3,1,1501,47,35,95,2
9.57,410,349,1,1,0,2,1654,100,88,88,1
6.69,427,274,3,4,0,4,2253,69,31,63,1
7.68,298,359,3,4,5,4,2763,26,22,94,2
9.33,218,300,1,6,1,0,1963,49,82,87,1
6.08,176,429,2,7,0,1,376,40,45,81,1
6.45,103,46,4,3,2,4,1912,41,16,85,2
9.96,235,432,1,7,1,1,821,67,52,65,1
7.12,92,78,4,2,3,1,1720,14,51,83,2
9.9,200,500,0,0,3,3,195,79,49,63,1
6.73,298,297,0,1,0,0,2412,78,41,75,3
7.44,386,416,3,7,4,1,547,84,53,66,1
9.01,230,363,3,4,3,4,385,52,61,66,1
8.63,412,424,2,7,3,4,1706,86,23,96,1
8.32,254,374,4,6,5,0,961,24,56,63,1
8.12,84,452,0,2,3,1,993,59,5,82,2
9.37,34,341,0,0,2,3,2074,8,82,91,2
6.94,116,218,3,6,4,0,624,53,82,80,1
7.77,175,110,3,1,0,1,1368,31,75,70,2
6.62,457,226,2,2,5,0,2659,62,31,75,2
8.38,470,274,3,1,5,3,2237,68,24,99,1
7.0,422,255,3,3,5,2,1661,36,63,80,1
7.34,472,38,2,6,0,2,360,92,95,64,1
7.89,407,134,3,1,1,2,1403,20,3,70,1
6.11,275,294,3,7,2,3,173,63,38,83,1
6.37,398,97,3,3,5,3,2640,0,1,94,2
8.74,84,33,4,3,4,0,751,70,22,85,1
7.72,116,474,0,3,1,4,618,69,70,88,2
9.46,361,427,1,0,4,3,99,82,83,74,1
8.78,203,452,0,5,3,3,1102,39,35,66,1
6.03,145,67,4,0,4,2,2977,13,59,76,2
8.47,443,190,1,3,5,2,2441,5,52,96,2
6.37,214,198,0,2,1,2,2170,58,16,67,2
9.12,104,47,2,5,2,4,714,8,85,100,1
9.97,348,258,4,5,5,2,2239,95,70,60,1
8.12,296,212,2,3,2,2,437,71,86,91,1
8.73,355,161,2,6,3,4,2202,85,77,62,1
6.95,68,112,0,2,0,2,922,71,73,92,2
7.75,486,136,1,1,1,0,1934,61,64,75,2
9.42,473,316,3,0,0,0,912,33,59,87,1
6.67,254,403,3,2,3,1,2343,8,80,83,2
7.06,230,423,4,5,4,0,1993,73,39,95,1
7.78,202,380,2,2,4,4,65,21,77,93,1
8.85,361,11,4,7,3,2,375,76,48,95,1
7.5,394,358,0,2,2,1,231,41,55,69,1
9.71,247,237,2,4,1,3,642,98,80,85,1
6.38,439,283,3,0,3,3,2071,71,9,72,2
7.48,401,175,0,4,3,0,2338,76,81,67,2
8.84,395,224,0,1,1,1,1345,98,34,91,2
6.9,248,457,4,2,5,3,1641,92,9,71,1
8.63,143,74,4,0,2,3,2090,73,42,60,2
6.66,282,134,1,7,2,3,1194,29,19,86,1
6.22,355,81,3,7,1,0,1861,69,79,77,1
6.48,400,82,3,7,0,0,1447,28,16,69,1
9.72,240,141,4,5,5,1,2250,37,38,76,1
8.21,340,208,3,0,4,0,2582,4,49,79,2
9.19,374,214,3,0,1,0,1786,6,91,71,1
7.33,228,402,0,2,2,4,1059,10,72,76,2
8.37,30,309,2,5,5,0,735,83,83,80,1
7.98,108,254,2,3,0,1,2092,26,69,88,2
9.78,418,187,1,6,3,0,2864,62,76,75,1
8.99,26,492,2,3,3,0,1842,78,72,62,2
8.92,342,246,3,3,3,4,1520,92,47,71,1
6.19,159,254,0,4,4,1,2235,11,32,68,2
8.2,16,322,2,2,5,3,1825,58,34,71,2
7.87,266,161,3,1,2,4,1552,57,21,95,1
9.71,128,344,3,7,0,0,2175,37,22,81,1
7.03,219,424,4,4,2,2,773,32,45,99,1
7.08,81,414,4,0,5,4,1752,34,88,100,2
7.65,48,166,2,3,4,4,2476,54,99,82,2
6.97,40,77,4,0,4,1,2267,58,6,76,2
6.52,19,484,3,4,5,3,1014,43,14,75,2
9.43,326,435,3,7,1,3,270,47,92,78,1
8.23,36,174,4,5,5,3,889,96,71,73,1
9.45,381,19,0,3,2,4,1360,14,36,93,1
9.32,399,95,4,2,3,2,1999,99,73,87,1
7.13,38,480,0,3,1,1,470,54,73,84,2
8.19,108,179,4,3,2,2,1899,94,59,100,1
6.33,428,94,3,5,1,3,1849,41,49,64,1
9.66,63,70,3,3,1,4,70,24,12,61,1
7.62,174,189,4,7,5,3,2171,1,18,85,1
7.57,278,388,1,4,0,2,1651,81,48,89,2
7.21,31,440,0,3,1,3,1839,40,22,91,2
7.84,432,131,1,5,5,0,237,43,54,66,1
7.01,208,138,3,4,4,1,2195,49,14,93,2
7.5,378,274,0,7,3,2,1674,89,80,79,2
9.2,18,101,4,0,0,0,56,77,9,62,1
9.34,105,467,0,2,1,3,2284,70,55,98,2
7.22,481,282,0,7,0,1,606,43,62,70,1
7.88,205,28,2,3,5,1,2766,89,56,64,2
9.5,246,17,0,4,3,1,1616,58,45,80,2
6.21,322,420,3,3,3,4,1415,56,32,77,1
9.56,166,444,1,3,0,1,2748,39,55,63,2
6.88,88,243,1,5,2,0,2099,59,17,70,2
8.71,315,174,4,3,3,2,1152,14,67,80,1
8.33,10,500,2,1,4,0,1251,74,58,69,2
8.21,48,88,1,2,4,3,905,93,3,78,2
9.44,398,19,1,2,1,4,945,59,14,98,1
6.41,383,325,0,4,2,4,1289,65,30,84,2
7.39,466,355,3,0,2,3,1312,38,1,88,1
8.15,60,432,3,0,5,2,750,89,75,66,1
9.25,170,398,4,0,1,4,1849,46,61,93,1
6.87,142,17,3,3,3,3,346,12,32,63,1
9.21,206,37,1,5,0,3,1337,95,45,79,1
7.6,485,375,0,4,2,3,1171,20,49,86,1
6.76,462,88,3,6,2,3,885,13,19,74,1
9.04,200,339,2,3,5,1,1067,78,65,87,1
6.36,4,149,2,5,3,2,1348,21,64,83,2
8.06,210,498,2,1,5,3,1344,72,83,96,2
6.26,471,203,3,4,0,1,2701,71,23,69,2
7.43,28,232,0,4,4,1,1162,73,13,100,2
8.4,189,103,3,5,2,0,1712,15,48,64,1
8.22,187,443,1,6,5,3,2708,72,100,69,2
7.62,324,110,3,4,3,1,628,93,40,61,1
7.72,254,224,2,5,5,0,2310,0,28,77,2
6.91,149,220,2,7,2,0,1452,74,20,77,1
7.82,12,449,0,1,4,3,1456,33,31,81,2
9.81,433,25,4,4,1,4,64,71,58,87,1
9.4,371,63,2,7,5,1,2430,5,52,63,1
6.58,496,253,2,6,3,4,463,32,86,79,1
6.12,430,248,4,5,0,0,2546,74,92,97,1
9.73,365,223,3,5,1,4,2057,9,77,86,1
8.11,156,313,2,1,5,4,2269,90,62,60,2
8.15,79,130,0,7,0,3,1559,80,70,72,2
9.12,355,29,3,0,4,0,1524,50,22,82,1
7.26,272,274,3,5,0,2,2359,24,80,95,2
7.93,147,9,2,7,2,1,1868,69,33,94,1
9.87,205,88,3,5,4,3,924,81,95,66,1
8.69,113,429,3,4,1,3,431,42,36,91,1
6.61,5,146,0,3,2,2,236,41,4,99,2
6.53,277,126,3,2,5,3,1679,2,41,91,2
6.82,231,185,2,1,2,0,2290,80,83,69,2
9.07,136,123,2,0,4,3,989,63,71,78,1
7.18,159,106,4,6,0,3,424,41,71,63,1
6.09,343,340,1,0,5,2,146,53,87,65,2
9.78,288,5,4,2,0,1,7,14,24,73,1
6.68,204,50,0,4,1,1,722,15,45,99,2
6.04,482,397,0,6,4,4,1258,51,26,89,2
6.95,325,313,2,3,1,0,1843,62,95,90,2
6.94,304,135,1,2,3,2,1955,43,6,74,2
7.69,359,1,4,4,4,1,1894,45,59,77,1
9.68,157,17,1,5,3,2,2580,99,11,81,2
9.52,357,248,2,6,1,4,970,19,6,63,1
7.83,399,469,3,4,3,1,1677,58,44,80,1
7.64,448,184,2,1,3,2,629,65,7,84,1
8.22,105,221,2,3,2,0,2584,2,3,70,2
6.97,81,227,1,3,2,0,938,29,27,100,2
6.21,341,347,0,1,1,4,959,43,45,73,2
9.76,473,418,3,4,1,1,1139,60,60,71,1
6.75,269,193,3,4,0,1,2862,72,79,78,2
6.79,439,311,0,6,5,0,1981,83,39,71,2
7.89,420,483,1,3,3,4,2379,75,33,67,2
7.97,48,209,1,3,5,3,959,12,26,61,2
6.07,205,298,0,3,0,0,1913,66,25,92,2
6.59,217,328,4,3,0,0,1428,26,10,87,1
7.51,305,475,1,4,4,2,1808,17,0,70,2
8.73,163,71,0,3,0,4,547,48,20,85,1
6.91,435,116,4,5,0,3,2509,33,31,91,1
7.69,278,263,2,4,3,4,2313,51,74,81,2
8.23,321,4,3,1,0,4,2468,74,86,72,2
9.55,230,268,0,5,3,0,1398,75,59,96,1
7.3,198,6,1,0,5,0,14,83,67,63,2
6.53,486,20,3,1,3,0,1963,70,1,64,2
7.96,428,476,4,1,0,2,2124,45,83,67,1
8.99,370,36,3,2,3,3,1559,79,91,99,1
6.44,213,172,0,7,1,3,177,82,53,86,1
7.7,283,435,2,1,1,4,1504,77,8,100,2
6.07,485,431,4,6,3,0,513,54,68,72,1
6.13,275,61,4,2,5,4,562,27,9,79,1
7.93,432,205,4,7,5,0,2251,35,72,81,1
7.19,184,100,3,2,1,4,2333,40,2,79,2
9.38,209,118,2,2,4,4,2,62,30,91,1
8.41,120,178,0,5,5,2,80,6,98,78,1
7.82,215,131,0,7,2,2,1178,49,3,87,2
7.63,96,375,3,7,1,4,1099,62,6,99,1
7.99,442,341,0,1,0,0,263,60,15,95,1
6.16,118,439,0,0,1,4,1702,72,15,89,3
9.57,364,74,2,6,4,0,1830,33,91,96,1
9.99,281,289,3,5,4,1,1716,87,12,88,1
6.73,402,44,3,2,4,3,2354,80,60,97,2
6.48,495,143,4,7,5,4,456,60,83,63,1
6.57,105,136,0,7,5,1,314,30,44,87,1
8.64,396,207,1,6,1,4,2152,14,67,72,1
8.65,457,230,2,3,2,2,797,27,23,79,1
9.39,317,271,2,3,0,3,1060,43,95,97,1
9.01,381,94,1,4,2,4,262,14,85,83,1
7.8,141,414,4,3,5,2,2945,80,59,93,2
8.45,456,396,1,3,5,2,2127,23,59,70,2
8.75,500,383,1,2,1,1,2205,76,4,62,2
8.05,394,260,4,5,2,2,335,41,97,98,1
7.9,322,378,1,7,3,1,2060,62,31,100,2
8.58,487,126,4,7,0,0,1848,20,87,61,1
8.23,267,430,0,1,3,0,896,24,100,69,2
8.58,290,166,4,5,3,0,2566,18,7,88,1
8.45,486,17,3,5,2,0,2816,2,46,63,1
8.88,365,147,3,6,3,4,948,45,81,71,1
8.57,166,246,1,3,0,1,1061,23,72,73,2
8.08,159,129,3,7,3,0,1128,20,1,72,1
8.73,230,295,4,1,1,2,1063,0,64,84,1
7.8,13,413,0,0,0,1,2215,49,70,90,3
6.97,491,265,4,6,1,4,1591,30,41,88,1
6.01,192,319,2,5,1,0,2734,6,19,65,2
8.24,154,41,1,5,5,1,2613,31,10,66,2
8.36,100,202,0,3,4,3,1981,42,83,60,2
9.89,59,180,1,0,4,0,522,99,1,76,1
7.45,42,348,2,6,1,1,2823,66,96,89,2
7.58,192,180,3,0,5,0,1955,59,85,89,2
6.81,310,295,2,4,3,3,2373,64,91,76,2
6.28,108,143,3,7,1,2,1015,11,30,91,1
9.09,92,431,1,1,1,2,7,9,98,61,1
7.0,215,380,1,1,4,3,1958,70,9,82,2
8.44,464,60,1,4,2,1,1544,24,85,97,1
8.75,162,475,4,6,2,4,871,90,80,82,1
7.88,350,208,0,2,5,0,1780,90,58,69,2
9.51,233,165,4,7,5,4,893,60,6,87,1
7.78,415,369,2,6,2,0,154,69,36,62,1
7.14,402,496,0,7,1,4,262,83,12,89,1
9.58,350,299,1,4,1,0,1850,48,92,95,1
9.45,166,142,1,6,3,2,358,21,25,73,1
6.66,147,350,1,5,5,0,10,25,2,69,1
6.1,27,60,3,4,4,0,872,31,38,96,2
6.36,258,262,2,7,5,3,2069,86,9,76,2
7.15,415,123,4,4,1,3,1883,64,36,77,1
9.89,85,237,2,0,0,0,1868,99,22,82,2
8.23,107,29,3,7,5,0,2333,20,19,62,1
7.49,441,419,3,6,0,1,1790,77,33,99,1
9.55,437,254,2,6,4,2,1626,18,3,74,1
7.81,425,368,3,1,0,0,242,24,31,65,1
7.26,116,89,0,2,0,0,602,8,41,60,2
9.76,363,138,1,3,4,2,883,40,17,75,1
9.4,14,378,4,3,5,1,1550,28,51,100,1
9.37,485,453,3,3,1,3,1689,46,0,83,1
8.05,210,361,4,2,1,3,679,65,86,95,1
9.16,317,412,1,3,3,2,2619,94,76,77,2
6.72,30,347,2,2,1,0,200,30,3,63,2
8.29,444,206,1,3,0,3,1726,13,72,64,1
9.94,281,92,4,3,0,0,2511,22,100,96,1
7.16,452,133,0,2,3,4,1179,94,45,65,2
9.18,184,367,2,1,4,0,1385,37,30,61,1
7.96,403,203,3,5,0,3,995,79,65,68,1
6.16,65,306,0,5,1,0,2693,7,49,83,3
9.05,404,335,1,2,1,0,1716,75,79,91,1
6.67,370,109,4,7,1,1,757,0,20,80,1
8.53,315,37,4,2,0,1,340,59,20,63,1
6.34,62,456,4,4,2,0,1719,39,65,91,2
9.79,434,21,1,0,0,2,2664,13,51,75,2
7.17,227,224,2,6,0,2,2627,91,35,92,2
6.91,475,345,3,0,2,2,2596,64,70,98,2
6.52,467,437,0,1,2,2,1425,85,14,61,2
9.78,100,167,1,1,1,3,1393,27,100,72,2
8.85,422,134,4,1,1,2,37,76,72,61,1
8.97,355,109,3,0,1,3,2225,71,0,70,2
8.0,138,223,4,1,0,2,448,54,15,78,1
7.9,118,167,1,5,5,0,185,50,86,78,1
6.44,56,106,4,1,4,2,706,6,87,69,1
8.24,130,379,1,6,5,0,1785,2,87,67,2
6.99,36,23,4,7,3,0,1911,90,9,96,1
9.91,467,296,1,7,4,1,1035,18,38,72,1
9.19,479,306,4,2,2,4,358,20,10,96,1
7.65,110,422,3,5,0,4,2877,43,29,93,2
6.61,152,357,3,5,5,0,979,63,39,93,1
9.14,404,369,4,2,0,4,669,64,32,100,1
6.49,249,484,4,6,3,4,1101,93,6,69,1
6.76,241,210,1,0,4,2,2197,19,5,100,2
6.85,207,170,1,2,2,4,1381,76,49,73,2
8.23,367,68,1,1,3,4,1820,3,51,60,2
9.15,169,221,2,2,0,4,1679,91,71,74,2
7.26,256,442,4,5,3,1,2011,89,79,60,1
6.34,278,152,4,4,1,4,1028,62,48,99,1
7.86,362,349,4,2,4,2,1023,66,20,61,1
8.99,112,375,4,0,2,3,678,37,67,92,1
6.89,407,280,1,1,1,1,2499,38,90,65,2
6.88,174,200,1,5,4,2,2552,70,34,89,2
9.79,88,218,2,5,1,0,2717,4,0,85,2
9.82,134,407,1,1,3,2,1803,81,15,80,2
9.96,293,445,4,0,2,3,1459,1,30,83,1
9.23,494,103,4,2,5,1,2724,76,58,69,1
6.75,302,298,0,6,3,3,987,76,17,62,2
6.85,358,314,1,1,3,0,1127,46,36,78,2
7.36,418,309,0,1,4,0,483,96,9,85,2
7.27,205,485,4,4,2,0,1081,32,48,90,1
9.83,317,334,1,0,2,2,389,46,22,67,1
9.16,72,229,4,5,3,2,2901,79,18,81,2
8.9,258,409,0,5,2,4,1689,7,41,60,2
6.74,357,53,0,6,0,0,1075,54,6,100,2
9.64,147,188,3,2,2,3,1266,47,93,66,1
9.31,488,221,3,2,3,0,2819,11,37,60,1
6.65,224,74,1,1,0,1,1445,60,40,60,2
9.48,104,348,1,3,0,2,2119,63,61,71,2
7.09,43,462,1,4,4,0,1383,43,42,87,2
6.32,415,171,1,4,3,4,2051,34,81,92,2
8.63,355,392,1,4,2,0,1722,31,69,60,1
8.62,25,41,1,5,5,4,1129,65,75,89,2
6.38,303,156,1,1,0,2,2632,62,10,97,2
7.28,260,334,0,0,3,2,1685,43,47,76,2
9.97,58,80,0,0,4,4,914,70,1,78,2
8.71,60,207,0,4,1,1,2490,48,91,70,2
8.92,304,313,4,5,1,2,1556,62,81,93,1
6.85,413,85,2,7,2,4,2536,40,86,91,2
6.32,400,231,4,7,1,2,1649,70,76,90,1
7.11,69,446,1,3,0,0,350,34,83,74,2
7.0,441,176,2,6,5,3,2212,78,23,64,1
6.94,446,106,0,6,0,1,1056,57,76,86,1
6.77,444,138,0,5,3,3,1350,69,26,98,2
8.3,446,101,3,3,2,1,2685,5,14,77,1
7.31,270,472,1,7,5,0,2963,11,84,95,2
9.28,256,309,1,2,3,4,865,97,1,100,1
6.74,396,29,3,3,5,4,452,3,9,62,1
7.86,431,193,4,4,3,4,1867,33,81,81,1
6.05,383,320,3,2,2,0,1164,34,50,79,1
7.93,417,243,1,4,5,3,2085,70,100,85,2
6.22,124,485,0,7,5,2,1710,74,72,83,2
9.91,413,313,3,5,3,4,2079,96,75,85,1
9.16,18,184,2,7,5,2,644,71,60,73,1
7.96,118,292,0,5,1,3,1679,6,17,64,2
6.35,319,246,4,0,4,2,2278,86,66,88,2
8.37,65,117,0,4,3,2,2188,66,19,85,2
9.04,244,437,4,7,5,2,1286,8,34,91,1
6.76,56,72,0,2,0,0,1854,28,93,95,2
8.27,43,68,1,4,0,3,991,50,66,82,2
9.26,11,241,4,1,1,2,912,6,14,97,1
9.07,377,151,4,5,3,4,2791,17,17,99,1
9.21,423,318,3,2,3,4,174,83,98,78,1
9.52,235,474,0,3,2,3,1470,94,59,62,2
9.75,23,93,4,0,3,0,442,19,9,75,1
7.62,394,434,4,3,3,2,932,62,42,70,1
8.28,449,270,0,4,0,0,2947,22,71,92,2
9.16,256,430,0,3,2,3,2077,85,41,67,2
8.79,441,456,2,2,3,1,2691,57,27,67,2
9.98,283,429,3,1,5,4,819,46,56,66,1
6.05,323,228,4,7,1,2,1290,21,96,75,1
7.42,360,29,0,3,3,2,2645,53,80,85,2
7.12,250,112,4,4,2,3,2182,43,12,75,1
7.05,93,334,2,3,1,3,108,40,18,87,1
6.89,379,147,2,3,1,0,2720,78,38,85,2
8.84,442,56,4,6,1,4,2668,12,52,98,1
6.34,454,176,3,7,0,0,1756,10,78,63,1
8.97,379,311,1,2,0,3,2244,83,58,80,2
8.77,21,55,4,6,1,4,2922,26,36,88,2
7.0,473,408,2,6,5,3,2493,89,10,91,2
7.01,156,264,3,4,0,0,2257,46,96,85,2
8.52,88,236,0,6,1,0,1856,17,75,77,2
9.05,201,277,3,4,1,0,2551,91,15,62,2
9.51,467,76,3,1,4,1,960,1,0,96,1
9.41,461,420,4,6,0,0,732,11,21,61,1
9.86,480,123,3,7,4,2,2599,3,80,89,1
8.33,196,27,0,2,5,0,2890,73,57,85,2
9.63,44,141,4,5,5,3,691,40,47,94,1
9.23,453,157,2,2,1,0,2298,15,46,66,1
9.58,469,166,0,0,1,3,1760,32,53,100,2
6.05,379,184,4,1,4,3,822,43,18,82,1
9.86,400,388,4,1,2,4,2452,58,63,79,1
7.89,78,11,1,4,1,1,2169,65,65,85,2
9.19,38,418,0,4,5,3,1241,86,15,92,2
6.51,423,168,3,7,5,3,2022,77,38,62,1
7.58,283,318,0,1,0,2,2561,27,20,80,2
7.09,500,425,0,2,3,0,566,96,44,65,1
7.17,385,380,1,0,5,1,2045,47,64,90,2
6.49,465,448,3,7,3,1,975,87,22,67,1
9.22,154,493,1,4,3,4,1506,27,41,92,2
6.04,148,448,1,0,4,3,2135,26,86,60,3
7.25,342,105,1,7,1,3,2525,12,9,79,2
6.7,390,253,0,1,5,2,626,57,83,78,2
8.36,444,426,1,2,5,1,2957,1,11,60,2
7.02,51,443,2,0,2,0,258,92,94,91,2
7.04,250,403,3,5,0,4,1576,16,40,93,1
7.95,431,97,3,3,3,4,1531,17,55,79,1
8.61,381,118,1,7,3,4,2070,59,77,97,1
6.49,146,225,0,7,0,4,59,13,5,99,1
6.7,328,446,4,1,3,1,823,89,36,87,1
6.99,395,374,4,2,4,3,1295,67,25,67,1
9.89,493,151,0,1,1,1,2169,5,78,93,2
7.59,349,475,1,1,1,0,717,15,63,78,1
8.4,454,202,1,7,2,4,2167,84,1,68,1
6.97,257,455,2,0,4,1,2206,42,0,72,2
7.96,272,162,4,0,2,0,665,46,86,61,1
6.3,458,296,4,3,3,2,1365,71,2,93,1
6.14,497,121,3,4,5,4,1873,6,2,60,1
7.87,124,15,1,3,1,3,996,77,28,90,2
7.59,203,377,0,5,2,3,423,46,21,61,1
6.55,255,335,1,7,2,3,34,70,13,81,1
8.75,130,105,1,2,4,0,489,74,56,67,1
9.97,20,261,2,6,5,1,1634,42,62,96,1
7.58,77,19,0,2,3,4,1201,83,75,95,2
8.5,334,439,2,1,0,4,1973,88,79,62,2
9.85,50,243,2,0,4,4,2034,95,44,94,2
9.33,361,243,2,1,4,4,1586,82,31,70,1
7.85,360,458,2,4,3,2,699,62,3,95,1
8.95,265,391,1,1,0,4,1510,50,5,83,2
6.51,115,211,3,5,4,2,1598,84,100,69,2
8.05,54,223,1,2,2,1,1690,73,37,66,2
7.12,291,352,2,5,2,3,2626,2,21,80,2
6.64,50,261,2,2,2,2,1890,45,38,63,2
7.71,329,219,3,5,5,3,2150,94,19,82,1
6.52,272,7,4,3,5,3,2558,37,7,75,2
8.8,253,445,0,6,2,0,2238,0,26,70,2
7.82,491,13,2,7,0,2,612,84,23,77,1
8.12,472,386,2,5,5,4,2868,88,90,75,2
6.59,60,129,1,1,3,0,738,13,83,74,2
6.56,346,21,2,7,3,4,877,37,73,60,1
8.33,480,224,2,0,0,3,324,35,83,73,1
9.94,458,234,0,4,3,0,938,63,74,83,1
6.39,396,340,1,4,2,4,141,93,64,98,1
7.14,448,453,4,5,0,4,1639,84,88,88,1
9.48,350,487,2,0,2,1,932,36,75,73,1
6.29,224,198,2,4,3,0,871,85,9,63,1
9.5,468,133,4,5,4,0,75,59,60,67,1
8.1,335,177,3,5,0,3,1307,30,80,73,1
7.63,102,43,4,0,1,3,259,45,69,78,1
7.24,470,7,4,0,1,0,379,2,13,76,1
7.19,457,279,1,3,5,1,429,51,61,92,1
7.22,47,26,4,5,2,1,2686,81,81,92,2
9.54,224,436,1,1,3,3,2012,95,98,90,2
8.9,341,50,4,7,2,2,2339,11,89,87,1
8.68,232,411,2,2,5,4,910,19,70,85,1
9.19,69,442,2,2,5,3,756,22,11,63,1
7.03,46,68,3,5,1,1,869,28,71,88,1
8.47,227,466,4,1,0,0,574,15,12,81,1
7.84,494,456,0,4,2,1,721,99,87,78,1
9.13,9,280,4,6,3,0,2446,31,55,79,1
7.24,184,43,0,0,1,3,1524,55,30,91,2
8.57,79,174,4,2,0,4,2854,0,67,69,2
9.53,12,118,1,3,2,4,2743,40,13,89,2
7.61,498,364,2,4,0,3,2552,100,66,97,2
6.27,444,375,0,7,4,4,1029,90,36,93,1
8.06,313,268,0,3,1,4,2898,81,64,69,2
7.38,339,180,4,2,2,2,1679,67,94,86,1
8.69,323,52,2,1,0,2,2483,28,92,79,2
9.8,83,292,3,1,2,2,1766,71,11,75,1
7.94,85,190,0,3,3,0,2485,87,68,90,2
7.86,156,193,2,5,3,2,2933,9,12,97,2
8.62,143,370,2,4,2,3,1289,91,6,61,1
6.41,490,39,0,2,1,2,2811,66,57,64,2
7.01,62,77,1,0,5,3,1404,51,54,92,2
9.68,430,188,1,1,2,2,1236,66,85,100,1
8.68,42,94,4,3,2,4,2638,22,49,76,2
6.05,406,389,4,6,2,2,1979,26,36,98,1
6.82,157,24,2,7,2,3,904,41,43,64,1
8.73,184,102,0,2,1,3,457,23,10,62,2
9.06,285,301,1,4,4,3,277,62,82,89,1
9.36,490,158,2,5,4,2,98,7,8,62,1
7.17,322,357,1,0,0,0,1016,7,10,92,2
9.72,439,207,0,7,1,3,936,46,43,97,1
8.21,23,446,1,0,1,0,313,16,70,80,2
8.79,496,346,3,5,1,2,246,32,31,76,1
8.39,356,93,4,1,3,0,2107,9,20,97,1
6.49,204,323,1,0,1,0,361,100,70,76,2
9.85,361,38,0,2,3,3,1229,10,92,95,1
6.49,223,335,0,1,4,2,682,89,87,100,2
7.02,100,163,3,1,4,3,1912,50,41,99,2
9.25,203,390,0,1,3,4,1253,96,23,65,2
8.47,7,340,3,5,2,1,2206,71,26,96,2
9.35,471,321,2,6,4,0,1711,28,44,93,1
8.06,171,54,1,2,2,2,212,77,5,74,1
7.51,207,71,0,3,0,0,1334,83,6,99,2
9.69,95,41,4,7,3,2,748,33,90,94,1
6.15,161,410,1,7,5,3,1044,10,9,67,2
9.42,290,385,3,0,0,1,1296,7,2,62,1
6.92,95,325,1,0,3,1,1538,0,21,82,2
9.39,305,131,1,3,0,1,1257,26,74,64,1
6.56,144,20,0,1,0,1,756,78,30,65,2
8.32,257,0,4,7,1,0,156,48,41,83,1
9.55,473,165,2,4,5,2,1741,19,45,81,1
7.89,437,59,4,2,4,4,2978,93,3,70,2
8.99,299,75,3,1,3,2,1168,46,65,92,1
9.22,464,90,4,1,4,0,72,21,84,100,1
8.95,101,397,4,1,1,3,1591,76,46,83,1
9.7,176,206,3,0,4,4,1472,86,51,83,1
7.79,385,87,4,5,5,4,369,21,35,85,1
6.69,327,81,2,5,3,4,2420,66,87,85,2
6.19,109,16,1,6,1,0,2997,78,2,60,2
6.99,197,328,2,5,2,1,414,76,54,98,1
6.57,392,430,1,0,1,1,828,78,45,94,2
8.23,128,209,1,5,5,1,2684,55,94,71,2
6.74,452,311,4,4,3,2,2776,21,73,65,1
6.16,358,382,1,2,0,1,2818,75,73,94,2
6.14,136,52,3,6,4,4,1826,43,100,97,2
9.33,397,127,2,1,5,1,2047,80,10,81,1
8.37,26,145,1,7,0,4,2090,60,76,69,2
7.43,136,452,4,6,2,4,789,95,83,94,1
9.58,163,303,4,5,0,2,288,44,58,84,1
6.28,348,392,4,6,4,1,926,40,62,61,1
9.92,467,309,0,6,0,3,320,49,98,67,1
8.47,462,418,2,0,1,1,1870,73,26,62,2
6.73,355,491,4,3,3,3,2846,42,62,90,2
8.72,130,247,3,0,5,2,2234,17,66,91,2
9.05,372,429,4,1,5,0,425,40,86,64,1
7.72,150,0,0,1,0,2,2331,82,84,60,2
9.45,377,40,2,0,3,2,272,90,30,79,1
6.6,245,72,1,7,3,3,2585,7,84,61,2
7.12,109,159,2,3,5,2,2166,17,71,67,2
6.37,72,211,1,3,3,4,1113,93,27,97,2
6.84,285,332,1,6,1,2,2904,58,21,83,2
6.95,274,295,4,1,3,2,2044,24,89,99,2
9.67,357,138,3,6,5,3,1368,50,71,73,1
6.31,66,445,3,0,0,2,523,0,94,99,2
7.71,49,429,4,7,5,2,1696,81,2,84,1
8.13,303,303,0,2,3,1,1367,48,54,76,2
9.59,2,42,1,7,1,4,505,77,81,88,1
9.99,225,178,3,2,5,4,103,12,75,95,1
9.01,65,188,2,1,3,4,2213,88,30,68,2
9.88,154,245,0,3,0,2,2210,63,61,60,2
9.15,470,297,4,2,1,4,1109,7,98,98,1
9.85,361,153,0,0,2,1,1242,59,44,63,2
8.83,479,103,3,6,2,0,356,18,100,84,1
6.32,110,10,4,4,0,0,2289,61,83,87,2
7.61,482,24,3,4,4,1,434,39,17,67,1
8.59,295,295,1,3,3,0,507,52,28,65,1
7.4,380,24,0,5,5,0,1954,2,81,86,2
7.09,255,83,1,4,4,3,2028,28,100,100,2
8.31,273,105,2,0,1,2,2858,79,73,65,2
9.73,154,240,1,5,3,3,2343,6,68,68,2
6.14,138,118,0,1,5,3,1054,61,33,97,2
9.08,166,458,2,1,5,1,2435,52,96,99,2
8.89,18,107,3,0,5,0,626,84,82,64,1
9.86,344,329,2,1,4,1,2168,42,49,86,1
9.72,390,179,0,0,0,4,1404,13,46,99,2
9.05,222,368,4,0,1,3,1666,38,77,100,1
8.08,56,130,2,4,3,0,2425,23,63,60,2
6.82,385,294,3,5,2,2,707,93,89,78,1
8.18,293,90,2,4,5,3,591,32,69,95,1
9.06,132,418,1,3,5,0,1513,85,38,83,2
9.58,461,240,4,4,3,4,1727,73,85,60,1
9.16,337,246,0,1,5,1,2691,61,3,62,2
6.78,291,167,4,5,1,0,1119,61,97,83,1
8.4,451,222,1,4,2,0,1802,74,47,84,1
7.33,343,468,4,0,0,3,2915,78,63,98,2
6.04,204,277,1,4,3,0,1783,54,67,73,2
6.8,118,189,2,7,4,4,554,93,56,92,1
6.45,252,18,0,1,4,2,2829,13,1,83,3
9.37,84,13,1,3,0,4,8,95,86,85,1
7.03,184,484,1,5,1,0,2328,61,83,70,2
7.14,224,242,2,2,0,2,2838,25,26,62,2
9.84,147,108,1,5,1,4,475,84,12,79,1
7.52,388,433,0,0,2,2,1852,4,98,68,2
6.04,279,189,3,1,1,3,2586,46,18,100,2
7.14,226,470,4,1,2,0,172,75,20,79,1
6.48,285,217,1,6,3,2,1084,28,72,67,1
6.41,283,298,4,2,3,1,2014,20,10,79,2
6.31,180,310,4,3,0,3,1020,24,34,76,1
8.37,434,235,3,7,0,0,102,52,73,95,1
6.76,108,167,1,0,3,3,650,79,40,70,2
7.44,134,267,0,3,4,1,273,94,58,92,2
9.45,425,192,1,7,2,0,903,83,5,72,1
7.7,290,241,4,2,5,3,1422,94,20,65,1
9.66,374,161,2,0,3,3,2402,74,13,61,2
7.99,477,363,3,4,5,2,1656,55,42,100,1
7.6,289,338,0,3,5,2,750,60,49,99,2
9.0,102,278,0,4,4,3,1990,31,38,81,2
6.29,200,454,4,0,5,2,2386,7,44,84,2
6.36,116,134,0,2,1,0,454,86,75,95,2
8.61,331,192,4,7,3,2,2322,71,97,94,1
7.95,309,401,0,4,4,0,1374,1,38,84,2
9.16,28,391,0,7,3,0,1988,26,50,71,2
9.67,393,88,4,7,5,0,1945,35,61,80,1
7.55,26,41,3,4,1,0,238,98,9,65,1
8.39,466,92,0,1,1,3,2286,22,73,89,2
8.0,12,214,1,0,2,4,883,40,37,81,2
9.93,41,348,2,5,1,4,2984,12,88,76,2
9.32,420,0,4,2,1,0,442,94,11,80,1
9.65,444,334,0,7,2,4,1610,93,64,70,1
7.02,223,398,3,1,3,0,1974,5,89,74,2
9.09,462,411,1,3,3,4,1600,58,35,73,1
7.06,20,163,4,2,2,1,2171,19,12,84,2
6.83,386,105,1,6,3,2,180,89,18,73,1
9.78,135,231,2,1,3,4,490,99,100,67,1
6.08,325,479,3,6,5,0,1537,18,55,60,1
9.86,220,45,4,3,4,2,1014,85,30,62,1
6.6,466,204,4,6,2,2,2782,11,92,77,1
9.28,144,20,0,2,2,3,1508,2,26,82,2
7.1,9,176,1,1,5,3,173,4,82,61,2
7.4,224,166,4,2,0,4,102,68,52,91,1
6.87,140,293,1,4,4,3,1992,42,11,65,2
8.34,474,264,2,7,3,0,2633,86,59,79,1
7.39,105,275,0,1,0,3,2537,77,87,65,3
8.63,267,339,2,4,4,1,417,52,20,64,1
6.06,193,7,0,1,3,4,933,38,23,76,2
6.26,457,269,0,4,4,2,188,6,61,71,1
6.4,127,317,1,6,1,2,305,34,21,91,1
7.68,212,211,0,0,3,1,582,77,30,88,2
9.26,150,162,2,4,4,0,1169,52,82,64,1
9.55,448,310,2,0,4,2,1270,16,12,67,1
6.98,480,44,2,7,0,1,1815,70,97,94,1
8.3,383,404,1,5,4,3,2725,19,41,74,2
9.07,179,232,1,2,1,4,2114,33,33,73,2
7.16,316,52,3,6,1,1,1362,29,90,83,1
7.64,25,232,4,3,4,1,2534,39,33,97,2
8.1,14,437,3,3,3,3,348,12,26,85,1
6.54,21,341,3,3,0,0,214,50,96,86,1
6.1,344,170,0,0,3,3,897,5,67,60,2
6.61,64,5,0,3,4,3,1643,55,91,69,2
8.51,250,438,3,3,1,2,2858,90,70,76,2
6.29,409,43,4,4,2,1,367,17,89,68,1
6.76,20,90,3,5,0,1,1961,87,25,66,2
7.35,232,195,1,7,3,3,1992,95,49,87,2
6.31,407,3,2,3,1,3,2378,25,20,92,2
6.77,486,120,3,0,3,1,2466,33,16,83,2
9.65,15,62,0,4,4,1,2998,20,31,91,2
6.08,415,91,4,0,5,1,1198,27,26,86,1
8.61,271,246,0,1,3,0,1313,4,43,80,2
7.54,204,218,1,3,0,3,752,81,65,81,2
8.69,297,441,0,7,2,3,571,7,89,82,1
8.35,159,437,0,0,2,2,165,33,91,82,2
6.89,433,336,4,0,4,2,520,54,84,76,1
9.39,40,230,4,7,0,4,20,21,39,64,1
7.97,107,293,0,7,2,1,2753,86,34,73,2
9.29,124,187,0,7,1,1,2679,72,89,72,2
7.62,151,307,3,4,3,4,455,52,20,67,1
9.94,12,412,1,1,4,3,1279,54,5,90,2
9.08,202,167,3,1,1,1,1850,26,31,64,1
9.86,78,454,4,3,4,2,103,77,65,90,1
8.06,393,263,3,6,0,0,958,83,11,71,1
7.89,41,104,3,5,4,3,2183,25,81,71,2
9.02,168,480,0,2,2,0,97,40,13,83,1
9.52,248,223,0,2,0,0,2799,70,69,86,2
9.86,120,418,1,7,5,4,1788,87,1,79,1
7.3,386,465,2,4,4,0,2519,72,22,95,2
9.19,438,114,2,6,1,1,575,70,52,84,1
6.84,271,378,3,3,0,4,2840,100,15,94,2
8.18,299,234,1,4,5,2,189,67,17,87,1
6.72,208,271,1,5,5,0,393,62,1,82,1
7.39,472,273,4,3,0,1,919,74,65,89,1
9.73,157,442,0,1,4,1,2670,67,44,85,2
6.58,494,229,4,7,4,2,2096,91,51,80,1
8.53,120,216,2,2,5,4,56,54,86,60,1
8.37,226,33,1,0,0,4,1575,48,55,91,2
6.48,420,387,2,2,3,4,1414,90,47,86,2
7.3,443,196,0,3,3,2,2691,80,65,79,2
8.25,460,500,0,7,2,2,629,5,51,87,1
6.75,23,382,0,6,0,2,2342,80,9,70,2
9.2,229,461,2,7,3,4,766,52,15,60,1
9.89,25,448,1,5,1,0,136,11,51,96,1
6.86,57,316,4,2,0,2,2600,0,21,68,2
6.75,264,213,1,0,3,2,1417,28,62,72,2
7.82,125,45,1,1,4,4,2895,89,15,79,3
8.99,444,404,3,1,1,2,2368,71,58,88,1
7.13,274,332,1,3,2,0,177,50,32,78,1
6.08,27,239,4,2,3,4,477,57,39,94,1
8.16,390,253,3,3,4,2,161,93,87,100,1
9.83,300,227,1,2,1,2,1309,29,24,67,1
7.57,469,220,3,6,1,3,2579,63,40,90,1
7.68,127,378,1,4,2,3,2789,50,10,80,2
9.88,93,165,0,3,5,1,2459,3,38,94,2
8.78,190,72,0,2,5,1,9,87,11,72,1
8.88,420,224,1,4,4,2,1651,89,5,83,1
8.25,271,85,3,6,3,3,1682,71,3,95,1
9.9,483,80,4,3,0,1,760,94,53,75,1
8.76,4,443,0,6,1,4,1421,81,76,96,2
9.58,156,214,3,1,3,3,71,60,47,68,1
8.8,51,163,4,7,0,0,2641,33,65,98,1
8.94,242,389,3,5,5,0,969,58,74,69,1
7.16,150,239,1,4,3,0,1568,32,90,86,2
7.21,261,422,0,6,3,0,2842,39,32,91,2
9.13,419,412,0,3,1,3,2922,72,55,69,2
7.19,440,410,0,0,1,4,2198,83,46,71,2
8.25,416,68,1,5,3,0,2460,39,40,100,2
7.0,304,136,4,1,3,4,1975,46,87,79,2
9.27,424,151,4,5,5,1,2040,45,85,78,1
6.44,79,446,0,5,2,1,592,1,22,79,2
9.32,182,402,4,4,0,2,1497,38,35,69,1
8.41,353,96,0,2,4,3,796,20,64,96,1
6.75,106,378,4,0,4,0,541,77,87,60,1
8.17,153,157,0,2,2,4,1386,93,76,89,2
7.13,292,185,4,7,5,4,671,41,17,91,1
7.29,204,167,3,5,3,3,2654,45,6,66,2
7.41,115,243,0,0,3,1,2664,16,39,74,3
6.25,16,118,0,3,2,3,2073,32,67,81,3
9.94,479,195,2,6,4,4,1780,74,83,70,1
6.13,287,287,0,7,1,3,2962,41,73,64,2
8.65,155,368,4,3,1,1,2365,100,70,61,1
7.48,476,64,3,2,5,1,1353,7,38,95,1
8.58,24,161,3,7,3,0,1885,3,42,90,1
7.42,430,84,4,5,0,0,2405,10,24,73,1
8.7,277,414,1,2,4,0,2949,20,82,100,2
8.92,474,58,0,2,0,1,1591,3,43,95,2
8.76,316,461,3,4,3,4,940,12,83,68,1
6.46,125,281,4,7,5,0,2661,30,92,72,2
8.63,299,149,3,5,5,3,1034,52,68,63,1
7.12,357,417,3,1,4,4,1817,3,93,81,2
6.12,275,480,4,2,1,2,2048,15,27,99,2
7.66,364,120,2,3,5,0,2743,48,38,87,2
7.73,177,268,3,6,1,2,2534,41,51,76,2
7.87,343,254,3,5,5,0,778,85,91,69,1
8.82,430,223,1,5,0,4,916,55,59,79,1
7.24,46,54,2,5,4,2,1194,93,25,95,2
7.26,199,135,1,6,5,1,63,79,0,89,1
6.24,50,189,4,3,3,0,2553,67,10,77,2
8.75,438,405,0,7,2,3,1283,88,0,68,1
8.27,461,252,4,2,5,2,1451,38,44,98,1
7.4,294,488,2,5,5,3,2052,44,13,92,2
8.82,269,311,4,7,5,2,241,47,84,82,1
8.15,196,83,2,5,5,4,2345,62,64,81,2
7.88,430,404,1,6,2,3,1535,22,13,88,1
8.05,20,353,3,7,2,0,1190,44,9,60,1
8.55,142,176,4,7,5,1,523,1,55,81,1
8.64,247,93,4,2,3,4,2803,95,89,84,2
7.16,355,389,3,6,2,2,2464,2,98,73,1
6.56,352,34,4,3,0,0,1618,20,83,63,1
6.63,464,410,4,4,1,2,1832,7,2,99,1
8.56,467,211,0,5,2,3,2870,3,88,66,2
9.49,0,125,0,0,1,3,1933,90,49,88,2
7.64,463,368,3,3,5,1,1521,35,23,79,1
6.68,364,229,1,0,5,3,2867,55,50,67,3
9.03,337,167,4,2,0,4,765,72,69,68,1
9.33,393,13,4,1,4,2,2725,71,59,97,1
9.52,406,73,1,2,5,2,757,77,65,65,1
8.43,273,51,4,6,4,4,624,52,93,92,1
9.44,240,361,1,2,3,3,1550,66,3,90,2
6.06,57,206,3,2,1,3,2424,51,97,65,2
6.43,125,295,3,5,3,4,2422,9,83,82,2
6.37,328,42,1,3,2,1,1396,96,98,95,2
8.85,365,367,1,3,3,0,2630,52,17,79,2
6.28,500,441,2,1,5,0,1312,17,100,82,2
7.99,477,2,0,6,0,3,1440,37,68,74,1
7.89,460,398,0,0,3,0,2956,26,14,92,2
7.24,51,428,4,7,5,0,1771,29,33,66,1
9.48,499,94,4,6,2,0,2521,73,39,92,1
6.68,222,394,1,0,2,3,1881,39,37,95,2
7.41,301,237,1,0,0,2,1334,13,18,76,2
9.1,362,166,0,2,1,3,2745,46,63,64,2
6.12,268,18,4,1,4,3,648,62,84,63,1
8.69,95,206,0,2,0,1,682,6,67,68,2
9.27,272,229,3,1,4,1,1763,10,20,86,1
9.73,322,403,0,4,0,3,1350,30,30,95,1
9.51,60,213,0,3,0,4,1771,56,53,61,2
7.28,320,454,1,5,3,4,964,25,89,70,1
8.35,180,55,4,5,3,1,428,59,73,83,1
6.31,132,333,3,5,3,1,1507,21,7,88,2
7.03,415,373,0,7,0,2,1242,69,81,74,1
6.38,88,131,0,2,3,1,31,83,17,98,2
7.26,172,8,1,4,5,0,1365,59,57,62,2
9.5,311,230,2,0,0,3,472,42,76,77,1
7.39,4,152,4,5,3,3,1655,78,65,97,1
8.25,356,430,4,4,4,3,391,28,9,80,1
7.73,342,482,4,5,1,2,2458,30,48,93,1
7.84,203,484,0,3,3,2,1180,9,44,62,2
9.88,161,304,0,5,2,0,252,49,63,67,1
7.18,60,410,0,3,5,3,1068,77,13,94,2
8.51,470,283,2,5,1,0,1102,8,66,62,1
7.68,463,471,0,5,2,1,2375,87,43,99,2
6.24,496,480,4,3,1,3,145,100,64,72,1
7.96,189,480,4,6,3,0,655,91,78,75,1
9.25,324,189,1,7,4,2,470,82,44,89,1
6.4,62,15,2,5,3,2,986,28,97,68,2
6.28,43,342,3,4,5,2,919,19,35,81,1
6.61,238,429,0,6,0,0,960,50,38,88,2
9.06,27,202,3,0,2,0,1336,14,73,72,2
8.9,197,173,0,2,1,0,1112,52,56,63,2
8.26,268,167,2,5,4,4,2134,39,76,85,2
7.87,170,338,2,6,2,3,2011,63,30,89,2
9.55,29,33,4,0,4,4,2453,50,24,61,2
9.07,153,470,2,7,2,4,1189,58,20,99,1
9.25,208,393,3,6,3,1,2987,99,7,97,1
9.25,62,228,3,6,5,1,2696,95,7,65,2
8.57,328,494,2,1,0,2,1406,19,17,97,1
7.83,56,0,3,1,2,4,1346,20,16,76,2
9.46,319,321,0,2,4,1,2548,99,38,64,2
9.7,207,114,1,5,3,4,8,27,73,71,1
6.1,432,213,4,5,1,3,1546,37,11,93,1
6.21,307,253,1,3,1,4,494,53,53,62,1
9.83,62,144,3,2,5,2,1014,5,68,70,1
7.11,247,46,4,4,3,0,1327,68,19,77,1
9.49,465,279,1,7,5,2,2186,70,41,81,1
7.56,140,177,1,5,1,4,528,23,95,63,1
6.48,92,212,3,3,4,4,514,34,36,82,1
6.32,106,359,4,2,5,0,1089,28,97,88,1
6.63,364,284,4,2,0,2,1739,77,100,87,1
7.0,87,244,1,6,5,2,1648,98,26,66,2
7.95,300,252,4,4,3,4,319,67,70,75,1
8.81,107,205,4,4,0,3,1850,81,15,100,1
9.95,45,71,0,0,0,1,1004,47,14,99,2
7.77,76,221,3,1,3,4,549,21,60,84,1
8.07,216,341,3,2,2,4,189,29,59,85,1
8.09,168,214,0,6,4,1,2836,61,0,96,2
8.16,301,359,1,0,3,0,1340,41,17,74,2
8.07,128,498,2,3,4,4,1662,14,82,86,2
6.04,200,140,1,3,0,3,350,42,88,91,2
6.01,195,447,0,1,0,0,47,8,55,92,2
6.39,347,155,4,3,2,0,1873,19,64,67,1
6.41,267,221,0,1,0,0,2483,67,95,65,3
8.82,87,388,3,3,3,4,1367,64,95,91,1
6.82,252,329,4,7,4,0,979,56,40,100,1
9.58,237,230,1,3,2,2,263,17,9,67,1
9.71,72,392,4,2,5,4,2950,67,56,62,2
9.9,418,141,3,4,3,4,706,27,30,81,1
9.76,357,357,0,2,4,1,2819,70,20,97,2
7.09,354,393,1,0,4,0,252,13,0,95,1
8.04,160,416,2,7,1,4,2198,39,87,91,2
6.7,57,74,2,4,1,3,1458,37,32,84,2
9.22,383,39,0,2,3,3,1275,16,89,87,2
9.55,372,389,1,4,2,4,2352,57,100,89,2
9.41,290,272,1,4,4,4,53,49,86,89,1
7.73,429,419,4,4,4,3,2057,69,18,65,1
9.03,339,69,0,3,3,3,2900,60,17,75,2
6.39,65,316,4,4,2,2,1794,25,45,86,2
6.16,427,110,0,7,5,3,831,58,96,69,1
9.01,25,457,3,3,0,2,208,40,10,82,1
7.7,297,432,0,5,5,4,756,67,74,79,1
9.98,76,233,4,4,2,0,2839,91,95,85,1
6.39,285,196,1,3,0,0,2638,76,98,94,2
9.42,371,338,0,4,4,1,2814,97,55,78,2
7.92,415,198,1,0,1,2,855,45,28,77,1
9.31,35,23,3,2,1,3,1100,81,2,89,1
9.27,18,306,2,5,3,2,1540,23,18,82,1
9.66,277,425,2,4,5,1,977,93,67,78,1
7.19,320,146,4,0,2,1,860,9,98,95,1
9.8,312,61,0,7,2,2,821,65,34,96,1
6.61,266,458,3,7,0,3,2358,42,44,74,2
6.33,281,66,3,2,3,4,2431,54,10,92,2
7.73,431,29,1,1,2,4,2126,92,82,83,2
9.31,18,106,4,5,3,4,1396,64,49,86,1
7.89,338,165,3,5,0,1,2977,80,51,92,2
9.32,139,389,0,4,5,2,534,21,24,65,1
8.92,66,366,3,1,4,1,420,58,83,93,1
6.84,311,482,2,2,3,3,521,89,84,68,1
9.8,17,405,4,2,1,0,841,73,74,87,1
6.24,368,120,1,4,4,1,1014,7,15,72,2
9.59,260,10,0,0,2,3,2268,83,25,94,2
7.22,111,71,2,4,5,3,1168,21,73,93,2
8.0,407,346,3,7,0,3,1381,56,70,76,1
7.69,461,252,4,0,0,0,505,51,4,75,1
6.69,114,284,4,6,1,4,966,47,0,91,1
7.43,165,118,0,4,3,2,2027,87,29,78,2
6.77,66,374,1,7,1,1,351,21,23,97,1
6.82,254,7,2,0,3,0,248,86,19,84,1
6.75,69,214,1,7,1,3,2055,48,90,61,2
7.96,459,220,0,7,1,0,160,91,48,60,1
9.19,307,79,0,3,0,1,1969,1,14,99,2
8.28,202,418,2,0,3,2,1334,57,88,63,2
9.57,126,71,4,0,1,1,1112,41,46,63,1
8.55,422,199,4,2,5,0,2650,100,37,74,1
8.76,442,172,2,1,5,3,737,67,70,83,1
8.67,409,288,1,4,2,3,346,36,96,94,1
7.8,320,233,2,2,5,4,2003,20,10,81,2
8.76,79,260,4,1,5,4,756,25,44,64,1
6.28,175,445,1,2,5,2,788,14,12,71,2
9.44,112,420,3,5,0,2,2470,98,47,89,1
9.11,110,144,1,2,0,4,2416,46,54,60,2
6.98,308,21,4,4,0,4,1036,14,3,80,1
9.07,136,77,0,5,0,1,470,85,29,95,1
6.05,132,229,1,3,1,1,2866,0,47,85,3
6.87,371,159,1,2,5,3,631,51,98,86,1
6.26,327,13,0,4,1,3,775,89,84,64,2
9.12,188,235,4,0,5,4,1750,9,66,61,1
9.02,276,147,3,1,0,1,1614,19,69,62,1
9.25,224,149,3,6,1,4,269,59,55,74,1
6.02,102,29,2,4,1,4,916,47,44,61,2
8.0,106,437,3,3,3,2,1352,0,2,64,1
8.82,62,160,3,6,2,4,2414,75,15,99,1
6.62,403,260,1,4,3,3,186,40,10,80,1
8.6,441,17,2,4,4,2,836,23,51,91,1
6.34,244,62,3,7,3,1,1092,89,71,77,1
6.73,172,429,1,0,2,3,2793,63,89,89,3
7.9,405,134,2,1,2,0,1922,61,50,63,2
8.61,332,156,1,6,3,1,86,63,9,85,1
6.58,486,56,0,5,5,0,499,1,96,99,1
6.74,330,430,4,1,3,3,1714,19,33,92,1
6.82,209,264,4,3,5,1,65,53,92,96,1
6.95,190,253,4,5,4,0,970,18,82,67,1
6.91,157,494,3,5,5,0,415,24,24,67,1
7.58,318,186,4,1,0,1,654,0,21,91,1
8.62,224,367,4,0,2,4,2356,94,90,84,2
7.75,171,360,2,3,0,3,2707,57,14,66,2
9.1,322,378,2,0,5,3,366,67,52,76,1
8.88,441,326,2,0,4,2,248,2,90,98,1
6.51,448,198,3,5,1,1,2788,35,16,96,2
6.2,35,368,4,4,1,3,1310,74,0,61,1
9.51,133,170,3,4,5,0,1502,18,6,87,1
6.32,36,314,3,4,0,1,2134,72,40,75,2
6.59,92,5,3,5,3,0,2613,41,82,91,2
6.09,74,365,3,6,2,1,322,40,60,95,1
8.51,243,255,3,2,0,0,295,19,52,80,1
8.33,182,366,3,0,3,0,537,72,80,96,1
9.95,204,308,4,1,4,1,813,17,6,88,1
9.55,458,319,2,3,3,2,1544,56,31,66,1
7.64,186,487,1,2,4,0,199,99,38,88,1
7.49,165,247,1,4,0,1,598,41,88,84,1
7.19,114,218,1,5,1,4,733,95,24,78,2
6.61,408,3,0,6,5,4,1894,67,80,83,2
6.55,206,0,2,2,2,2,2959,93,10,63,2
6.53,244,325,4,5,0,1,2295,10,19,74,1
6.46,332,30,3,2,1,2,660,41,35,80,1
6.96,489,320,1,0,4,0,2906,82,60,81,2
7.23,160,116,2,0,2,4,1163,17,37,82,2
9.85,12,452,4,5,3,2,2263,4,5,77,1
8.31,293,274,1,1,0,0,1796,82,66,98,2
9.95,500,196,2,3,3,4,2352,19,44,100,1
7.49,441,373,4,3,2,2,1240,65,26,66,1
7.83,471,324,2,4,0,0,317,82,66,98,1
7.3,403,176,3,1,0,3,2203,57,9,81,2
6.73,235,286,2,7,5,4,583,100,9,69,1
6.57,272,443,2,3,3,0,2082,74,54,89,2
9.78,378,235,0,6,3,3,1538,12,30,65,1
9.95,113,454,3,2,1,2,919,63,5,94,1
6.18,151,78,2,7,5,3,1904,83,23,88,2
6.6,25,242,3,2,3,4,1828,41,78,85,2
7.69,167,310,2,3,4,1,1271,1,78,70,2
6.75,31,500,3,2,1,2,2518,49,2,63,2
7.46,220,204,4,5,3,3,1418,8,33,68,1
6.52,205,459,1,2,0,0,490,44,46,68,2
7.83,420,382,0,5,3,1,2275,70,18,85,2
7.09,341,210,1,4,5,1,2793,3,29,62,2
7.41,97,332,2,2,2,2,2779,60,33,87,2
6.38,90,90,2,5,1,3,2495,65,51,99,2
7.71,475,165,4,3,0,4,455,86,61,94,1
9.93,376,160,2,0,3,3,1843,0,84,78,1
7.32,213,5,3,2,2,3,405,68,66,85,1
9.51,187,140,1,7,1,2,1915,31,96,81,1
9.37,56,204,2,3,1,2,712,18,80,97,1
9.81,106,460,4,2,1,0,498,30,33,93,1
9.16,441,19,0,6,0,4,996,53,54,98,1
8.64,194,99,1,1,3,2,592,3,97,82,1
9.43,21,164,4,5,0,0,402,6,82,78,1
6.3,185,44,4,4,4,1,2278,31,0,86,2
7.85,367,456,1,6,3,0,279,96,70,66,1
9.96,84,336,4,0,4,4,869,5,58,91,1
9.08,79,226,0,5,3,0,1139,97,85,68,2
9.85,328,314,0,2,1,0,2453,50,32,92,2
9.12,76,51,2,3,0,2,749,14,36,62,1
9.5,329,145,3,0,4,4,1558,27,49,68,1
8.83,382,280,2,2,1,0,1165,79,69,86,1
9.04,432,122,3,7,1,3,2878,20,2,91,1
8.09,376,206,1,1,5,0,1764,85,34,72,2
9.7,340,470,4,3,4,1,1355,96,15,60,1
9.3,176,384,2,4,3,1,70,98,46,81,1
9.38,425,296,4,2,4,0,73,24,89,61,1
8.69,423,101,2,3,0,0,1428,39,33,85,1
7.22,454,273,2,6,2,3,2493,25,34,72,2
6.14,173,128,0,7,3,0,1790,18,63,67,2
9.74,405,166,3,2,1,2,2200,19,100,80,1
8.34,81,201,1,4,5,4,460,93,40,90,1
7.19,20,414,4,1,4,3,938,41,45,74,1
6.6,178,101,2,5,5,0,2339,99,4,96,2
9.32,497,70,4,7,5,2,2727,19,59,68,1
9.35,397,421,0,4,2,0,601,40,53,84,1
9.26,329,7,1,6,5,3,219,44,49,83,1
8.58,224,161,3,4,4,3,1706,85,17,71,1
7.46,264,72,3,4,2,1,780,36,48,95,1
7.22,401,344,2,7,3,1,257,26,40,75,1
6.03,268,26,1,5,4,0,1229,95,23,97,2
9.33,250,168,3,0,4,4,1703,45,29,70,1
6.35,272,262,1,3,2,2,2344,85,14,96,2
8.52,381,287,4,2,0,1,646,7,81,92,1
8.02,342,72,0,5,5,1,2205,11,15,65,2
8.11,408,208,1,1,1,4,431,88,17,87,1
9.71,437,98,1,2,2,3,1714,81,90,88,1
6.13,271,367,3,0,5,0,2628,64,0,74,2
9.09,279,399,2,1,4,0,1559,63,10,66,1
6.21,222,385,2,0,2,2,613,31,38,94,2
6.15,74,426,4,7,2,4,2562,45,73,81,2
7.72,150,30,3,2,4,4,2802,65,8,91,2
6.25,424,335,3,1,4,4,260,35,38,78,1
9.16,358,430,0,6,0,3,2867,45,16,60,2
8.12,341,32,2,5,0,4,1685,21,98,63,1
6.12,416,212,3,2,0,3,2869,15,34,66,2
6.16,104,144,4,3,5,0,1562,27,73,100,2
8.45,41,98,0,7,4,3,2974,47,32,66,2
9.22,175,309,2,0,3,0,2721,35,78,62,2
7.75,244,309,2,3,0,2,1996,79,52,93,2
8.22,252,434,2,6,1,4,2566,98,63,71,2
9.2,273,179,0,6,5,2,596,96,72,63,1
8.44,446,134,4,3,5,4,2503,88,72,70,1
6.9,333,437,4,2,3,2,286,38,26,77,1
8.45,91,476,3,6,0,1,107,75,21,61,1
8.51,10,394,3,2,1,1,745,79,41,80,1
8.94,151,189,2,4,4,3,1937,35,52,77,2
8.48,188,29,1,4,1,2,1387,57,95,71,2
9.88,447,81,3,1,0,4,1696,96,80,76,1
6.79,163,56,4,2,2,0,1328,47,64,78,1
9.8,125,173,2,0,2,3,1283,40,45,75,1
8.15,210,207,4,7,1,3,812,50,13,78,1
8.69,460,325,2,2,4,1,818,35,30,61,1
6.4,96,321,0,2,3,2,2276,99,71,82,3
7.52,308,182,3,5,2,2,304,48,12,94,1
9.08,338,234,0,3,5,3,1358,57,4,69,2
8.83,46,106,3,3,3,1,256,27,27,94,1
6.16,307,185,4,6,4,0,1170,97,3,81,1
8.19,223,265,4,4,2,1,33,15,28,99,1
6.35,462,131,1,5,4,2,320,92,74,71,1
9.98,56,496,4,1,0,0,512,92,31,99,1
9.59,74,329,2,1,3,3,2232,87,42,88,2
6.08,253,328,1,2,0,0,2482,22,13,72,2
9.43,150,317,2,5,4,3,2641,80,62,75,2
9.68,58,364,1,0,4,1,2667,67,2,85,2
7.41,324,170,2,3,1,0,412,86,70,74,1
8.88,439,297,1,0,1,4,2114,85,91,65,2
7.77,85,23,3,5,2,2,1125,37,45,83,1
8.62,169,260,3,3,0,3,96,26,96,81,1
7.36,145,354,1,5,0,0,1439,29,81,91,2
7.29,326,195,0,5,4,0,2422,63,92,81,2
7.7,32,98,1,2,1,4,2884,21,84,76,3
6.58,2,489,0,7,3,1,1379,69,33,60,2
9.32,283,375,2,1,4,4,352,90,94,80,1
7.39,256,332,1,5,0,0,779,21,43,73,1
7.6,125,100,0,2,0,2,2421,76,13,97,3
9.58,446,351,1,3,4,0,535,62,17,78,1
7.99,112,428,3,5,4,0,687,23,44,62,1
8.18,302,442,3,1,5,0,60,49,44,87,1
9.83,292,119,1,0,4,4,2455,96,89,78,2
9.55,341,320,1,0,0,4,871,29,24,79,1
6.68,47,446,4,4,5,3,2168,85,53,68,2
7.89,363,376,3,6,3,3,1955,6,1,90,1
9.89,274,202,2,0,0,3,465,57,32,67,1
7.49,397,89,1,4,4,0,1588,72,43,91,2
7.49,194,194,4,1,1,3,817,31,85,84,1
6.78,338,176,1,2,3,3,2516,34,100,81,2
6.46,224,114,3,7,5,1,1387,80,42,81,1
8.96,212,332,0,5,5,4,2930,21,58,95,2
9.08,320,31,0,5,2,3,1056,25,39,97,1
9.88,281,367,3,6,5,4,1784,95,84,100,1
9.09,137,433,2,2,0,2,166,92,55,96,1
6.97,354,214,4,5,3,1,2094,36,1,65,1
6.16,332,441,1,1,3,2,453,35,94,72,2
9.94,69,307,1,5,4,4,1871,45,5,68,2
7.36,298,278,1,6,3,4,1598,9,53,80,2
7.25,69,242,4,5,5,2,672,86,69,75,1
9.62,482,285,4,1,0,3,98,4,92,76,1
8.34,207,69,3,3,1,1,26,74,22,64,1
6.86,488,70,4,0,3,4,2447,60,57,65,2
9.56,199,110,1,0,5,0,841,11,97,79,1
9.97,58,157,1,0,0,1,866,19,100,79,2
6.35,258,36,4,4,5,2,707,9,6,74,1
9.45,388,303,4,0,5,4,2206,25,4,82,1
7.56,340,415,3,5,5,4,1157,11,46,67,1
8.1,350,325,0,5,4,2,728,88,47,84,1
9.66,333,34,4,3,3,0,180,7,93,65,1
9.89,356,479,0,2,2,0,2064,19,2,74,2
7.05,338,459,2,7,2,4,2694,73,78,86,2
6.85,164,323,0,6,1,3,1516,88,71,99,2
6.32,244,415,4,2,4,0,312,46,30,90,1
8.25,83,58,1,7,0,0,2746,93,22,66,2
6.05,435,373,1,5,3,3,2900,75,79,92,2
7.65,449,418,4,7,0,0,182,7,78,95,1
6.29,376,367,3,4,2,3,750,86,89,77,1
7.62,446,399,4,3,4,2,331,80,48,89,1
6.16,390,374,4,1,0,1,916,3,36,86,1
9.34,480,370,3,5,3,1,807,64,92,69,1
6.84,308,206,3,2,4,2,2308,36,18,83,2
7.31,113,360,2,6,3,0,2222,51,72,94,2
9.48,233,435,2,3,3,1,2346,7,31,89,2
8.99,261,65,2,6,4,2,1310,32,61,62,1
6.88,390,261,3,7,4,1,2980,100,19,68,2
6.29,171,269,0,6,5,0,877,34,59,75,2
8.86,17,232,4,1,3,3,2838,24,10,93,2
7.56,234,156,2,6,2,2,914,62,33,60,1
9.06,309,105,0,4,3,1,1925,92,95,62,2
7.78,382,153,4,5,4,0,2860,39,52,64,1
7.38,156,17,0,0,5,1,478,61,48,84,2
7.8,210,494,1,5,1,0,1271,27,64,96,2
8.99,280,259,1,3,0,0,2181,52,38,71,2
9.61,318,484,4,5,3,0,1358,98,95,61,1
6.2,195,312,0,2,5,0,1524,50,67,73,2
8.1,114,118,0,4,0,2,1483,66,53,88,2
6.13,396,308,3,5,3,3,1373,65,67,87,1
7.87,159,101,2,3,5,2,1347,79,22,79,2
9.54,154,24,4,4,3,1,1670,96,62,67,1
7.45,50,430,0,1,5,2,476,56,56,66,2
9.73,417,179,2,3,1,2,1247,6,88,70,1
8.52,283,476,4,5,4,1,2839,22,35,76,1
9.74,72,161,0,5,5,3,1894,94,51,64,2
9.03,327,399,1,0,2,2,2933,43,98,60,2
6.41,340,484,0,1,5,0,1606,61,18,72,2
6.92,109,349,1,0,4,2,150,81,20,100,2
7.58,285,214,1,4,0,1,2106,83,83,81,2
6.68,220,382,3,6,0,3,1064,7,78,75,1
7.98,8,123,3,0,3,2,305,93,43,90,1
7.89,396,291,2,1,4,2,546,12,31,62,1
9.83,81,155,4,1,1,1,2557,29,32,68,2
7.73,319,192,2,1,2,4,2534,19,59,89,2
9.14,293,327,3,5,4,4,2247,73,68,95,1
9.77,374,52,2,4,3,2,513,27,5,93,1
9.51,21,169,4,2,0,0,2070,18,97,94,1
6.83,414,334,4,4,4,2,1256,1,0,87,1
7.98,98,97,0,1,0,4,195,44,14,74,2
7.39,169,146,2,4,5,2,196,90,56,78,1
7.6,189,299,3,6,3,0,639,44,0,91,1
7.44,105,29,0,3,0,3,1745,61,18,83,2
9.31,319,73,2,6,3,2,1763,51,21,85,1
7.81,457,171,4,6,5,1,1751,51,25,98,1
8.09,264,372,3,3,2,0,733,44,5,75,1
9.93,381,410,2,2,1,2,441,76,59,92,1
6.24,350,83,4,6,0,4,1474,11,54,61,1
7.95,427,472,4,4,4,2,759,31,65,75,1
9.1,446,72,2,6,2,4,562,16,46,88,1
6.6,167,231,2,6,1,1,536,55,45,86,1
8.45,343,289,3,5,4,3,66,20,98,72,1
6.96,424,126,0,6,5,4,1420,32,49,61,2
9.47,112,84,4,4,4,2,2682,87,76,92,1
7.31,327,253,0,3,3,1,2639,54,20,96,2
7.32,305,151,0,1,1,0,1741,79,25,79,2
8.39,147,311,4,0,4,2,522,2,3,70,1
6.73,336,6,2,1,4,0,2582,86,98,62,2
7.14,219,451,4,2,4,4,753,54,67,65,1
7.67,453,306,0,0,2,1,2413,17,52,95,2
7.41,425,135,3,1,1,3,86,9,28,84,1
8.1,32,183,4,4,3,2,2052,31,23,79,1
8.4,219,460,3,5,5,1,578,76,60,80,1
8.27,500,313,2,6,2,1,2390,82,86,95,1
8.62,318,340,2,7,2,3,2233,31,65,68,1
7.23,184,226,3,7,2,4,794,38,55,87,1
6.51,192,324,3,4,3,3,534,76,9,77,1
9.04,360,243,4,3,3,3,1989,8,68,69,1
9.4,179,263,2,4,5,3,202,11,53,60,1
7.03,354,449,3,4,2,0,1598,5,19,63,1
7.63,471,250,1,2,2,2,1705,57,66,85,2
7.99,5,407,4,6,5,3,22,83,37,70,1
8.13,390,169,4,5,0,2,1666,83,99,82,1
8.64,8,53,1,0,3,3,2837,43,99,63,3
6.17,356,399,2,1,4,4,1113,55,15,61,2
8.89,60,131,3,1,1,4,22,7,53,60,1
6.25,463,314,3,2,1,3,1929,57,2,68,2
7.87,417,93,2,0,1,1,1537,72,63,68,2
9.31,162,45,1,6,5,2,2575,59,92,79,2
7.8,98,349,1,4,2,4,2206,3,27,72,2
6.6,147,98,1,7,5,0,2829,20,57,84,2
9.94,57,233,4,7,3,1,491,7,29,69,1
9.56,214,268,3,5,0,4,1570,55,41,76,1
9.09,315,36,0,6,0,1,2713,34,64,64,2
7.65,489,437,4,2,5,2,2489,20,74,72,1
6.74,181,432,4,4,1,1,1109,25,71,86,1
9.77,34,496,3,1,4,0,1654,49,25,72,1
8.13,302,74,2,2,4,1,2272,5,54,92,2
9.41,45,57,3,5,4,4,1691,4,56,96,1
7.37,86,18,2,2,4,0,958,25,79,95,2
7.34,3,401,3,7,0,2,2067,26,90,81,2
9.94,265,187,4,2,0,4,790,55,91,71,1
8.09,106,400,1,6,3,2,1012,62,12,78,1
6.56,74,138,4,7,0,3,2511,81,40,81,2
6.88,39,142,4,1,3,4,226,59,96,65,1
7.93,126,455,0,5,3,1,606,36,80,84,2
6.17,182,107,4,1,5,2,2851,20,96,63,2
7.85,118,220,4,3,2,1,1166,52,47,84,1
7.68,72,144,4,7,0,0,855,52,84,78,1
9.12,39,345,0,7,4,2,369,79,44,69,1
7.42,203,375,2,5,1,2,1671,32,79,84,2
9.93,464,4,0,1,3,0,1134,1,6,77,1
6.72,95,444,1,5,1,0,218,91,30,69,1
8.36,278,387,2,1,4,0,1629,45,89,62,2
6.36,142,55,0,4,3,0,778,54,79,96,2
8.94,114,254,1,7,3,3,2096,52,79,62,2
9.98,475,471,1,7,5,2,1374,67,85,93,1
9.28,371,458,3,7,0,3,239,49,46,66,1
8.22,485,221,3,1,2,3,2330,42,16,84,1
7.94,132,359,4,5,1,1,1985,19,31,64,1
9.34,167,47,2,0,5,2,1027,21,24,89,1
9.74,401,303,0,4,5,2,586,52,87,79,1
9.96,244,162,4,5,4,2,1053,82,100,60,1
7.59,276,235,2,5,2,2,2885,93,37,75,2
9.96,462,247,3,5,5,0,2191,34,56,74,1
6.62,258,364,0,3,5,4,2650,44,8,88,3
7.01,45,416,1,0,2,1,1306,4,67,84,2
6.36,345,99,1,3,5,1,2555,3,94,72,2
7.09,334,20,4,2,0,0,1882,14,69,74,1
9.07,382,101,4,6,5,3,1778,87,92,92,1
9.41,236,4,0,2,3,4,2983,96,44,94,2
9.12,52,447,1,2,4,1,534,73,64,65,1
8.52,147,196,4,7,2,3,702,98,8,92,1
8.06,186,148,1,6,2,2,2524,100,64,90,2
8.83,20,344,3,1,1,4,2862,95,65,96,2
7.56,89,329,4,6,4,4,2407,79,68,62,1
9.37,232,377,2,1,5,2,211,76,29,73,1
8.71,214,210,4,7,4,1,2303,80,99,60,1
8.79,368,159,3,4,2,4,2665,68,10,93,1
8.14,50,145,0,0,3,0,2037,44,17,99,3
9.54,152,57,1,6,4,0,511,71,33,89,1
7.01,323,353,0,0,4,0,2636,46,47,99,3
7.52,115,239,4,5,1,4,1258,89,5,65,1
9.11,393,78,2,2,1,1,483,11,24,69,1
7.97,213,151,0,2,5,3,2187,37,24,92,2
9.56,450,4,2,5,1,1,1793,38,71,73,1
7.39,338,382,4,1,5,3,1927,88,88,71,1
7.48,350,180,2,3,5,4,427,44,18,66,1
9.55,136,351,2,5,3,2,764,49,61,64,1
7.86,284,200,3,7,3,3,1885,34,32,82,1
8.06,420,438,0,6,4,3,2466,60,37,97,2
7.33,365,132,4,0,3,1,2719,4,53,86,2
7.11,70,452,3,0,1,4,2172,76,26,72,2
8.62,244,121,2,3,3,1,312,44,93,64,1
6.48,37,168,3,0,4,4,1153,37,94,63,2
9.52,215,488,3,0,2,3,357,29,32,69,1
9.12,126,353,2,6,0,2,1178,12,89,88,1
6.76,71,390,4,7,3,4,1699,14,49,72,1
8.78,225,345,1,1,2,3,1061,82,15,79,2
8.41,314,384,3,0,4,2,778,37,50,85,1
6.74,440,307,0,2,2,1,709,95,25,98,2
7.09,473,97,2,2,2,1,2014,98,49,71,2
7.64,443,281,1,4,2,4,114,83,30,77,1
8.8,283,376,3,1,5,4,1518,83,60,88,1
8.55,411,479,2,1,1,4,4,76,94,87,1
8.13,301,446,2,7,3,1,711,89,34,94,1
9.07,245,267,3,7,2,4,758,47,67,64,1
9.03,70,325,0,7,4,3,639,80,100,61,1
8.47,194,339,2,2,0,0,2675,93,7,67,2
9.15,499,18,2,1,5,0,2493,3,69,92,2
7.34,469,463,3,7,0,4,468,7,79,75,1
9.52,438,131,1,6,0,3,1884,72,15,82,1
8.46,37,95,2,1,5,3,2695,85,48,75,2
9.29,116,209,2,4,1,3,2225,11,77,66,2
8.19,237,4,3,7,3,2,1736,18,5,82,1
6.87,363,376,2,3,0,3,2611,96,60,90,2
8.17,401,127,3,5,1,1,2550,63,81,75,1
7.48,203,53,0,0,4,1,2079,3,53,94,2
8.79,350,497,3,4,4,3,1787,1,53,94,1
7.9,318,197,1,6,1,0,171,63,95,61,1
9.34,358,440,2,3,3,2,1112,70,43,86,1
8.71,4,205,0,0,4,1,2739,2,32,78,3
8.74,427,179,2,2,5,1,454,71,31,97,1
6.87,488,240,2,3,3,1,779,8,78,63,1
9.94,156,273,3,7,1,2,2737,20,99,85,1
9.37,106,319,2,7,4,3,2576,84,25,62,2
9.16,227,500,0,7,4,2,2781,55,94,64,2
7.32,141,137,4,0,2,3,1193,95,2,64,1
8.14,313,22,2,4,5,4,926,64,99,92,1
6.55,171,119,3,0,4,1,2477,85,91,91,2
8.15,145,114,1,1,5,0,2576,65,93,74,2
6.58,6,81,2,5,0,2,1252,61,34,83,2
8.21,342,195,3,7,2,2,1439,72,25,82,1
8.59,352,179,2,0,1,1,1358,58,70,92,1
7.56,445,351,4,2,0,1,780,78,65,65,1
7.99,300,174,4,4,0,0,1003,79,28,73,1
9.5,15,197,0,6,5,0,2904,43,44,90,2
6.43,319,25,4,3,3,1,61,73,20,85,1
9.17,36,453,3,7,2,3,1958,8,67,99,1
6.68,498,98,4,7,5,1,653,79,99,63,1
6.15,152,232,3,0,3,0,1490,11,13,78,2
6.74,264,426,2,4,2,1,2211,41,69,60,2
9.06,182,452,0,2,2,0,2781,84,82,70,2
7.62,155,190,0,6,0,4,1342,29,60,68,2
9.49,136,461,4,5,4,3,20,26,9,67,1
8.1,395,65,1,3,3,0,1890,57,6,83,2
6.09,401,245,4,6,3,2,2115,76,61,67,1
8.87,474,498,1,0,5,2,382,54,89,80,1
6.44,89,103,4,2,0,3,1727,91,44,64,2
9.16,439,190,3,1,4,3,872,55,31,83,1
6.67,217,140,3,4,5,2,863,22,51,83,1
7.38,329,178,1,4,5,4,1656,26,79,93,2
9.05,185,260,0,0,5,4,583,85,24,97,2
9.82,380,174,1,2,2,0,2678,52,87,90,2
7.49,208,419,2,3,2,3,701,12,40,87,1
9.32,50,163,0,7,5,2,1013,40,87,90,1
6.76,287,433,1,3,4,3,2354,94,44,61,2
9.23,87,439,2,3,2,2,1211,87,1,86,1
8.63,490,18,2,3,3,2,2577,16,3,98,2
6.77,431,19,4,0,3,0,820,78,89,78,1
7.21,135,405,1,0,3,3,1075,39,9,71,2
6.53,157,286,3,6,0,4,2629,61,96,68,2
7.53,281,360,4,4,2,3,600,15,99,88,1
6.81,407,238,0,6,0,2,2767,6,79,88,2
8.58,154,445,3,2,2,4,1474,48,20,84,1
9.98,462,43,2,1,3,2,2745,60,4,90,2
6.05,219,195,0,0,3,3,2959,77,44,85,3
8.16,458,194,4,6,4,2,85,98,47,85,1
8.29,166,356,2,7,2,1,2661,86,5,71,2
9.66,321,344,2,3,1,4,1907,9,25,95,1
8.02,178,48,2,1,0,0,642,64,18,96,1
8.17,328,484,3,6,3,1,217,74,49,82,1
7.89,49,58,4,4,4,2,795,40,42,74,1
7.08,300,131,4,3,4,3,2100,3,78,68,1
6.22,86,372,3,7,3,2,2677,36,22,87,2
7.63,32,166,4,5,2,0,563,18,40,83,1
6.21,274,134,2,7,4,3,678,42,82,82,1
8.2,140,454,2,2,2,4,2933,37,13,90,2
7.23,205,432,2,1,4,4,1043,86,17,89,2
8.13,223,88,4,7,0,2,618,23,20,95,1
6.54,112,270,1,4,2,1,158,76,88,90,1
9.73,277,262,0,6,4,3,497,95,66,72,1
9.58,403,430,1,7,3,1,2122,64,80,66,1
6.76,352,115,3,0,1,2,1869,85,14,89,2
7.37,4,195,1,2,3,3,1677,48,13,64,2
8.45,381,353,1,3,2,4,1947,95,98,71,2
6.38,211,373,3,1,5,4,147,47,35,90,1
7.42,255,428,1,4,3,2,485,12,14,81,1
7.0,333,107,0,7,3,3,271,99,85,81,1
9.66,474,361,4,1,5,2,1948,46,76,60,1
9.41,473,402,3,2,1,4,2404,20,15,81,1
8.32,415,46,1,6,5,0,1820,79,16,67,1
8.08,29,240,2,0,3,1,2610,8,80,76,2
9.72,346,308,2,0,4,2,801,67,5,96,1
9.73,409,229,3,6,0,0,1836,88,36,86,1
9.88,81,410,2,5,1,4,2103,79,27,73,1
6.5,492,388,0,2,2,2,2169,73,87,93,2
6.64,470,244,1,3,4,4,1366,73,71,92,2
8.71,235,315,0,7,2,4,905,94,23,64,1
8.17,494,249,0,1,1,2,1060,24,67,83,2
6.07,343,76,4,3,1,0,2246,72,95,63,2
6.25,387,61,1,7,3,2,642,27,66,80,1
9.55,360,58,3,4,5,4,1195,77,37,84,1
9.48,322,237,2,3,1,3,1178,4,57,84,1
7.43,252,188,4,5,2,4,581,73,87,79,1
9.56,117,55,0,2,1,2,1303,37,90,81,2
8.37,426,77,2,5,0,0,573,27,22,91,1
9.22,29,221,1,0,3,4,1379,73,84,93,2
7.71,110,46,0,5,1,0,2037,32,19,78,2
6.45,399,431,0,2,0,0,2089,47,66,60,2
7.73,253,137,1,2,2,1,2401,83,82,76,2
7.83,198,415,3,1,2,0,794,63,39,81,1
8.2,294,448,4,2,0,4,1105,94,99,97,1
6.42,341,23,1,4,0,4,1424,6,0,96,2
9.97,296,28,2,1,5,2,1151,90,20,76,1
6.98,286,490,2,7,1,2,300,7,49,77,1
6.79,432,134,0,1,3,0,158,13,9,100,1
8.11,396,350,4,3,3,3,130,7,29,98,1
8.15,488,400,3,7,4,4,836,2,28,70,1
7.76,424,349,3,5,0,0,550,3,2,72,1
9.09,243,280,2,2,2,2,1175,19,11,67,1
8.07,220,475,3,3,4,4,2077,62,92,91,2
8.44,155,291,2,3,0,1,496,76,68,60,1
8.89,382,188,4,5,0,2,1081,69,83,71,1
6.1,235,70,0,7,4,1,201,3,43,71,1
8.28,319,418,2,1,3,4,1245,20,76,94,1
9.54,372,375,4,3,0,3,2402,85,2,66,1
6.07,18,467,2,3,5,0,849,42,17,78,2
7.62,214,205,1,1,4,0,738,50,57,83,2
9.7,366,241,2,1,1,3,1987,82,71,65,1
7.41,113,305,4,0,1,0,914,86,38,94,1
7.83,199,183,3,2,2,0,1509,16,56,60,1
9.93,24,477,2,0,3,1,2020,3,14,99,2
6.8,421,127,0,5,4,0,1853,31,16,99,2
6.26,120,448,4,7,3,1,1831,28,96,84,1
9.44,229,229,3,6,3,0,775,94,15,66,1
9.47,98,40,4,1,4,0,87,84,41,75,1
7.89,345,280,2,4,0,2,1125,49,99,92,1
8.06,2,161,1,3,1,3,380,73,63,60,2
9.34,385,391,1,3,2,2,116,40,3,82,1
8.95,260,311,0,1,0,0,1871,36,21,89,2
7.06,444,339,0,3,3,1,1432,45,69,66,2
6.07,253,157,3,0,3,0,2469,9,78,94,2
7.92,19,323,1,3,4,4,216,99,68,88,1
9.44,203,20,2,4,1,4,1998,91,14,97,1
9.58,293,346,4,7,1,4,2557,83,28,65,1
9.82,463,9,4,2,2,4,2912,22,83,95,1
9.52,356,86,1,5,0,0,929,3,82,91,1
8.32,127,32,1,5,5,4,1410,57,66,68,2
7.78,357,458,4,7,2,3,2812,55,97,79,1
9.1,291,360,3,5,3,0,205,48,59,79,1
8.96,173,338,4,6,5,2,2718,25,31,87,1
8.15,220,202,0,0,3,0,994,42,93,89,2
6.35,354,3,2,2,1,1,1611,85,32,64,2
9.7,368,22,1,2,3,3,997,45,98,77,1
7.82,36,196,1,4,0,0,396,27,82,65,1
7.45,309,308,3,5,0,2,1618,8,0,66,1
8.52,148,368,0,4,2,1,333,84,79,62,1
8.7,404,497,4,4,5,1,1926,4,64,96,1
6.84,91,388,0,4,0,2,1981,19,25,71,2
9.35,69,273,0,5,3,2,2017,40,42,92,2
7.16,83,272,3,0,4,2,434,81,26,83,1
6.75,443,441,3,6,5,2,1540,95,57,79,1
7.63,419,450,4,4,1,4,900,62,53,85,1
8.92,204,106,4,0,1,3,2921,88,45,96,2
9.86,487,368,2,3,1,2,1701,53,24,63,1
9.24,266,377,0,7,4,4,1228,43,18,90,1
9.76,87,199,4,2,3,0,1908,39,8,84,1
6.56,251,439,3,5,0,1,1989,3,29,89,2
6.28,210,423,2,3,3,0,1753,76,44,76,2
8.23,342,342,2,6,2,0,308,67,54,90,1
7.16,30,214,3,7,3,4,2495,25,10,99,2
9.31,356,1,4,3,3,4,591,0,92,73,1
8.69,420,120,3,1,1,2,462,77,34,92,1
9.88,315,102,4,5,3,2,1752,53,16,73,1
7.02,60,148,3,3,4,4,2508,79,100,97,2
7.94,66,435,3,3,1,3,1995,33,57,78,2
8.0,225,151,1,1,2,2,353,4,27,97,1
6.96,412,52,4,5,4,0,973,94,97,76,1
8.36,450,165,0,6,4,2,1689,80,1,92,1
7.77,334,403,1,3,2,2,1000,88,76,73,1
7.79,326,305,1,1,0,3,2768,27,20,88,2
7.45,66,166,1,7,3,4,257,16,41,65,1
6.07,127,315,1,6,3,3,540,21,86,83,2
8.09,110,369,0,0,0,2,735,83,66,87,2
7.34,490,474,1,7,5,3,612,45,75,95,1
6.01,271,363,0,2,2,2,365,40,18,62,2
7.23,300,294,0,4,5,3,1138,80,4,97,2
7.11,33,70,1,3,5,1,311,45,33,63,2
7.57,211,127,2,6,0,1,2666,3,50,97,2
6.53,299,32,0,0,1,2,357,10,41,91,2
8.03,372,156,1,2,1,3,1643,57,42,68,2
8.77,124,329,3,6,1,2,130,38,32,71,1
8.52,102,265,3,6,0,3,2977,13,96,99,2
9.22,480,203,4,6,4,4,676,31,72,93,1
7.81,205,194,0,0,1,3,2718,80,91,92,3
8.08,119,386,0,1,0,3,244,26,66,96,2
9.24,169,460,3,6,1,2,2530,45,93,100,1
7.71,34,108,0,0,1,3,1170,85,20,82,2
8.81,381,158,0,6,3,2,2980,1,18,86,2
7.74,330,282,3,3,0,2,630,62,95,69,1
7.67,245,453,1,3,3,0,2177,77,89,75,2
9.04,339,26,3,5,2,2,2222,44,62,85,1
6.7,413,226,2,4,1,3,2584,37,66,90,2
7.35,308,251,3,7,5,1,277,2,10,63,1
6.9,57,366,3,4,5,4,2765,99,24,94,2
7.44,411,264,1,3,1,3,1600,38,62,93,2
6.92,398,500,3,0,3,3,1802,69,38,73,2
8.32,421,261,3,6,5,3,1677,86,73,100,1
9.19,305,133,1,6,0,0,1419,56,59,60,1
9.15,140,487,3,7,4,1,102,20,44,73,1
7.46,110,25,1,5,5,3,1655,68,0,69,2
9.96,162,42,2,7,4,2,1286,60,46,93,1
8.38,110,18,1,7,2,1,2995,74,49,73,2
7.6,151,15,0,5,0,1,778,25,70,64,2
9.34,375,104,0,6,0,3,960,44,16,61,1
8.92,64,278,1,6,3,2,2034,100,96,63,2
9.0,105,202,3,3,1,1,333,14,93,75,1
6.78,215,207,4,0,1,4,368,85,30,99,1
7.87,90,412,4,3,0,2,1955,67,26,75,1
9.45,401,165,2,2,4,1,515,44,30,70,1
8.02,441,58,2,0,2,1,764,24,89,63,1
8.73,25,496,4,1,3,2,1792,78,17,100,2
8.35,156,47,4,6,0,0,2530,33,72,65,1
9.37,71,147,1,1,2,2,900,4,91,67,2
7.14,43,276,4,6,0,4,1441,2,86,87,1
8.3,89,411,0,6,2,0,2975,82,70,65,2
6.49,132,177,2,4,2,3,1675,54,47,97,2
8.76,160,288,2,2,5,0,2548,60,25,90,2
8.93,231,113,0,7,1,4,549,4,84,96,1
6.17,379,295,2,1,5,4,2900,82,95,95,2
8.7,260,217,4,6,3,4,1981,71,28,70,1
7.66,382,437,2,3,3,1,1893,84,98,75,2
6.5,368,265,0,1,5,0,770,71,55,99,2
7.68,110,161,2,3,1,4,2790,67,90,91,2
6.78,163,328,4,2,4,0,2738,19,57,61,2
7.66,76,35,1,7,5,0,1230,35,67,71,2
7.54,208,74,4,5,3,3,2840,69,30,91,2
8.95,12,457,2,5,1,3,1820,55,74,71,2
9.1,408,493,3,5,2,3,2872,82,97,89,1
8.43,57,134,2,6,2,1,1314,5,45,94,1
6.09,385,370,2,4,3,1,2641,54,12,78,2
9.72,343,485,0,7,2,3,2721,87,64,60,2
8.74,35,271,3,5,3,4,2583,60,83,64,2
6.14,24,178,0,1,0,2,767,4,33,76,2
9.28,33,473,0,4,1,1,2880,28,30,85,2
6.8,139,479,4,5,4,2,396,67,41,88,1
8.32,274,444,1,5,3,1,2052,89,60,63,2
7.87,369,158,2,2,4,0,1247,57,90,71,1
7.68,361,242,3,0,1,4,2495,57,90,94,2
9.56,221,415,2,5,5,1,1196,51,89,87,1
7.75,36,300,0,2,1,0,1400,18,61,82,2
6.3,362,203,1,2,0,4,149,17,14,76,1
9.79,128,282,0,6,1,1,2706,69,26,82,2
9.68,315,277,2,2,2,4,2891,30,41,85,2
8.74,322,142,4,0,5,1,545,0,63,100,1
7.87,432,7,2,0,4,3,2504,5,38,65,2
6.37,217,451,0,2,1,1,423,36,0,69,2
9.16,334,115,3,0,1,1,1183,1,90,90,1
6.3,429,391,3,7,4,0,2293,57,72,98,1
6.27,247,342,3,3,4,3,2843,36,93,72,2
8.15,110,372,3,2,0,2,1395,47,75,85,1
6.64,303,271,3,5,1,4,732,86,8,70,1
6.03,219,175,1,1,2,2,471,43,67,77,2
7.69,195,417,1,3,2,2,681,43,30,70,1
6.55,146,213,4,2,0,3,2843,26,48,96,2
6.64,343,368,3,7,1,3,1431,90,39,78,1
6.31,39,214,0,7,4,3,1825,36,2,61,2
6.82,133,56,0,1,2,0,1434,87,16,84,2
8.86,463,388,2,7,5,0,671,90,33,61,1
9.24,351,228,3,6,5,4,2203,94,41,62,1
7.81,477,299,0,5,1,3,2317,29,31,86,2
8.03,190,326,4,1,0,2,1712,87,38,65,1
6.13,162,36,0,7,0,4,1463,64,53,82,2
6.28,455,473,4,4,5,0,2618,95,42,76,1
7.03,60,379,3,7,4,1,2813,14,65,93,2
8.18,4,283,2,6,0,1,1327,23,10,68,1
8.96,36,323,2,4,0,4,98,10,7,77,1
8.42,459,368,1,6,0,0,1991,49,34,82,1
7.57,216,223,3,1,2,4,2860,29,100,75,2
6.47,224,421,0,2,4,0,1228,17,26,72,2
9.12,486,301,2,2,4,3,2662,32,92,92,2
7.46,215,200,4,2,4,1,2054,2,72,65,2
8.94,138,99,4,7,0,2,346,65,72,73,1
8.05,105,281,0,7,0,3,2511,10,16,84,2
8.95,98,74,0,2,5,2,1289,84,1,100,2
9.63,167,211,3,7,2,4,547,22,21,97,1
9.68,448,436,0,1,0,1,1647,55,60,94,2
8.14,263,190,0,5,2,2,1954,64,80,67,2
8.05,86,367,0,0,4,4,703,51,1,92,2
7.06,83,62,2,7,2,0,2786,6,87,97,2
9.74,223,111,3,7,1,3,487,90,89,73,1
7.83,10,495,0,6,3,0,539,80,16,95,2
6.51,326,421,0,0,0,3,1838,34,66,63,2
7.73,185,142,4,5,4,1,908,15,21,62,1
6.51,349,98,2,5,3,2,2855,50,32,76,2
8.01,378,264,0,6,5,0,2946,52,54,76,2
8.25,431,224,2,7,3,0,943,66,69,77,1
7.35,230,74,3,2,4,2,1124,75,53,76,1
6.29,140,277,3,4,5,2,896,51,41,92,1
9.77,105,197,1,1,3,4,1333,85,39,64,2
9.09,252,183,4,0,2,3,82,83,75,96,1
9.36,443,292,1,5,4,4,1528,96,16,88,1
7.47,48,56,2,1,4,0,2517,70,32,87,2
9.04,450,248,4,4,5,2,952,54,38,70,1
7.94,262,443,0,5,2,1,2582,36,24,92,2
6.8,490,113,4,1,1,0,121,6,57,94,1
6.5,204,468,4,4,1,0,2699,22,95,82,2
7.38,356,139,3,5,3,3,1639,0,77,81,1
6.55,408,390,1,4,4,4,2600,11,95,65,2
9.99,406,449,3,6,2,3,2591,96,45,99,1
6.2,50,358,3,3,5,0,1592,14,95,91,2
7.76,174,40,1,7,4,2,1350,57,5,64,1
7.81,224,407,3,7,5,1,2138,26,93,69,1
7.2,260,473,4,5,5,3,932,79,33,77,1
8.29,479,152,2,4,2,0,387,78,11,63,1
6.6,221,445,0,3,1,4,2668,48,47,77,3
9.14,222,467,0,5,1,3,927,62,49,86,1
7.33,268,231,3,5,3,0,1472,50,20,79,1
8.37,297,104,1,4,5,4,2549,23,45,68,2
8.86,380,105,4,6,5,4,158,56,38,97,1
9.56,388,299,3,4,2,1,1963,44,58,76,1
9.34,406,129,4,1,5,2,1003,49,8,96,1
8.43,317,425,4,6,1,1,424,32,76,98,1
7.55,384,482,0,6,0,4,734,77,76,66,1
8.01,73,160,2,3,1,3,2950,74,100,77,2
9.07,113,400,2,5,4,2,665,25,18,75,1
9.51,218,377,1,0,5,4,1050,75,6,87,2
6.42,53,446,2,0,5,2,2371,97,96,68,3
7.54,199,405,3,7,5,3,2986,100,74,76,2
9.1,371,256,0,1,2,0,173,36,73,76,1
7.73,130,228,0,0,5,0,713,90,77,62,2
7.33,338,349,4,0,0,4,2823,79,74,89,2
7.65,191,493,3,4,5,4,1648,11,52,91,1
8.41,178,453,3,2,1,1,969,46,20,60,1
10.0,385,488,4,2,1,4,28,28,54,65,1
7.97,304,181,4,7,2,0,1021,65,40,97,1
6.83,286,13,0,7,0,0,2285,5,38,93,2
6.65,239,99,3,0,2,1,2367,9,74,75,2
6.17,244,224,2,1,1,3,632,96,26,85,2
8.24,329,357,2,1,3,2,123,1,40,94,1
8.18,116,230,0,3,2,0,2294,81,60,98,2
6.82,207,52,2,1,5,2,1597,48,23,66,2
8.78,484,5,2,1,1,4,2942,15,64,83,2
8.96,211,89,3,4,2,4,1158,69,59,95,1
7.04,258,63,3,4,1,3,320,78,77,76,1
7.38,379,87,1,5,2,2,628,13,100,65,1
9.96,162,32,3,0,1,0,1311,62,90,95,1
7.5,225,71,1,5,0,1,774,2,49,76,1
9.04,340,43,3,1,4,0,1509,40,57,100,1
7.81,419,252,4,2,4,2,959,7,9,63,1
9.17,63,106,3,1,2,2,2722,45,95,78,2
9.08,415,289,1,6,5,0,152,36,10,85,1
8.67,245,417,2,7,1,0,1738,82,93,70,1
9.42,17,407,3,1,4,3,1402,65,57,91,1
9.76,33,1,2,7,4,4,2363,36,78,84,1
8.32,311,135,2,0,2,3,1816,36,35,91,2
6.95,485,116,3,2,5,0,1330,2,64,93,1
7.59,322,408,3,7,2,0,1278,59,85,83,1
9.03,180,120,4,0,2,1,1111,97,73,97,1
8.6,450,477,1,1,3,4,1315,97,29,99,1
6.71,346,287,3,2,0,1,2425,36,87,99,2
6.2,193,311,2,1,0,4,1835,32,6,92,2
8.73,191,93,2,7,0,4,2339,85,96,96,1
7.0,66,6,3,5,1,2,2744,64,11,99,2
